id,name,enhanceId
1,177,947
2,178,948
3,179,949
4,180,950
5,181,951
6,182,952
7,183,953
8,184,954
9,185,955
10,186,956
11,187,957
12,188,958
13,189,959
14,190,960
15,191,961
16,192,962
17,193,963
18,194,964
19,195,965
20,196,966
21,197,967
22,198,968
23,199,969
24,200,970
25,201,971
26,202,972
27,203,973
28,204,974
29,205,975
30,206,976
31,207,977
32,208,978
33,209,979
34,210,980
35,211,981
36,212,982
37,213,983
38,214,984
39,215,985
40,216,986
41,217,987
42,218,988
43,219,989
44,220,990
45,221,991
46,222,992
47,223,993
48,224,994
49,225,995
50,226,996
51,227,997
52,228,998
53,229,999
54,230,1000
55,231,1001
56,232,1002
57,233,1003
58,234,1004
59,235,1005
60,236,1006
61,237,1007
62,238,1008
63,239,1009
64,240,1010
65,241,1011
66,242,1012
67,243,1013
68,244,1014
69,245,1015
70,246,1016
71,247,1017
72,248,1018
73,249,1019
74,250,1020
75,251,1021
76,252,1022
77,253,1023
78,254,1024
79,255,1025
80,256,1026
81,257,1027
82,258,1028
83,259,1029
84,260,1030
85,261,1031
86,262,1032
87,263,1033
88,264,1034
89,265,1035
90,266,1036
91,267,1037
92,268,1038
93,269,1039
94,270,1040
95,271,1041
96,272,1042
97,273,1043
98,274,1044
99,275,1045
100,276,1046
101,277,1047
102,278,1048
103,279,1049
104,280,1050
105,281,1051
106,282,1052
107,283,1053
108,284,1054
109,285,1055
110,286,1056
111,287,1057
112,288,1058
113,289,1059
114,290,1060
115,291,1061
116,292,1062
117,293,1063
118,294,1064
119,295,1065
120,296,1066
121,297,1067
122,298,1068
123,299,1069
124,300,1070
125,301,1071
126,302,1072
127,303,1073
128,304,1074
129,305,1075
130,306,1076
131,307,1077
132,308,1078
133,309,1079
134,310,1080
135,311,1081
136,312,1082
137,313,1083
138,314,1084
139,315,1085
140,316,1086
141,317,1087
142,318,1088
143,319,1089
144,320,1090
145,321,1091
146,322,1092
147,323,1093
148,324,1094
149,325,1095
150,326,1096
151,327,1097
152,328,1098
153,329,1099
154,330,1100
155,331,1101
156,332,1102
157,333,1103
158,334,1104
159,335,1105
160,336,1106
161,337,1107
162,338,1108
163,339,1109
164,340,1110
165,341,1111
166,342,1112
167,343,1113
168,344,1114
169,345,1115
170,346,1116
171,347,1117
172,348,1118
173,349,1119
174,350,1120
175,351,1121
176,352,1122
177,353,1123
178,354,1124
179,355,1125
180,356,1126
181,357,1127
182,358,1128
183,359,1129
184,360,1130
185,361,1131
186,362,1132
187,363,1133
188,364,1134
189,365,1135
190,366,1136
191,367,1137
192,368,1138
193,369,1139
194,370,1140
195,371,1141
196,372,1142
197,373,1143
198,374,1144
199,375,1145
200,376,1146
201,377,1147
202,378,1148
203,379,1149
204,380,1150
205,381,1151
206,382,1152
207,383,1153
208,384,1154
209,385,1155
210,386,1156
211,387,1157
212,388,1158
213,389,1159
214,390,1160
215,391,1161
216,392,1162
217,393,1163
218,394,1164
219,395,1165
220,396,1166
221,397,1167
222,398,1168
223,399,1169
224,400,1170
225,401,1171
226,402,1172
227,403,1173
228,404,1174
229,405,1175
230,406,1176
231,407,1177
232,408,1178
233,409,1179
234,410,1180
235,411,1181
236,412,1182
237,413,1183
238,414,1184
239,415,1185
240,416,1186
241,417,1187
242,418,1188
243,419,1189
244,420,1190
245,421,1191
246,422,1192
247,423,1193
248,424,1194
249,425,1195
250,426,1196
251,427,1197
252,428,1198
253,429,1199
254,430,1200
255,431,1201
256,432,1202
257,433,1203
258,434,1204
259,435,1205
260,436,1206
261,437,1207
262,438,1208
263,439,1209
264,440,1210
265,441,1211
266,442,1212
267,443,1213
268,444,1214
269,445,1215
270,446,1216
271,447,1217
272,448,1218
273,449,1219
274,450,1220
275,451,1221
276,452,1222
277,453,1223
278,454,1224
279,455,1225
280,456,1226
281,457,1227
282,458,1228
283,459,1229
284,460,1230
285,461,1231
286,462,1232
287,463,1233
288,464,1234
289,465,1235
290,466,1236
291,467,1237
292,468,1238
293,469,1239
294,470,1240
295,471,1241
296,472,1242
297,473,1243
298,474,1244
299,475,1245
300,476,1246
301,477,1247
302,478,1248
303,479,1249
304,480,1250
305,481,1251
306,482,1252
307,483,1253
308,484,1254
309,485,1255
310,486,1256
311,487,1257
312,488,1258
313,489,1259
314,490,1260
315,491,1261
316,492,1262
317,493,1263
318,494,1264
319,495,1265
320,496,1266
321,497,1267
322,498,1268
323,499,1269
324,500,1270
325,501,1271
326,502,1272
327,503,1273
328,504,1274
329,505,1275
330,506,1276
331,507,1277
332,508,1278
333,509,1279
334,510,1280
335,511,1281
336,512,1282
337,513,1283
338,514,1284
339,515,1285
340,516,1286
341,517,1287
342,518,1288
343,519,1289
344,520,1290
345,521,1291
346,522,1292
347,523,1293
348,524,1294
349,525,1295
350,526,1296
351,527,1297
352,528,1298
353,529,1299
354,530,1300
355,531,1301
356,532,1302
357,533,1303
358,534,1304
359,535,1305
360,536,1306
361,537,1307
362,538,1308
363,539,1309
364,540,1310
365,541,1311
366,542,1312
367,543,1313
368,544,1314
369,545,1315
370,546,1316
371,547,1317
372,548,1318
373,549,1319
374,550,1320
375,551,1321
376,552,1322
377,553,1323
378,554,1324
379,555,1325
380,556,1326
381,557,1327
382,558,1328
383,559,1329
384,560,1330
385,561,1331
386,562,1332
387,563,1333
388,564,1334
389,565,1335
390,566,1336
391,567,1337
392,568,1338
393,569,1339
394,570,1340
395,571,1341
396,572,1342
397,573,1343
398,574,1344
399,575,1345
400,576,1346
401,577,1347
402,578,1348
403,579,1349
404,580,1350
405,581,1351
406,582,1352
407,583,1353
408,584,1354
409,585,1355
410,586,1356
411,587,1357
412,588,1358
413,589,1359
414,590,1360
415,591,1361
416,592,1362
417,593,1363
418,594,1364
419,595,1365
420,596,1366
421,597,1367
422,598,1368
423,599,1369
424,600,1370
425,601,1371
426,602,1372
427,603,1373
428,604,1374
429,605,1375
430,606,1376
431,607,1377
432,608,1378
433,609,1379
434,610,1380
435,611,1381
436,612,1382
437,613,1383
438,614,1384
439,615,1385
440,616,1386
441,617,1387
442,618,1388
443,619,1389
444,620,1390
445,621,1391
446,622,1392
447,623,1393
448,624,1394
449,625,1395
450,626,1396
451,627,1397
452,628,1398
453,629,1399
454,630,1400
455,631,1401
456,632,1402
457,633,1403
458,634,1404
459,635,1405
460,636,1406
461,637,1407
462,638,1408
463,639,1409
464,640,1410
465,641,1411
466,642,1412
467,643,1413
468,644,1414
469,645,1415
470,646,1416
471,647,1417
472,648,1418
473,649,1419
474,650,1420
475,651,1421
476,652,1422
477,653,1423
478,654,1424
479,655,1425
480,656,1426
481,657,1427
482,658,1428
483,659,1429
484,660,1430
485,661,1431
486,662,1432
487,663,1433
488,664,1434
489,665,1435
490,666,1436
491,667,1437
492,668,1438
493,669,1439
494,670,1440
495,671,1441
496,672,1442
497,673,1443
498,674,1444
499,675,1445
500,676,1446
501,677,1447
502,678,1448
503,679,1449
504,680,1450
505,681,1451
506,682,1452
507,683,1453
508,684,1454
509,685,1455
510,686,1456
511,687,1457
512,688,1458
513,689,1459
514,690,1460
515,691,1461
516,692,1462
517,693,1463
518,694,1464
519,695,1465
520,696,1466
521,697,1467
522,698,1468
523,699,1469
524,700,1470
525,701,1471
526,702,1472
527,703,1473
528,704,1474
529,705,1475
530,706,1476
531,707,1477
532,708,1478
533,709,1479
534,710,1480
535,711,1481
536,712,1482
537,713,1483
538,714,1484
539,715,1485
540,716,1486
541,717,1487
542,718,1488
543,719,1489
544,720,1490
545,721,1491
546,722,1492
547,723,1493
548,724,1494
549,725,1495
550,726,1496
551,727,1497
552,728,1498
553,729,1499
554,730,1500
555,731,1501
556,732,1502
557,733,1503
558,734,1504
559,735,1505
560,736,1506
561,737,1507
562,738,1508
563,739,1509
564,740,1510
565,741,1511
566,742,1512
567,743,1513
568,744,1514
569,745,1515
570,746,1516
571,747,1517
572,748,1518
573,749,1519
574,750,1520
575,751,1521
576,752,1522
577,753,1523
578,754,1524
579,755,1525
580,756,1526
581,757,1527
582,758,1528
583,759,1529
584,760,1530
585,761,1531
586,762,1532
587,763,1533
588,764,1534
589,765,1535
590,766,1536
591,767,1537
592,768,1538
593,769,1539
594,770,1540
595,771,1541
596,772,1542
597,773,1543
598,774,1544
599,775,1545
600,776,1546
601,777,1547
602,778,1548
603,779,1549
604,780,1550
605,781,1551
606,782,1552
607,783,1553
608,784,1554
609,785,1555
610,786,1556
611,787,1557
612,788,1558
613,789,1559
614,790,1560
615,791,1561
616,792,1562
617,793,1563
618,794,1564
619,795,1565
620,796,1566
621,797,1567
622,798,1568
623,799,1569
624,800,1570
625,801,1571
626,802,1572
627,803,1573
628,804,1574
629,805,1575
630,806,1576
631,807,1577
632,808,1578
633,809,1579
634,810,1580
635,811,1581
636,812,1582
637,813,1583
638,814,1584
639,815,1585
640,816,1586
641,817,1587
642,818,1588
643,819,1589
644,820,1590
645,821,1591
646,822,1592
647,823,1593
648,824,1594
649,825,1595
650,826,1596
651,827,1597
652,828,1598
653,829,1599
654,830,1600
655,831,1601
656,832,1602
657,833,1603
658,834,1604
659,835,1605
660,836,1606
661,837,1607
662,838,1608
663,839,1609
664,840,1610
665,841,1611
666,842,1612
667,843,1613
668,844,1614
669,845,1615
670,846,1616
671,847,1617
672,848,1618
673,849,1619
674,850,1620
675,851,1621
676,852,1622
677,853,1623
678,854,1624
679,855,1625
680,856,1626
681,857,1627
682,858,1628
683,859,1629
684,860,1630
685,861,1631
686,862,1632
687,863,1633
688,864,1634
689,865,1635
690,866,1636
691,867,1637
692,868,1638
693,869,1639
694,870,1640
695,871,1641
696,872,1642
697,873,1643
698,874,1644
699,875,1645
700,876,1646
701,877,1647
702,878,1648
703,879,1649
704,880,1650
705,881,1651
706,882,1652
707,883,1653
708,884,1654
709,885,1655
710,886,1656
711,887,1657
712,888,1658
713,889,1659
714,890,1660
715,891,1661
716,892,1662
717,893,1663
718,894,1664
719,895,1665
720,896,1666
721,897,1667
722,898,1668
723,899,1669
724,900,1670
725,901,1671
726,902,1672
727,903,1673
728,904,1674
729,905,1675
730,906,1676
731,907,1677
732,908,1678
733,909,1679
734,910,1680
735,911,1681
736,912,1682
737,913,1683
738,914,1684
739,915,1685
740,916,1686
741,917,1687
742,918,1688
743,919,1689
744,920,1690
745,921,1691
746,922,1692
747,923,1693
748,924,1694
749,925,1695
750,926,1696
751,927,1697
752,928,1698
753,929,1699
754,930,1700
755,931,1701
756,932,1702
757,933,1703
758,934,1704
759,935,1705
760,936,1706
761,937,1707
762,938,1708
763,939,1709
764,940,1710
765,941,1711
766,942,1712
767,943,1713
768,944,1714
769,945,1715
770,946,1716
771,947,1717
772,948,1718
773,949,1719
774,950,1720
775,951,1721
776,952,1722
777,953,1723
778,954,1724
779,955,1725
780,956,1726
781,957,1727
782,958,1728
783,959,1729
784,960,1730
785,961,1731
786,962,1732
787,963,1733
788,964,1734
789,965,1735
790,966,1736
791,967,1737
792,968,1738
793,969,1739
794,970,1740
795,971,1741
796,972,1742
797,973,1743
798,974,1744
799,975,1745
800,976,1746
801,977,1747
802,978,1748
803,979,1749
804,980,1750
805,981,1751
806,982,1752
807,983,1753
808,984,1754
809,985,1755
810,986,1756
811,987,1757
812,988,1758
813,989,1759
814,990,1760
815,991,1761
816,992,1762
817,993,1763
818,994,1764
819,995,1765
820,996,1766
821,997,1767
822,998,1768
823,999,1769
824,1000,1770
825,1001,1771
826,1002,1772
827,1003,1773
828,1004,1774
829,1005,1775
830,1006,1776
831,1007,1777
832,1008,1778
833,1009,1779
834,1010,1780
835,1011,1781
836,1012,1782
837,1013,1783
838,1014,1784
839,1015,1785
840,1016,1786
841,1017,1787
842,1018,1788
843,1019,1789
844,1020,1790
845,1021,1791
846,1022,1792
847,1023,1793
848,1024,1794
849,1025,1795
850,1026,1796
851,1027,1797
852,1028,1798
853,1029,1799
854,1030,1800
855,1031,1801
856,1032,1802
857,1033,1803
858,1034,1804
859,1035,1805
860,1036,1806
861,1037,1807
862,1038,1808
863,1039,1809
864,1040,1810
865,1041,1811
866,1042,1812
867,1043,1813
868,1044,1814
869,1045,1815
870,1046,1816
871,1047,1817
872,1048,1818
873,1049,1819
874,1050,1820
875,1051,1821
876,1052,1822
877,1053,1823
878,1054,1824
879,1055,1825
880,1056,1826
881,1057,1827
882,1058,1828
883,1059,1829
884,1060,1830
885,1061,1831
886,1062,1832
887,1063,1833
888,1064,1834
889,1065,1835
890,1066,1836
891,1067,1837
892,1068,1838
893,1069,1839
894,1070,1840
895,1071,1841
896,1072,1842
897,1073,1843
898,1074,1844
899,1075,1845
900,1076,1846
901,1077,1847
902,1078,1848
903,1079,1849
904,1080,1850
905,1081,1851
906,1082,1852
907,1083,1853
908,1084,1854
909,1085,1855
910,1086,1856
911,1087,1857
912,1088,1858
913,1089,1859
914,1090,1860
915,1091,1861
916,1092,1862
917,1093,1863
918,1094,1864
919,1095,1865
920,1096,1866
921,1097,1867
922,1098,1868
923,1099,1869
924,1100,1870
925,1101,1871
926,1102,1872
927,1103,1873
928,1104,1874
929,1105,1875
930,1106,1876
931,1107,1877
932,1108,1878
933,1109,1879
934,1110,1880
935,1111,1881
936,1112,1882
937,1113,1883
938,1114,1884
939,1115,1885
940,1116,1886
941,1117,1887
942,1118,1888
943,1119,1889
944,1120,1890
945,1121,1891
946,1122,1892
947,1123,1893
948,1124,1894
949,1125,1895
950,1126,1896
951,1127,1897
952,1128,1898
953,1129,1899
954,1130,1900
955,1131,1901
956,1132,1902
957,1133,1903
958,1134,1904
959,1135,1905
960,1136,1906
961,1137,1907
962,1138,1908
963,1139,1909
964,1140,1910
965,1141,1911
966,1142,1912
967,1143,1913
968,1144,1914
969,1145,1915
970,1146,1916
971,1147,1917
972,1148,1918
973,1149,1919
974,1150,1920
975,1151,1921
976,1152,1922
977,1153,1923
978,1154,1924
979,1155,1925
980,1156,1926
981,1157,1927
982,1158,1928
983,1159,1929
984,1160,1930
985,1161,1931
986,1162,1932
987,1163,1933
988,1164,1934
989,1165,1935
990,1166,1936
991,1167,1937
992,1168,1938
993,1169,1939
994,1170,1940
995,1171,1941
996,1172,1942
997,1173,1943
998,1174,1944
999,1175,1945
1000,1176,1946
1001,1177,1947
1002,1178,1948
1003,1179,1949
1004,1180,1950
1005,1181,1951
1006,1182,1952
1007,1183,1953
1008,1184,1954
1009,1185,1955
1010,1186,1956
1011,1187,1957
1012,1188,1958
1013,1189,1959
1014,1190,1960
1015,1191,1961
1016,1192,1962
1017,1193,1963
1018,1194,1964
1019,1195,1965
1020,1196,1966
1021,1197,1967
1022,1198,1968
1023,1199,1969
1024,1200,1970
1025,1201,1971
1026,1202,1972
1027,1203,1973
1028,1204,1974
1029,1205,1975
1030,1206,1976
1031,1207,1977
1032,1208,1978
1033,1209,1979
1034,1210,1980
1035,1211,1981
1036,1212,1982
1037,1213,1983
1038,1214,1984
1039,1215,1985
1040,1216,1986
1041,1217,1987
1042,1218,1988
1043,1219,1989
1044,1220,1990
1045,1221,1991
1046,1222,1992
1047,1223,1993
1048,1224,1994
1049,1225,1995
1050,1226,1996
1051,1227,1997
1052,1228,1998
1053,1229,1999
1054,1230,2000
1055,1231,2001
1056,1232,2002
1057,1233,2003
1058,1234,2004
1059,1235,2005
1060,1236,2006
1061,1237,2007
1062,1238,2008
1063,1239,2009
1064,1240,2010
1065,1241,2011
1066,1242,2012
1067,1243,2013
1068,1244,2014
1069,1245,2015
1070,1246,2016
1071,1247,2017
1072,1248,2018
1073,1249,2019
1074,1250,2020
1075,1251,2021
1076,1252,2022
1077,1253,2023
1078,1254,2024
1079,1255,2025
1080,1256,2026
1081,1257,2027
1082,1258,2028
1083,1259,2029
1084,1260,2030
1085,1261,2031
1086,1262,2032
1087,1263,2033
1088,1264,2034
1089,1265,2035
1090,1266,2036
1091,1267,2037
1092,1268,2038
1093,1269,2039
1094,1270,2040
1095,1271,2041
1096,1272,2042
1097,1273,2043
1098,1274,2044
1099,1275,2045
1100,1276,2046
1101,1277,2047
1102,1278,2048
1103,1279,2049
1104,1280,2050
1105,1281,2051
1106,1282,2052
1107,1283,2053
1108,1284,2054
1109,1285,2055
1110,1286,2056
1111,1287,2057
1112,1288,2058
1113,1289,2059
1114,1290,2060
1115,1291,2061
1116,1292,2062
1117,1293,2063
1118,1294,2064
1119,1295,2065
1120,1296,2066
1121,1297,2067
1122,1298,2068
1123,1299,2069
1124,1300,2070
1125,1301,2071
1126,1302,2072
1127,1303,2073
1128,1304,2074
1129,1305,2075
1130,1306,2076
1131,1307,2077
1132,1308,2078
1133,1309,2079
1134,1310,2080
1135,1311,2081
1136,1312,2082
1137,1313,2083
1138,1314,2084
1139,1315,2085
1140,1316,2086
1141,1317,2087
1142,1318,2088
1143,1319,2089
1144,1320,2090
1145,1321,2091
1146,1322,2092
1147,1323,2093
1148,1324,2094
1149,1325,2095
1150,1326,2096
1151,1327,2097
1152,1328,2098
1153,1329,2099
1154,1330,2100
1155,1331,2101
1156,1332,2102
1157,1333,2103
1158,1334,2104
1159,1335,2105
1160,1336,2106
1161,1337,2107
1162,1338,2108
1163,1339,2109
1164,1340,2110
1165,1341,2111
1166,1342,2112
1167,1343,2113
1168,1344,2114
1169,1345,2115
1170,1346,2116
1171,1347,2117
1172,1348,2118
1173,1349,2119
1174,1350,2120
1175,1351,2121
1176,1352,2122
1177,1353,2123
1178,1354,2124
1179,1355,2125
1180,1356,2126
1181,1357,2127
1182,1358,2128
1183,1359,2129
1184,1360,2130
1185,1361,2131
1186,1362,2132
1187,1363,2133
1188,1364,2134
1189,1365,2135
1190,1366,2136
1191,1367,2137
1192,1368,2138
1193,1369,2139
1194,1370,2140
1195,1371,2141
1196,1372,2142
1197,1373,2143
1198,1374,2144
1199,1375,2145
1200,1376,2146
1201,1377,2147
1202,1378,2148
1203,1379,2149
1204,1380,2150
1205,1381,2151
1206,1382,2152
1207,1383,2153
1208,1384,2154
1209,1385,2155
1210,1386,2156
1211,1387,2157
1212,1388,2158
1213,1389,2159
1214,1390,2160
1215,1391,2161
1216,1392,2162
1217,1393,2163
1218,1394,2164
1219,1395,2165
1220,1396,2166
1221,1397,2167
1222,1398,2168
1223,1399,2169
1224,1400,2170
1225,1401,2171
1226,1402,2172
1227,1403,2173
1228,1404,2174
1229,1405,2175
1230,1406,2176
1231,1407,2177
1232,1408,2178
1233,1409,2179
1234,1410,2180
1235,1411,2181
1236,1412,2182
1237,1413,2183
1238,1414,2184
1239,1415,2185
1240,1416,2186
1241,1417,2187
1242,1418,2188
1243,1419,2189
1244,1420,2190
1245,1421,2191
1246,1422,2192
1247,1423,2193
1248,1424,2194
1249,1425,2195
1250,1426,2196
1251,1427,2197
1252,1428,2198
1253,1429,2199
1254,1430,2200
1255,1431,2201
1256,1432,2202
1257,1433,2203
1258,1434,2204
1259,1435,2205
1260,1436,2206
1261,1437,2207
1262,1438,2208
1263,1439,2209
1264,1440,2210
1265,1441,2211
1266,1442,2212
1267,1443,2213
1268,1444,2214
1269,1445,2215
1270,1446,2216
1271,1447,2217
1272,1448,2218
1273,1449,2219
1274,1450,2220
1275,1451,2221
1276,1452,2222
1277,1453,2223
1278,1454,2224
1279,1455,2225
1280,1456,2226
1281,1457,2227
1282,1458,2228
1283,1459,2229
1284,1460,2230
1285,1461,2231
1286,1462,2232
1287,1463,2233
1288,1464,2234
1289,1465,2235
1290,1466,2236
1291,1467,2237
1292,1468,2238
1293,1469,2239
1294,1470,2240
1295,1471,2241
1296,1472,2242
1297,1473,2243
1298,1474,2244
1299,1475,2245
1300,1476,2246
1301,1477,2247
1302,1478,2248
1303,1479,2249
1304,1480,2250
1305,1481,2251
1306,1482,2252
1307,1483,2253
1308,1484,2254
1309,1485,2255
1310,1486,2256
1311,1487,2257
1312,1488,2258
1313,1489,2259
1314,1490,2260
1315,1491,2261
1316,1492,2262
1317,1493,2263
1318,1494,2264
1319,1495,2265
1320,1496,2266
1321,1497,2267
1322,1498,2268
1323,1499,2269
1324,1500,2270
1325,1501,2271
1326,1502,2272
1327,1503,2273
1328,1504,2274
1329,1505,2275
1330,1506,2276
1331,1507,2277
1332,1508,2278
1333,1509,2279
1334,1510,2280
1335,1511,2281
1336,1512,2282
1337,1513,2283
1338,1514,2284
1339,1515,2285
1340,1516,2286
1341,1517,2287
1342,1518,2288
1343,1519,2289
1344,1520,2290
1345,1521,2291
1346,1522,2292
1347,1523,2293
1348,1524,2294
1349,1525,2295
1350,1526,2296
1351,1527,2297
1352,1528,2298
1353,1529,2299
1354,1530,2300
1355,1531,2301
1356,1532,2302
1357,1533,2303
1358,1534,2304
1359,1535,2305
1360,1536,2306
1361,1537,2307
1362,1538,2308
1363,1539,2309
1364,1540,2310
1365,1541,2311
1366,1542,2312
1367,1543,2313
1368,1544,2314
1369,1545,2315
1370,1546,2316
1371,1547,2317
1372,1548,2318
1373,1549,2319
1374,1550,2320
1375,1551,2321
1376,1552,2322
1377,1553,2323
1378,1554,2324
1379,1555,2325
1380,1556,2326
1381,1557,2327
1382,1558,2328
1383,1559,2329
1384,1560,2330
1385,1561,2331
1386,1562,2332
1387,1563,2333
1388,1564,2334
1389,1565,2335
1390,1566,2336
1391,1567,2337
1392,1568,2338
1393,1569,2339
1394,1570,2340
1395,1571,2341
1396,1572,2342
1397,1573,2343
1398,1574,2344
1399,1575,2345
1400,1576,2346
1401,1577,2347
1402,1578,2348
1403,1579,2349
1404,1580,2350
1405,1581,2351
1406,1582,2352
1407,1583,2353
1408,1584,2354
1409,1585,2355
1410,1586,2356
1411,1587,2357
1412,1588,2358
1413,1589,2359
1414,1590,2360
1415,1591,2361
1416,1592,2362
1417,1593,2363
1418,1594,2364
1419,1595,2365
1420,1596,2366
1421,1597,2367
1422,1598,2368
1423,1599,2369
1424,1600,2370
1425,1601,2371
1426,1602,2372
1427,1603,2373
1428,1604,2374
1429,1605,2375
1430,1606,2376
1431,1607,2377
1432,1608,2378
1433,1609,2379
1434,1610,2380
1435,1611,2381
1436,1612,2382
1437,1613,2383
1438,1614,2384
1439,1615,2385
1440,1616,2386
1441,1617,2387
1442,1618,2388
1443,1619,2389
1444,1620,2390
1445,1621,2391
1446,1622,2392
1447,1623,2393
1448,1624,2394
1449,1625,2395
1450,1626,2396
1451,1627,2397
1452,1628,2398
1453,1629,2399
1454,1630,2400
1455,1631,2401
1456,1632,2402
1457,1633,2403
1458,1634,2404
1459,1635,2405
1460,1636,2406
1461,1637,2407
1462,1638,2408
1463,1639,2409
1464,1640,2410
1465,1641,2411
1466,1642,2412
1467,1643,2413
1468,1644,2414
1469,1645,2415
1470,1646,2416
1471,1647,2417
1472,1648,2418
1473,1649,2419
1474,1650,2420
1475,1651,2421
1476,1652,2422
1477,1653,2423
1478,1654,2424
1479,1655,2425
1480,1656,2426
1481,1657,2427
1482,1658,2428
1483,1659,2429
1484,1660,2430
1485,1661,2431
1486,1662,2432
1487,1663,2433
1488,1664,2434
1489,1665,2435
1490,1666,2436
1491,1667,2437
1492,1668,2438
1493,1669,2439
1494,1670,2440
1495,1671,2441
1496,1672,2442
1497,1673,2443
1498,1674,2444
1499,1675,2445
1500,1676,2446
1501,1677,2447
1502,1678,2448
1503,1679,2449
1504,1680,2450
1505,1681,2451
1506,1682,2452
1507,1683,2453
1508,1684,2454
1509,1685,2455
1510,1686,2456
1511,1687,2457
1512,1688,2458
1513,1689,2459
1514,1690,2460
1515,1691,2461
1516,1692,2462
1517,1693,2463
1518,1694,2464
1519,1695,2465
1520,1696,2466
1521,1697,2467
1522,1698,2468
1523,1699,2469
1524,1700,2470
1525,1701,2471
1526,1702,2472
1527,1703,2473
1528,1704,2474
1529,1705,2475
1530,1706,2476
1531,1707,2477
1532,1708,2478
1533,1709,2479
1534,1710,2480
1535,1711,2481
1536,1712,2482
1537,1713,2483
1538,1714,2484
1539,1715,2485
1540,1716,2486
1541,1717,2487
1542,1718,2488
1543,1719,2489
1544,1720,2490
1545,1721,2491
1546,1722,2492
1547,1723,2493
1548,1724,2494
1549,1725,2495
1550,1726,2496
1551,1727,2497
1552,1728,2498
1553,1729,2499
1554,1730,2500
1555,1731,2501
1556,1732,2502
1557,1733,2503
1558,1734,2504
1559,1735,2505
1560,1736,2506
1561,1737,2507
1562,1738,2508
1563,1739,2509
1564,1740,2510
1565,1741,2511
1566,1742,2512
1567,1743,2513
1568,1744,2514
1569,1745,2515
1570,1746,2516
1571,1747,2517
1572,1748,2518
1573,1749,2519
1574,1750,2520
1575,1751,2521
1576,1752,2522
1577,1753,2523
1578,1754,2524
1579,1755,2525
1580,1756,2526
1581,1757,2527
1582,1758,2528
1583,1759,2529
1584,1760,2530
1585,1761,2531
1586,1762,2532
1587,1763,2533
1588,1764,2534
1589,1765,2535
1590,1766,2536
1591,1767,2537
1592,1768,2538
1593,1769,2539
1594,1770,2540
1595,1771,2541
1596,1772,2542
1597,1773,2543
1598,1774,2544
1599,1775,2545
1600,1776,2546
1601,1777,2547
1602,1778,2548
1603,1779,2549
1604,1780,2550
1605,1781,2551
1606,1782,2552
1607,1783,2553
1608,1784,2554
1609,1785,2555
1610,1786,2556
1611,1787,2557
1612,1788,2558
1613,1789,2559
1614,1790,2560
1615,1791,2561
1616,1792,2562
1617,1793,2563
1618,1794,2564
1619,1795,2565
1620,1796,2566
1621,1797,2567
1622,1798,2568
1623,1799,2569
1624,1800,2570
1625,1801,2571
1626,1802,2572
1627,1803,2573
1628,1804,2574
1629,1805,2575
1630,1806,2576
1631,1807,2577
1632,1808,2578
1633,1809,2579
1634,1810,2580
1635,1811,2581
1636,1812,2582
1637,1813,2583
1638,1814,2584
1639,1815,2585
1640,1816,2586
1641,1817,2587
1642,1818,2588
1643,1819,2589
1644,1820,2590
1645,1821,2591
1646,1822,2592
1647,1823,2593
1648,1824,2594
1649,1825,2595
1650,1826,2596
1651,1827,2597
1652,1828,2598
1653,1829,2599
1654,1830,2600
1655,1831,2601
1656,1832,2602
1657,1833,2603
1658,1834,2604
1659,1835,2605
1660,1836,2606
1661,1837,2607
1662,1838,2608
1663,1839,2609
1664,1840,2610
1665,1841,2611
1666,1842,2612
1667,1843,2613
1668,1844,2614
1669,1845,2615
1670,1846,2616
1671,1847,2617
1672,1848,2618
1673,1849,2619
1674,1850,2620
1675,1851,2621
1676,1852,2622
1677,1853,2623
1678,1854,2624
1679,1855,2625
1680,1856,2626
1681,1857,2627
1682,1858,2628
1683,1859,2629
1684,1860,2630
1685,1861,2631
1686,1862,2632
1687,1863,2633
1688,1864,2634
1689,1865,2635
1690,1866,2636
1691,1867,2637
1692,1868,2638
1693,1869,2639
1694,1870,2640
1695,1871,2641
1696,1872,2642
1697,1873,2643
1698,1874,2644
1699,1875,2645
1700,1876,2646
1701,1877,2647
1702,1878,2648
1703,1879,2649
1704,1880,2650
1705,1881,2651
1706,1882,2652
1707,1883,2653
1708,1884,2654
1709,1885,2655
1710,1886,2656
1711,1887,2657
1712,1888,2658
1713,1889,2659
1714,1890,2660
1715,1891,2661
1716,1892,2662
1717,1893,2663
1718,1894,2664
1719,1895,2665
1720,1896,2666
1721,1897,2667
1722,1898,2668
1723,1899,2669
1724,1900,2670
1725,1901,2671
1726,1902,2672
1727,1903,2673
1728,1904,2674
1729,1905,2675
1730,1906,2676
1731,1907,2677
1732,1908,2678
1733,1909,2679
1734,1910,2680
1735,1911,2681
1736,1912,2682
1737,1913,2683
1738,1914,2684
1739,1915,2685
1740,1916,2686
1741,1917,2687
1742,1918,2688
1743,1919,2689
1744,1920,2690
1745,1921,2691
1746,1922,2692
1747,1923,2693
1748,1924,2694
1749,1925,2695
1750,1926,2696
1751,1927,2697
1752,1928,2698
1753,1929,2699
1754,1930,2700
1755,1931,2701
1756,1932,2702
1757,1933,2703
1758,1934,2704
1759,1935,2705
1760,1936,2706
1761,1937,2707
1762,1938,2708
1763,1939,2709
1764,1940,2710
1765,1941,2711
1766,1942,2712
1767,1943,2713
1768,1944,2714
1769,1945,2715
1770,1946,2716
1771,1947,2717
1772,1948,2718
1773,1949,2719
1774,1950,2720
1775,1951,2721
1776,1952,2722
1777,1953,2723
1778,1954,2724
1779,1955,2725
1780,1956,2726
1781,1957,2727
1782,1958,2728
1783,1959,2729
1784,1960,2730
1785,1961,2731
1786,1962,2732
1787,1963,2733
1788,1964,2734
1789,1965,2735
1790,1966,2736
1791,1967,2737
1792,1968,2738
1793,1969,2739
1794,1970,2740
1795,1971,2741
1796,1972,2742
1797,1973,2743
1798,1974,2744
1799,1975,2745
1800,1976,2746
1801,1977,2747
1802,1978,2748
1803,1979,2749
1804,1980,2750
1805,1981,2751
1806,1982,2752
1807,1983,2753
1808,1984,2754
1809,1985,2755
1810,1986,2756
1811,1987,2757
1812,1988,2758
1813,1989,2759
1814,1990,2760
1815,1991,2761
1816,1992,2762
1817,1993,2763
1818,1994,2764
1819,1995,2765
1820,1996,2766
1821,1997,2767
1822,1998,2768
1823,1999,2769
1824,2000,2770
1825,2001,2771
1826,2002,2772
1827,2003,2773
1828,2004,2774
1829,2005,2775
1830,2006,2776
1831,2007,2777
1832,2008,2778
1833,2009,2779
1834,2010,2780
1835,2011,2781
1836,2012,2782
1837,2013,2783
1838,2014,2784
1839,2015,2785
1840,2016,2786
1841,2017,2787
1842,2018,2788
1843,2019,2789
1844,2020,2790
1845,2021,2791
1846,2022,2792
1847,2023,2793
1848,2024,2794
1849,2025,2795
1850,2026,2796
1851,2027,2797
1852,2028,2798
1853,2029,2799
1854,2030,2800
1855,2031,2801
1856,2032,2802
1857,2033,2803
1858,2034,2804
1859,2035,2805
1860,2036,2806
1861,2037,2807
1862,2038,2808
1863,2039,2809
1864,2040,2810
1865,2041,2811
1866,2042,2812
1867,2043,2813
1868,2044,2814
1869,2045,2815
1870,2046,2816
1871,2047,2817
1872,2048,2818
1873,2049,2819
1874,2050,2820
1875,2051,2821
1876,2052,2822
1877,2053,2823
1878,2054,2824
1879,2055,2825
1880,2056,2826
1881,2057,2827
1882,2058,2828
1883,2059,2829
1884,2060,2830
1885,2061,2831
1886,2062,2832
1887,2063,2833
1888,2064,2834
1889,2065,2835
1890,2066,2836
1891,2067,2837
1892,2068,2838
1893,2069,2839
1894,2070,2840
1895,2071,2841
1896,2072,2842
1897,2073,2843
1898,2074,2844
1899,2075,2845
1900,2076,2846
1901,2077,2847
1902,2078,2848
1903,2079,2849
1904,2080,2850
1905,2081,2851
1906,2082,2852
1907,2083,2853
1908,2084,2854
1909,2085,2855
1910,2086,2856
1911,2087,2857
1912,2088,2858
1913,2089,2859
1914,2090,2860
1915,2091,2861
1916,2092,2862
1917,2093,2863
1918,2094,2864
1919,2095,2865
1920,2096,2866
1921,2097,2867
1922,2098,2868
1923,2099,2869
1924,2100,2870
1925,2101,2871
1926,2102,2872
1927,2103,2873
1928,2104,2874
1929,2105,2875
1930,2106,2876
1931,2107,2877
1932,2108,2878
1933,2109,2879
1934,2110,2880
1935,2111,2881
1936,2112,2882
1937,2113,2883
1938,2114,2884
1939,2115,2885
1940,2116,2886
1941,2117,2887
1942,2118,2888
1943,2119,2889
1944,2120,2890
1945,2121,2891
1946,2122,2892
1947,2123,2893
1948,2124,2894
1949,2125,2895
1950,2126,2896
1951,2127,2897
1952,2128,2898
1953,2129,2899
1954,2130,2900
1955,2131,2901
1956,2132,2902
1957,2133,2903
1958,2134,2904
1959,2135,2905
1960,2136,2906
1961,2137,2907
1962,2138,2908
1963,2139,2909
1964,2140,2910
1965,2141,2911
1966,2142,2912
1967,2143,2913
1968,2144,2914
1969,2145,2915
1970,2146,2916
1971,2147,2917
1972,2148,2918
1973,2149,2919
1974,2150,2920
1975,2151,2921
1976,2152,2922
1977,2153,2923
1978,2154,2924
1979,2155,2925
1980,2156,2926
1981,2157,2927
1982,2158,2928
1983,2159,2929
1984,2160,2930
1985,2161,2931
1986,2162,2932
1987,2163,2933
1988,2164,2934
1989,2165,2935
1990,2166,2936
1991,2167,2937
1992,2168,2938
1993,2169,2939
1994,2170,2940
1995,2171,2941
1996,2172,2942
1997,2173,2943
1998,2174,2944
1999,2175,2945
2000,2176,2946
2001,2177,2947
2002,2178,2948
2003,2179,2949
2004,2180,2950
2005,2181,2951
2006,2182,2952
2007,2183,2953
2008,2184,2954
2009,2185,2955
2010,2186,2956
2011,2187,2957
2012,2188,2958
2013,2189,2959
2014,2190,2960
2015,2191,2961
2016,2192,2962
2017,2193,2963
2018,2194,2964
2019,2195,2965
2020,2196,2966
2021,2197,2967
2022,2198,2968
2023,2199,2969
2024,2200,2970
2025,2201,2971
2026,2202,2972
2027,2203,2973
2028,2204,2974
2029,2205,2975
2030,2206,2976
2031,2207,2977
2032,2208,2978
2033,2209,2979
2034,2210,2980
2035,2211,2981
2036,2212,2982
2037,2213,2983
2038,2214,2984
2039,2215,2985
2040,2216,2986
2041,2217,2987
2042,2218,2988
2043,2219,2989
2044,2220,2990
2045,2221,2991
2046,2222,2992
2047,2223,2993
2048,2224,2994
2049,2225,2995
2050,2226,2996
2051,2227,2997
2052,2228,2998
2053,2229,2999
2054,2230,3000
2055,2231,3001
2056,2232,3002
2057,2233,3003
2058,2234,3004
2059,2235,3005
2060,2236,3006
2061,2237,3007
2062,2238,3008
2063,2239,3009
2064,2240,3010
2065,2241,3011
2066,2242,3012
2067,2243,3013
2068,2244,3014
2069,2245,3015
2070,2246,3016
2071,2247,3017
2072,2248,3018
2073,2249,3019
2074,2250,3020
2075,2251,3021
2076,2252,3022
2077,2253,3023
2078,2254,3024
2079,2255,3025
2080,2256,3026
2081,2257,3027
2082,2258,3028
2083,2259,3029
2084,2260,3030
2085,2261,3031
2086,2262,3032
2087,2263,3033
2088,2264,3034
2089,2265,3035
2090,2266,3036
2091,2267,3037
2092,2268,3038
2093,2269,3039
2094,2270,3040
2095,2271,3041
2096,2272,3042
2097,2273,3043
2098,2274,3044
2099,2275,3045
2100,2276,3046
2101,2277,3047
2102,2278,3048
2103,2279,3049
2104,2280,3050
2105,2281,3051
2106,2282,3052
2107,2283,3053
2108,2284,3054
2109,2285,3055
2110,2286,3056
2111,2287,3057
2112,2288,3058
2113,2289,3059
2114,2290,3060
2115,2291,3061
2116,2292,3062
2117,2293,3063
2118,2294,3064
2119,2295,3065
2120,2296,3066
2121,2297,3067
2122,2298,3068
2123,2299,3069
2124,2300,3070
2125,2301,3071
2126,2302,3072
2127,2303,3073
2128,2304,3074
2129,2305,3075
2130,2306,3076
2131,2307,3077
2132,2308,3078
2133,2309,3079
2134,2310,3080
2135,2311,3081
2136,2312,3082
2137,2313,3083
2138,2314,3084
2139,2315,3085
2140,2316,3086
2141,2317,3087
2142,2318,3088
2143,2319,3089
2144,2320,3090
2145,2321,3091
2146,2322,3092
2147,2323,3093
2148,2324,3094
2149,2325,3095
2150,2326,3096
2151,2327,3097
2152,2328,3098
2153,2329,3099
2154,2330,3100
2155,2331,3101
2156,2332,3102
2157,2333,3103
2158,2334,3104
2159,2335,3105
2160,2336,3106
2161,2337,3107
2162,2338,3108
2163,2339,3109
2164,2340,3110
2165,2341,3111
2166,2342,3112
2167,2343,3113
2168,2344,3114
2169,2345,3115
2170,2346,3116
2171,2347,3117
2172,2348,3118
2173,2349,3119
2174,2350,3120
2175,2351,3121
2176,2352,3122
2177,2353,3123
2178,2354,3124
2179,2355,3125
2180,2356,3126
2181,2357,3127
2182,2358,3128
2183,2359,3129
2184,2360,3130
2185,2361,3131
2186,2362,3132
2187,2363,3133
2188,2364,3134
2189,2365,3135
2190,2366,3136
2191,2367,3137
2192,2368,3138
2193,2369,3139
2194,2370,3140
2195,2371,3141
2196,2372,3142
2197,2373,3143
2198,2374,3144
2199,2375,3145
2200,2376,3146
2201,2377,3147
2202,2378,3148
2203,2379,3149
2204,2380,3150
2205,2381,3151
2206,2382,3152
2207,2383,3153
2208,2384,3154
2209,2385,3155
2210,2386,3156
2211,2387,3157
2212,2388,3158
2213,2389,3159
2214,2390,3160
2215,2391,3161
2216,2392,3162
2217,2393,3163
2218,2394,3164
2219,2395,3165
2220,2396,3166
2221,2397,3167
2222,2398,3168
2223,2399,3169
2224,2400,3170
2225,2401,3171
2226,2402,3172
2227,2403,3173
2228,2404,3174
2229,2405,3175
2230,2406,3176
2231,2407,3177
2232,2408,3178
2233,2409,3179
2234,2410,3180
2235,2411,3181
2236,2412,3182
2237,2413,3183
2238,2414,3184
2239,2415,3185
2240,2416,3186
2241,2417,3187
2242,2418,3188
2243,2419,3189
2244,2420,3190
2245,2421,3191
2246,2422,3192
2247,2423,3193
2248,2424,3194
2249,2425,3195
2250,2426,3196
2251,2427,3197
2252,2428,3198
2253,2429,3199
2254,2430,3200
2255,2431,3201
2256,2432,3202
2257,2433,3203
2258,2434,3204
2259,2435,3205
2260,2436,3206
2261,2437,3207
2262,2438,3208
2263,2439,3209
2264,2440,3210
2265,2441,3211
2266,2442,3212
2267,2443,3213
2268,2444,3214
2269,2445,3215
2270,2446,3216
2271,2447,3217
2272,2448,3218
2273,2449,3219
2274,2450,3220
2275,2451,3221
2276,2452,3222
2277,2453,3223
2278,2454,3224
2279,2455,3225
2280,2456,3226
2281,2457,3227
2282,2458,3228
2283,2459,3229
2284,2460,3230
2285,2461,3231
2286,2462,3232
2287,2463,3233
2288,2464,3234
2289,2465,3235
2290,2466,3236
2291,2467,3237
2292,2468,3238
2293,2469,3239
2294,2470,3240
2295,2471,3241
2296,2472,3242
2297,2473,3243
2298,2474,3244
2299,2475,3245
2300,2476,3246
2301,2477,3247
2302,2478,3248
2303,2479,3249
2304,2480,3250
2305,2481,3251
2306,2482,3252
2307,2483,3253
2308,2484,3254
2309,2485,3255
2310,2486,3256
2311,2487,3257
2312,2488,3258
2313,2489,3259
2314,2490,3260
2315,2491,3261
2316,2492,3262
2317,2493,3263
2318,2494,3264
2319,2495,3265
2320,2496,3266
2321,2497,3267
2322,2498,3268
2323,2499,3269
2324,2500,3270
2325,2501,3271
2326,2502,3272
2327,2503,3273
2328,2504,3274
2329,2505,3275
2330,2506,3276
2331,2507,3277
2332,2508,3278
2333,2509,3279
2334,2510,3280
2335,2511,3281
2336,2512,3282
2337,2513,3283
2338,2514,3284
2339,2515,3285
2340,2516,3286
2341,2517,3287
2342,2518,3288
2343,2519,3289
2344,2520,3290
2345,2521,3291
2346,2522,3292
2347,2523,3293
2348,2524,3294
2349,2525,3295
2350,2526,3296
2351,2527,3297
2352,2528,3298
2353,2529,3299
2354,2530,3300
2355,2531,3301
2356,2532,3302
2357,2533,3303
2358,2534,3304
2359,2535,3305
2360,2536,3306
2361,2537,3307
2362,2538,3308
2363,2539,3309
2364,2540,3310
2365,2541,3311
2366,2542,3312
2367,2543,3313
2368,2544,3314
2369,2545,3315
2370,2546,3316
2371,2547,3317
2372,2548,3318
2373,2549,3319
2374,2550,3320
2375,2551,3321
2376,2552,3322
2377,2553,3323
2378,2554,3324
2379,2555,3325
2380,2556,3326
2381,2557,3327
2382,2558,3328
2383,2559,3329
2384,2560,3330
2385,2561,3331
2386,2562,3332
2387,2563,3333
2388,2564,3334
2389,2565,3335
2390,2566,3336
2391,2567,3337
2392,2568,3338
2393,2569,3339
2394,2570,3340
2395,2571,3341
2396,2572,3342
2397,2573,3343
2398,2574,3344
2399,2575,3345
2400,2576,3346
2401,2577,3347
2402,2578,3348
2403,2579,3349
2404,2580,3350
2405,2581,3351
2406,2582,3352
2407,2583,3353
2408,2584,3354
2409,2585,3355
2410,2586,3356
2411,2587,3357
2412,2588,3358
2413,2589,3359
2414,2590,3360
2415,2591,3361
2416,2592,3362
2417,2593,3363
2418,2594,3364
2419,2595,3365
2420,2596,3366
2421,2597,3367
2422,2598,3368
2423,2599,3369
2424,2600,3370
2425,2601,3371
2426,2602,3372
2427,2603,3373
2428,2604,3374
2429,2605,3375
2430,2606,3376
2431,2607,3387
2432,2608,3398
2433,2609,3399
2434,2610,3400
2435,2611,3401
2436,2612,3402
2437,2613,3403
2438,2614,3404
2439,2615,3405
2440,2616,3406
2441,2617,3407
2442,2618,3408
2443,2619,3409
2444,2620,3410
2445,2621,3411
2446,2622,3412
2447,2623,3413
2448,2624,3414
2449,2625,3415
2450,2626,3416
2451,2627,3417
2452,2628,3418
2453,2629,3419
2454,2630,3420
2455,2631,3421
2456,2632,3422
2457,2633,3423
2458,2634,3424
2459,2635,3425
2460,2636,3426
2461,2637,3427
2462,2638,3428
2463,2639,3429
2464,2640,3430
2465,2641,3431
2466,2642,3432
2467,2643,3433
2468,2644,3434
2469,2645,3435
2470,2646,3436
2471,2647,3437
2472,2648,3438
2473,2649,3439
2474,2650,3440
2475,2651,3441
2476,2652,3442
2477,2653,3443
2478,2654,3444
2479,2655,3445
2480,2656,3446
2481,2657,3447
2482,2658,3448
2483,2659,3449
2484,2660,3450
2485,2661,3451
2486,2662,3452
2487,2663,3453
2488,2664,3454
2489,2665,3455
2490,2666,3456
2491,2667,3457
2492,2668,3458
2493,2669,3459
2494,2670,3460
2495,2671,3461
2496,2672,3462
2497,2673,3463
2498,2674,3464
2499,2675,3465
2500,2676,3466
2501,2677,3467
2502,2678,3468
2503,2679,3469
2504,2680,3470
2505,2681,3471
2506,2682,3472
2507,2683,3473
2508,2684,3474
2509,2685,3475
2510,2686,3476
2511,2687,3477
2512,2688,3478
2513,2689,3479
2514,2690,3480
2515,2691,3481
2516,2692,3482
2517,2693,3483
2518,2694,3484
2519,2695,3485
2520,2696,3486
2521,2697,3487
2522,2698,3488
2523,2699,3489
2524,2700,3490
2525,2701,3491
2526,2702,3492
2527,2703,3493
2528,2704,3494
2529,2705,3495
2530,2706,3496
2531,2707,3497
2532,2708,3498
2533,2709,3499
2534,2710,3500
2535,2711,3501
2536,2712,3502
2537,2713,3503
2538,2714,3504
2539,2715,3505
2540,2716,3506
2541,2717,3507
2542,2718,3508
2543,2719,3509
2544,2720,3510
2545,2721,3511
2546,2722,3512
2547,2723,3513
2548,2724,3514
2549,2725,3515
2550,2726,3516
2551,2727,3517
2552,2728,3518
2553,2729,3519
2554,2730,3520
2555,2731,3521
2556,2732,3522
2557,2733,3523
2558,2734,3524
2559,2735,3525
2560,2736,3526
2561,2737,3527
2562,2738,3528
2563,2739,3529
2564,2740,3530
2565,2741,3531
2566,2742,3532
2567,2743,3533
2568,2744,3534
2569,2745,3535
2570,2746,3536
2571,2747,3537
2572,2748,3538
2573,2749,3539
2574,2750,3540
2575,2751,3541
2576,2752,3542
2577,2753,3543
2578,2754,3544
2579,2755,3545
2580,2756,3546
2581,2757,3547
2582,2758,3548
2583,2759,3549
2584,2760,3550
2585,2761,3551
2586,2762,3552
2587,2763,3553
2588,2764,3554
2589,2765,3555
2590,2766,3556
2591,2767,3557
2592,2768,3558
2593,2769,3559
2594,2770,3560
2595,2771,3561
2596,2772,3562
2597,2773,3563
2598,2774,3564
2599,2775,3565
2600,2776,3566
2601,2777,3567
2602,2778,3568
2603,2779,3569
2604,2780,3570
2605,2781,3571
2606,2782,3572
2607,2783,3573
2608,2784,3574
2609,2785,3575
2610,2786,3576
2611,2787,3577
2612,2788,3578
2613,2789,3579
2614,2790,3580
2615,2791,3581
2616,2792,3582
2617,2793,3583
2618,2794,3584
2619,2795,3585
2620,2796,3586
2621,2797,3587
2622,2798,3588
2623,2799,3589
2624,2800,3590
2625,2801,3591
2626,2802,3592
2627,2803,3593
2628,2804,3594
2629,2805,3595
2630,2806,3596
2631,2807,3597
2632,2808,3598
2633,2809,3599
2634,2810,3600
2635,2811,3601
2636,2812,3602
2637,2813,3603
2638,2814,3604
2639,2815,3605
2640,2816,3606
2641,2817,3607
2642,2818,3608
2643,2819,3609
2644,2820,3610
2645,2821,3611
2646,2822,3612
2647,2823,3613
2648,2824,3614
2649,2825,3615
2650,2826,3616
2651,2827,3617
2652,2828,3618
2653,2829,3619
2654,2830,3620
2655,2831,3621
2656,2832,3622
2657,2833,3623
2658,2834,3624
2659,2835,3625
2660,2836,3626
2661,2837,3627
2662,2838,3628
2663,2839,3629
2664,2840,3630
2665,2841,3631
2666,2842,3632
2667,2843,3633
2668,2844,3634
2669,2845,3635
2670,2846,3636
2671,2847,3637
2672,2848,3638
2673,2849,3639
2674,2850,3640
2675,2851,3641
2676,2852,3642
2677,2853,3643
2678,2854,3644
2679,2855,3645
2680,2856,3646
2681,2857,3647
2682,2858,3648
2683,2859,3649
2684,2860,3650
2685,2861,3651
2686,2862,3652
2687,2863,3653
2688,2864,3654
2689,2865,3655
2690,2866,3656
2691,2867,3657
2692,2868,3658
2693,2869,3659
2694,2870,3660
2695,2871,3661
2696,2872,3662
2697,2873,3663
2698,2874,3664
2699,2875,3665
2700,2876,3666
2701,2877,3667
2702,2878,3668
2703,2879,3669
2704,2880,3670
2705,2881,3671
2706,2882,3672
2707,2883,3673
2708,2884,3674
2709,2885,3675
2710,2886,3676
2711,2887,3677
2712,2888,3678
2713,2889,3679
2714,2890,3680
2715,2891,3681
2716,2892,3682
2717,2893,3683
2718,2894,3684
2719,2895,3685
2720,2896,3686
2721,2897,3687
2722,2898,3688
2723,2899,3689
2724,2900,3690
2725,2901,3691
2726,2902,3692
2727,2903,3693
2728,2904,3694
2729,2905,3695
2730,2906,3696
2731,2907,3697
2732,2908,3698
2733,2909,3699
2734,2910,3700
2735,2911,3701
2736,2912,3702
2737,2913,3703
2738,2914,3704
2739,2915,3705
2740,2916,3706
2741,2917,3707
2742,2918,3708
2743,2919,3709
2744,2920,3710
2745,2921,3711
2746,2922,3712
2747,2923,3713
2748,2924,3714
2749,2925,3715
2750,2926,3716
2751,2927,3717
2752,2928,3718
2753,2929,3719
2754,2930,3720
2755,2931,3721
2756,2932,3722
2757,2933,3723
2758,2934,3724
2759,2935,3725
2760,2936,3726
2761,2937,3727
2762,2938,3728
2763,2939,3729
2764,2940,3730
2765,2941,3731
2766,2942,3732
2767,2943,3733
2768,2944,3734
2769,2945,3735
2770,2946,3736
2771,2947,3737
2772,2948,3738
2773,2949,3739
2774,2950,3740
2775,2951,3741
2776,2952,3742
2777,2953,3743
2778,2954,3744
2779,2955,3745
2780,2956,3746
2781,2957,3747
2782,2958,3748
2783,2959,3749
2784,2960,3750
2785,2961,3751
2786,2962,3752
2787,2963,3753
2788,2964,3754
2789,2965,3755
2790,2966,3756
2791,2967,3757
2792,2968,3758
2793,2969,3759
2794,2970,3760
2795,2971,3761
2796,2972,3762
2797,2973,3763
2798,2974,3764
2799,2975,3765
2800,2976,3766
2801,2977,3767
2802,2978,3768
2803,2979,3769
2804,2980,3770
2805,2981,3771
2806,2982,3772
2807,2983,3773
2808,2984,3774
2809,2985,3775
2810,2986,3776
2811,2987,3777
2812,2988,3778
2813,2989,3779
2814,2990,3780
2815,2991,3781
2816,2992,3782
2817,2993,3783
2818,2994,3784
2819,2995,3785
2820,2996,3786
2821,2997,3787
2822,2998,3788
2823,2999,3789
2824,3000,3790
2825,3001,3791
2826,3002,3792
2827,3003,3793
2828,3004,3794
2829,3005,3795
2830,3006,3796
2831,3007,3797
2832,3008,3798
2833,3009,3799
2834,3010,3800
2835,3011,3801
2836,3012,3802
2837,3013,3803
2838,3014,3804
2839,3015,3805
2840,3016,3806
2841,3017,3807
2842,3018,3808
2843,3019,3809
2844,3020,3810
2845,3021,3811
2846,3022,3812
2847,3023,3813
2848,3024,3814
2849,3025,3815
2850,3026,3816
2851,3027,3817
2852,3028,3818
2853,3029,3819
2854,3030,3820
2855,3031,3821
2856,3032,3822
2857,3033,3823
2858,3034,3824
2859,3035,3825
2860,3036,3826
2861,3037,3827
2862,3038,3828
2863,3039,3829
2864,3040,3830
2865,3041,3831
2866,3042,3832
2867,3043,3833
2868,3044,3834
2869,3045,3835
2870,3046,3836
2871,3047,3837
2872,3048,3838
2873,3049,3839
2874,3050,3840
2875,3051,3841
2876,3052,3842
2877,3053,3843
2878,3054,3844
2879,3055,3845
2880,3056,3846
2881,3057,3847
2882,3058,3848
2883,3059,3849
2884,3060,3850
2885,3061,3851
2886,3062,3852
2887,3063,3853
2888,3064,3854
2889,3065,3855
2890,3066,3856
2891,3067,3857
2892,3068,3858
2893,3069,3859
2894,3070,3860
2895,3071,3861
2896,3072,3862
2897,3073,3863
2898,3074,3864
2899,3075,3865
2900,3076,3866
2901,3077,3867
2902,3078,3868
2903,3079,3869
2904,3080,3870
2905,3081,3871
2906,3082,3872
2907,3083,3873
2908,3084,3874
2909,3085,3875
2910,3086,3876
2911,3087,3877
2912,3088,3878
2913,3089,3879
2914,3090,3880
2915,3091,3881
2916,3092,3882
2917,3093,3883
2918,3094,3884
2919,3095,3885
2920,3096,3886
2921,3097,3887
2922,3098,3888
2923,3099,3889
2924,3100,3890
2925,3101,3891
2926,3102,3892
2927,3103,3893
2928,3104,3894
2929,3105,3895
2930,3106,3896
2931,3107,3897
2932,3108,3898
2933,3109,3899
2934,3110,3900
2935,3111,3901
2936,3112,3902
2937,3113,3903
2938,3114,3904
2939,3115,3905
2940,3116,3906
2941,3117,3907
2942,3118,3908
2943,3119,3909
2944,3120,3910
2945,3121,3911
2946,3122,3912
2947,3123,3913
2948,3124,3914
2949,3125,3915
2950,3126,3916
2951,3127,3917
2952,3128,3918
2953,3129,3919
2954,3130,3920
2955,3131,3921
2956,3132,3922
2957,3133,3923
2958,3134,3924
2959,3135,3925
2960,3136,3926
2961,3137,3927
2962,3138,3928
2963,3139,3929
2964,3140,3930
2965,3141,3931
2966,3142,3932
2967,3143,3933
2968,3144,3934
2969,3145,3935
2970,3146,3936
2971,3147,3937
2972,3148,3938
2973,3149,3939
2974,3150,3940
2975,3151,3941
2976,3152,3942
2977,3153,3943
2978,3154,3944
2979,3155,3945
2980,3156,3946
2981,3157,3947
2982,3158,3948
2983,3159,3949
2984,3160,3950
2985,3161,3951
2986,3162,3952
2987,3163,3953
2988,3164,3954
2989,3165,3955
2990,3166,3956
2991,3167,3957
2992,3168,3958
2993,3169,3959
2994,3170,3960
2995,3171,3961
2996,3172,3962
2997,3173,3963
2998,3174,3964
2999,3175,3965
3000,3176,3966
3001,3177,3967
3002,3178,3968
3003,3179,3969
3004,3180,3970
3005,3181,3971
3006,3182,3972
3007,3183,3973
3008,3184,3974
3009,3185,3975
3010,3186,3976
3011,3187,3977
3012,3188,3978
3013,3189,3979
3014,3190,3980
3015,3191,3981
3016,3192,3982
3017,3193,3983
3018,3194,3984
3019,3195,3985
3020,3196,3986
3021,3197,3987
3022,3198,3988
3023,3199,3989
3024,3200,3990
3025,3201,3991
3026,3202,3992
3027,3203,3993
3028,3204,3994
3029,3205,3995
3030,3206,3996
3031,3207,3997
3032,3208,3998
3033,3209,3999
3034,3210,4000
3035,3211,4001
3036,3212,4002
3037,3213,4003
3038,3214,4004
3039,3215,4005
3040,3216,4006
3041,3217,4007
3042,3218,4008
3043,3219,4009
3044,3220,4010
3045,3221,4011
3046,3222,4012
3047,3223,4013
3048,3224,4014
3049,3225,4015
3050,3226,4016
3051,3227,4017
3052,3228,4018
3053,3229,4019
3054,3230,4020
3055,3231,4021
3056,3232,4022
3057,3233,4023
3058,3234,4024
3059,3235,4025
3060,3236,4026
3061,3237,4027
3062,3238,4028
3063,3239,4029
3064,3240,4030
3065,3241,4031
3066,3242,4032
3067,3243,4033
3068,3244,4034
3069,3245,4035
3070,3246,4036
3071,3247,4037
3072,3248,4038
3073,3249,4039
3074,3250,4040
3075,3251,4041
3076,3252,4042
3077,3253,4043
3078,3254,4044
3079,3255,4045
3080,3256,4046
3081,3257,4047
3082,3258,4048
3083,3259,4049
3084,3260,4050
3085,3261,4051
3086,3262,4052
3087,3263,4053
3088,3264,4054
3089,3265,4055
3090,3266,4056
3091,3267,4057
3092,3268,4058
3093,3269,4059
3094,3270,4060
3095,3271,4061
3096,3272,4062
3097,3273,4063
3098,3274,4064
3099,3275,4065
3100,3276,4066
3101,3277,4067
3102,3278,4068
3103,3279,4069
3104,3280,4070
3105,3281,4071
3106,3282,4072
3107,3283,4073
3108,3284,4074
3109,3285,4075
3110,3286,4076
3111,3287,4077
3112,3288,4078
3113,3289,4079
3114,3290,4080
3115,3291,4081
3116,3292,4082
3117,3293,4083
3118,3294,4084
3119,3295,4085
3120,3296,4086
3121,3297,4087
3122,3298,4088
3123,3299,4089
3124,3300,4090
3125,3301,4091
3126,3302,4092
3127,3303,4093
3128,3304,4094
3129,3305,4095
3130,3306,4096
3131,3307,4097
3132,3308,4098
3133,3309,4099
3134,3310,4100
3135,3311,4101
3136,3312,4102
3137,3313,4103
3138,3314,4104
3139,3315,4105
3140,3316,4106
3141,3317,4107
3142,3318,4108
3143,3319,4109
3144,3320,4110
3145,3321,4111
3146,3322,4112
3147,3323,4113
3148,3324,4114
3149,3325,4115
3150,3326,4116
3151,3327,4117
3152,3328,4118
3153,3329,4119
3154,3330,4120
3155,3331,4121
3156,3332,4122
3157,3333,4123
3158,3334,4124
3159,3335,4125
3160,3336,4126
3161,3337,4127
3162,3338,4128
3163,3339,4129
3164,3340,4130
3165,3341,4131
3166,3342,4132
3167,3343,4133
3168,3344,4134
3169,3345,4135
3170,3346,4136
3171,3347,4137
3172,3348,4138
3173,3349,4139
3174,3350,4140
3175,3351,4141
3176,3352,4142
3177,3353,4143
3178,3354,4144
3179,3355,4145
3180,3356,4146
3181,3357,4147
3182,3358,4148
3183,3359,4149
3184,3360,4150
3185,3361,4151
3186,3362,4152
3187,3363,4153
3188,3364,4154
3189,3365,4155
3190,3366,4156
3191,3367,4157
3192,3368,4158
3193,3369,4159
3194,3370,4160
3195,3371,4161
3196,3372,4162
3197,3373,4163
3198,3374,4164
3199,3375,4165
3200,3376,4166
3201,3377,4167
3202,3378,4168
3203,3379,4169
3204,3380,4170
3205,3381,4171
3206,3382,4172
3207,3383,4173
3208,3384,4174
3209,3385,4175
3210,3386,4176
3211,3387,4177
3212,3388,4178
3213,3389,4179
3214,3390,4180
3215,3391,4181
3216,3392,4182
3217,3393,4183
3218,3394,4184
3219,3395,4185
3220,3396,4186
3221,3397,4187
3222,3398,4188
3223,3399,4189
3224,3400,4190
3225,3401,4191
3226,3402,4192
3227,3403,4193
3228,3404,4194
3229,3405,4195
3230,3406,4196
3231,3407,4197
3232,3408,4198
3233,3409,4199
3234,3410,4200
3235,3411,4201
3236,3412,4202
3237,3413,4203
3238,3414,4204
3239,3415,4205
3240,3416,4206
3241,3417,4207
3242,3418,4208
3243,3419,4209
3244,3420,4210
3245,3421,4211
3246,3422,4212
3247,3423,4213
3248,3424,4214
3249,3425,4215
3250,3426,4216
3251,3427,4217
3252,3428,4218
3253,3429,4219
3254,3430,4220
3255,3431,4221
3256,3432,4222
3257,3433,4223
3258,3434,4224
3259,3435,4225
3260,3436,4226
3261,3437,4227
3262,3438,4228
3263,3439,4229
3264,3440,4230
3265,3441,4231
3266,3442,4232
3267,3443,4233
3268,3444,4234
3269,3445,4235
3270,3446,4236
3271,3447,4237
3272,3448,4238
3273,3449,4239
3274,3450,4240
3275,3451,4241
3276,3452,4242
3277,3453,4243
3278,3454,4244
3279,3455,4245
3280,3456,4246
3281,3457,4247
3282,3458,4248
3283,3459,4249
3284,3460,4250
3285,3461,4251
3286,3462,4252
3287,3463,4253
3288,3464,4254
3289,3465,4255
3290,3466,4256
3291,3467,4257
3292,3468,4258
3293,3469,4259
3294,3470,4260
3295,3471,4261
3296,3472,4262
3297,3473,4263
3298,3474,4264
3299,3475,4265
3300,3476,4266
3301,3477,4267
3302,3478,4268
3303,3479,4269
3304,3480,4270
3305,3481,4271
3306,3482,4272
3307,3483,4273
3308,3484,4274
3309,3485,4275
3310,3486,4276
3311,3487,4277
3312,3488,4278
3313,3489,4279
3314,3490,4280
3315,3491,4281
3316,3492,4282
3317,3493,4283
3318,3494,4284
3319,3495,4285
3320,3496,4286
3321,3497,4287
3322,3498,4288
3323,3499,4289
3324,3500,4290
3325,3501,4291
3326,3502,4292
3327,3503,4293
3328,3504,4294
3329,3505,4295
3330,3506,4296
3331,3507,4297
3332,3508,4298
3333,3509,4299
3334,3510,4300
3335,3511,4301
3336,3512,4302
3337,3513,4303
3338,3514,4304
3339,3515,4305
3340,3516,4306
3341,3517,4307
3342,3518,4308
3343,3519,4309
3344,3520,4310
3345,3521,4311
3346,3522,4312
3347,3523,4313
3348,3524,4314
3349,3525,4315
3350,3526,4316
3351,3527,4317
3352,3528,4318
3353,3529,4319
3354,3530,4320
3355,3531,4321
3356,3532,4322
3357,3533,4323
3358,3534,4324
3359,3535,4325
3360,3536,4326
3361,3537,4327
3362,3538,4328
3363,3539,4329
3364,3540,4330
3365,3541,4331
3366,3542,4332
3367,3543,4333
3368,3544,4334
3369,3545,4335
3370,3546,4336
3371,3547,4337
3372,3548,4338
3373,3549,4339
3374,3550,4340
3375,3551,4341
3376,3552,4342
3377,3553,4343
3378,3554,4344
3379,3555,4345
3380,3556,4346
3381,3557,4347
3382,3558,4348
3383,3559,4349
3384,3560,4350
3385,3561,4351
3386,3562,4352
3387,3563,4353
3388,3564,4354
3389,3565,4355
3390,3566,4356
3391,3567,4357
3392,3568,4358
3393,3569,4359
3394,3570,4360
3395,3571,4361
3396,3572,4362
3397,3573,4363
3398,3574,4364
3399,3575,4365
3400,3576,4366
3401,3577,4367
3402,3578,4368
3403,3579,4369
3404,3580,4370
3405,3581,4371
3406,3582,4372
3407,3583,4373
3408,3584,4374
3409,3585,4375
3410,3586,4376
3411,3587,4377
3412,3588,4378
3413,3589,4379
3414,3590,4380
3415,3591,4381
3416,3592,4382
3417,3593,4383
3418,3594,4384
3419,3595,4385
3420,3596,4386
3421,3597,4387
3422,3598,4388
3423,3599,4389
3424,3600,4390
3425,3601,4391
3426,3602,4392
3427,3603,4393
3428,3604,4394
3429,3605,4395
3430,3606,4396
3431,3607,4397
3432,3608,4398
3433,3609,4399
3434,3610,4400
3435,3611,4401
3436,3612,4402
3437,3613,4403
3438,3614,4404
3439,3615,4405
3440,3616,4406
3441,3617,4407
3442,3618,4408
3443,3619,4409
3444,3620,4410
3445,3621,4411
3446,3622,4412
3447,3623,4413
3448,3624,4414
3449,3625,4415
3450,3626,4416
3451,3627,4417
3452,3628,4418
3453,3629,4419
3454,3630,4420
3455,3631,4421
3456,3632,4422
3457,3633,4423
3458,3634,4424
3459,3635,4425
3460,3636,4426
3461,3637,4427
3462,3638,4428
3463,3639,4429
3464,3640,4430
3465,3641,4431
3466,3642,4432
3467,3643,4433
3468,3644,4434
3469,3645,4435
3470,3646,4436
3471,3647,4437
3472,3648,4438
3473,3649,4439
3474,3650,4440
3475,3651,4441
3476,3652,4442
3477,3653,4443
3478,3654,4444
3479,3655,4445
3480,3656,4446
3481,3657,4447
3482,3658,4448
3483,3659,4449
3484,3660,4450
3485,3661,4451
3486,3662,4452
3487,3663,4453
3488,3664,4454
3489,3665,4455
3490,3666,4456
3491,3667,4457
3492,3668,4458
3493,3669,4459
3494,3670,4460
3495,3671,4461
3496,3672,4462
3497,3673,4463
3498,3674,4464
3499,3675,4465
3500,3676,4466
3501,3677,4467
3502,3678,4468
3503,3679,4469
3504,3680,4470
3505,3681,4471
3506,3682,4472
3507,3683,4473
3508,3684,4474
3509,3685,4475
3510,3686,4476
3511,3687,4477
3512,3688,4478
3513,3689,4479
3514,3690,4480
3515,3691,4481
3516,3692,4482
3517,3693,4483
3518,3694,4484
3519,3695,4485
3520,3696,4486
3521,3697,4487
3522,3698,4488
3523,3699,4489
3524,3700,4490
3525,3701,4491
3526,3702,4492
3527,3703,4493
3528,3704,4494
3529,3705,4495
3530,3706,4496
3531,3707,4497
3532,3708,4498
3533,3709,4499
3534,3710,4500
3535,3711,4501
3536,3712,4502
3537,3713,4503
3538,3714,4504
3539,3715,4505
3540,3716,4506
3541,3717,4507
3542,3718,4508
3543,3719,4509
3544,3720,4510
3545,3721,4511
3546,3722,4512
3547,3723,4513
3548,3724,4514
3549,3725,4515
3550,3726,4516
3551,3727,4517
3552,3728,4518
3553,3729,4519
3554,3730,4520
3555,3731,4521
3556,3732,4522
3557,3733,4523
3558,3734,4524
3559,3735,4525
3560,3736,4526
3561,3737,4527
3562,3738,4528
3563,3739,4529
3564,3740,4530
3565,3741,4531
3566,3742,4532
3567,3743,4533
3568,3744,4534
3569,3745,4535
3570,3746,4536
3571,3747,4537
3572,3748,4538
3573,3749,4539
3574,3750,4540
3575,3751,4541
3576,3752,4542
3577,3753,4543
3578,3754,4544
3579,3755,4545
3580,3756,4546
3581,3757,4547
3582,3758,4548
3583,3759,4549
3584,3760,4550
3585,3761,4551
3586,3762,4552
3587,3763,4553
3588,3764,4554
3589,3765,4555
3590,3766,4556
3591,3767,4557
3592,3768,4558
3593,3769,4559
3594,3770,4560
3595,3771,4561
3596,3772,4562
3597,3773,4563
3598,3774,4564
3599,3775,4565
3600,3776,4566
3601,3777,4567
3602,3778,4568
3603,3779,4569
3604,3780,4570
3605,3781,4571
3606,3782,4572
3607,3783,4573
3608,3784,4574
3609,3785,4575
3610,3786,4576
3611,3787,4577
3612,3788,4578
3613,3789,4579
3614,3790,4580
3615,3791,4581
3616,3792,4582
3617,3793,4583
3618,3794,4584
3619,3795,4585
3620,3796,4586
3621,3797,4587
3622,3798,4588
3623,3799,4589
3624,3800,4590
3625,3801,4591
3626,3802,4592
3627,3803,4593
3628,3804,4594
3629,3805,4595
3630,3806,4596
3631,3807,4597
3632,3808,4598
3633,3809,4599
3634,3810,4600
3635,3811,4601
3636,3812,4602
3637,3813,4603
3638,3814,4604
3639,3815,4605
3640,3816,4606
3641,3817,4607
3642,3818,4608
3643,3819,4609
3644,3820,4610
3645,3821,4611
3646,3822,4612
3647,3823,4613
3648,3824,4614
3649,3825,4615
3650,3826,4616
3651,3827,4617
3652,3828,4618
3653,3829,4619
3654,3830,4620
3655,3831,4621
3656,3832,4622
3657,3833,4623
3658,3834,4624
3659,3835,4625
3660,3836,4626
3661,3837,4627
3662,3838,4628
3663,3839,4629
3664,3840,4630
3665,3841,4631
3666,3842,4632
3667,3843,4633
