ID,Name,enhanceID
1,1,4634
2,2,4635
3,3,4636
4,4,4637
5,5,4638
6,6,4639
7,7,4640
8,8,4641
9,9,4642
10,10,4643
11,11,4644
12,12,4645
13,13,4646
14,14,4647
15,15,4648
16,16,4649
17,17,4650
18,18,4651
19,19,4652
20,20,4653
21,21,4654
22,22,4655
23,23,4656
24,24,4657
25,25,4658
26,26,4659
27,27,4660
28,28,4661
29,29,4662
30,30,4663
31,31,4664
32,32,4665
33,33,4666
34,34,4667
35,35,4668
36,36,4669
37,37,4670
38,38,4671
39,39,4672
40,40,4673
41,41,4674
42,42,4675
43,43,4676
44,44,4677
45,45,4678
46,46,4679
47,47,4680
48,48,4681
49,49,4682
50,50,4683
51,51,4684
52,52,4685
53,53,4686
54,54,4687
55,55,4688
56,56,4689
57,57,4690
58,58,4691
59,59,4692
60,60,4693
61,61,4694
62,62,4695
63,63,4696
64,64,4697
65,65,4698
66,66,4699
67,67,4700
68,68,4701
69,69,4702
70,70,4703
71,71,4704
72,72,4705
73,73,4706
74,74,4707
75,75,4708
76,76,4709
77,77,4710
78,78,4711
79,79,4712
80,80,4713
81,81,4714
82,82,4715
83,83,4716
84,84,4717
85,85,4718
86,86,4719
87,87,4720
88,88,4721
89,89,4722
90,90,4723
91,91,4724
92,92,4725
93,93,4726
94,94,4727
95,95,4728
96,96,4729
97,97,4730
98,98,4731
99,99,4732
100,100,4733
101,101,4734
102,102,4735
103,103,4736
104,104,4737
105,105,4738
106,106,4739
107,107,4740
108,108,4741
109,109,4742
110,110,4743
111,111,4744
112,112,4745
113,113,4746
114,114,4747
115,115,4748
116,116,4749
117,117,4750
118,118,4751
119,119,4752
120,120,4753
121,121,4754
122,122,4755
123,123,4756
124,124,4757
125,125,4758
126,126,4759
127,127,4760
128,128,4761
129,129,4762
130,130,4763
131,131,4764
132,132,4765
133,133,4766
134,134,4767
135,135,4768
136,136,4769
137,137,4770
138,138,4771
139,139,4772
140,140,4773
141,141,4774
142,142,4775
143,143,4776
144,144,4777
145,145,4778
146,146,4779
147,147,4780
148,148,4781
149,149,4782
150,150,4783
151,151,4784
152,152,4785
153,153,4786
154,154,4787
155,155,4788
156,156,4789
157,157,4790
158,158,4791
159,159,4792
160,160,4793
161,161,4794
162,162,4795
163,163,4796
164,164,4797
165,165,4798
166,166,4799
167,167,4800
168,168,4801
169,169,4802
170,170,4803
171,171,4804
172,172,4805
173,173,4806
174,174,4807
175,175,4808
176,176,4809
177,177,4810
178,178,4811
179,179,4812
180,180,4813
181,181,4814
182,182,4815
183,183,4816
184,184,4817
185,185,4818
186,186,4819
187,187,4820
188,188,4821
189,189,4822
190,190,4823
191,191,4824
192,192,4825
193,193,4826
194,194,4827
195,195,4828
196,196,4829
197,197,4830
198,198,4831
199,199,4832
200,200,4833
201,201,4834
202,202,4835
203,203,4836
204,204,4837
205,205,4838
206,206,4839
207,207,4840
208,208,4841
209,209,4842
210,210,4843
211,211,4844
212,212,4845
213,213,4846
214,214,4847
215,215,4848
216,216,4849
217,217,4850
218,218,4851
219,219,4852
220,220,4853
221,221,4854
222,222,4855
223,223,4856
224,224,4857
225,225,4858
226,226,4859
227,227,4860
228,228,4861
229,229,4862
230,230,4863
231,231,4864
232,232,4865
233,233,4866
234,234,4867
235,235,4868
236,236,4869
237,237,4870
238,238,4871
239,239,4872
240,240,4873
241,241,4874
242,242,4875
243,243,4876
244,244,4877
245,245,4878
246,246,4879
247,247,4880
248,248,4881
249,249,4882
250,250,4883
251,251,4884
252,252,4885
253,253,4886
254,254,4887
255,255,4888
256,256,4889
257,257,4890
258,258,4891
259,259,4892
260,260,4893
261,261,4894
262,262,4895
263,263,4896
264,264,4897
265,265,4898
266,266,4899
267,267,4900
268,268,4901
269,269,4902
270,270,4903
271,271,4904
272,272,4905
273,273,4906
274,274,4907
275,275,4908
276,276,4909
277,277,4910
278,278,4911
279,279,4912
280,280,4913
281,281,4914
282,282,4915
283,283,4916
284,284,4917
285,285,4918
286,286,4919
287,287,4920
288,288,4921
289,289,4922
290,290,4923
291,291,4924
292,292,4925
293,293,4926
294,294,4927
295,295,4928
296,296,4929
297,297,4930
298,298,4931
299,299,4932
300,300,4933
301,301,4934
302,302,4935
303,303,4936
304,304,4937
305,305,4938
306,306,4939
307,307,4940
308,308,4941
309,309,4942
310,310,4943
311,311,4944
312,312,4945
313,313,4946
314,314,4947
315,315,4948
316,316,4949
317,317,4950
318,318,4951
319,319,4952
320,320,4953
321,321,4954
322,322,4955
323,323,4956
324,324,4957
325,325,4958
326,326,4959
327,327,4960
328,328,4961
329,329,4962
330,330,4963
331,331,4964
332,332,4965
333,333,4966
334,334,4967
335,335,4968
336,336,4969
337,337,4970
338,338,4971
339,339,4972
340,340,4973
341,341,4974
342,342,4975
343,343,4976
344,344,4977
345,345,4978
346,346,4979
347,347,4980
348,348,4981
349,349,4982
350,350,4983
351,351,4984
352,352,4985
353,353,4986
354,354,4987
355,355,4988
356,356,4989
357,357,4990
358,358,4991
359,359,4992
360,360,4993
361,361,4994
362,362,4995
363,363,4996
364,364,4997
365,365,4998
366,366,4999
367,367,5000
368,368,5001
369,369,5002
370,370,5003
371,371,5004
372,372,5005
373,373,5006
374,374,5007
375,375,5008
376,376,5009
377,377,5010
378,378,5011
379,379,5012
380,380,5013
381,381,5014
382,382,5015
383,383,5016
384,384,5017
385,385,5018
386,386,5019
387,387,5020
388,388,5021
389,389,5022
390,390,5023
391,391,5024
392,392,5025
393,393,5026
394,394,5027
395,395,5028
396,396,5029
397,397,5030
398,398,5031
399,399,5032
400,400,5033
401,401,5034
402,402,5035
403,403,5036
404,404,5037
405,405,5038
406,406,5039
407,407,5040
408,408,5041
409,409,5042
410,410,5043
411,411,5044
412,412,5045
413,413,5046
414,414,5047
415,415,5048
416,416,5049
417,417,5050
418,418,5051
419,419,5052
420,420,5053
421,421,5054
422,422,5055
423,423,5056
424,424,5057
425,425,5058
426,426,5059
427,427,5060
428,428,5061
429,429,5062
430,430,5063
431,431,5064
432,432,5065
433,433,5066
434,434,5067
435,435,5068
436,436,5069
437,437,5070
438,438,5071
439,439,5072
440,440,5073
441,441,5074
442,442,5075
443,443,5076
444,444,5077
445,445,5078
446,446,5079
447,447,5080
448,448,5081
449,449,5082
450,450,5083
451,451,5084
452,452,5085
453,453,5086
454,454,5087
455,455,5088
456,456,5089
457,457,5090
458,458,5091
459,459,5092
460,460,5093
461,461,5094
462,462,5095
463,463,5096
464,464,5097
465,465,5098
466,466,5099
467,467,5100
468,468,5101
469,469,5102
470,470,5103
471,471,5104
472,472,5105
473,473,5106
474,474,5107
475,475,5108
476,476,5109
477,477,5110
478,478,5111
479,479,5112
480,480,5113
481,481,5114
482,482,5115
483,483,5116
484,484,5117
485,485,5118
486,486,5119
487,487,5120
488,488,5121
489,489,5122
490,490,5123
491,491,5124
492,492,5125
493,493,5126
494,494,5127
495,495,5128
496,496,5129
497,497,5130
498,498,5131
499,499,5132
500,500,5133
501,501,5134
502,502,5135
503,503,5136
504,504,5137
505,505,5138
506,506,5139
507,507,5140
508,508,5141
509,509,5142
510,510,5143
511,511,5144
512,512,5145
513,513,5146
514,514,5147
515,515,5148
516,516,5149
517,517,5150
518,518,5151
519,519,5152
520,520,5153
521,521,5154
522,522,5155
523,523,5156
524,524,5157
525,525,5158
526,526,5159
527,527,5160
528,528,5161
529,529,5162
530,530,5163
531,531,5164
532,532,5165
533,533,5166
534,534,5167
535,535,5168
536,536,5169
537,537,5170
538,538,5171
539,539,5172
540,540,5173
541,541,5174
542,542,5175
543,543,5176
544,544,5177
545,545,5178
546,546,5179
547,547,5180
548,548,5181
549,549,5182
550,550,5183
551,551,5184
552,552,5185
553,553,5186
554,554,5187
555,555,5188
556,556,5189
557,557,5190
558,558,5191
559,559,5192
560,560,5193
561,561,5194
562,562,5195
563,563,5196
564,564,5197
565,565,5198
566,566,5199
567,567,5200
568,568,5201
569,569,5202
570,570,5203
571,571,5204
572,572,5205
573,573,5206
574,574,5207
575,575,5208
576,576,5209
577,577,5210
578,578,5211
579,579,5212
580,580,5213
581,581,5214
582,582,5215
583,583,5216
584,584,5217
585,585,5218
586,586,5219
587,587,5220
588,588,5221
589,589,5222
590,590,5223
591,591,5224
592,592,5225
593,593,5226
594,594,5227
595,595,5228
596,596,5229
597,597,5230
598,598,5231
599,599,5232
600,600,5233
601,601,5234
602,602,5235
603,603,5236
604,604,5237
605,605,5238
606,606,5239
607,607,5240
608,608,5241
609,609,5242
610,610,5243
611,611,5244
612,612,5245
613,613,5246
614,614,5247
615,615,5248
616,616,5249
617,617,5250
618,618,5251
619,619,5252
620,620,5253
621,621,5254
622,622,5255
623,623,5256
624,624,5257
625,625,5258
626,626,5259
627,627,5260
628,628,5261
629,629,5262
630,630,5263
631,631,5264
632,632,5265
633,633,5266
634,634,5267
635,635,5268
636,636,5269
637,637,5270
638,638,5271
639,639,5272
640,640,5273
641,641,5274
642,642,5275
643,643,5276
644,644,5277
645,645,5278
646,646,5279
647,647,5280
648,648,5281
649,649,5282
650,650,5283
651,651,5284
652,652,5285
653,653,5286
654,654,5287
655,655,5288
656,656,5289
657,657,5290
658,658,5291
659,659,5292
660,660,5293
661,661,5294
662,662,5295
663,663,5296
664,664,5297
665,664,5298
666,664,5299
667,664,5300
668,664,5301
669,664,5302
670,665,5303
671,665,5304
672,665,5305
673,665,5306
674,665,5307
675,665,5308
676,666,5309
677,667,5310
678,668,5311
679,669,5312
680,670,5313
681,671,5314
682,672,5315
683,673,5316
684,674,5317
685,675,5318
686,676,5319
687,677,5320
688,678,5321
689,679,5322
690,680,5323
691,681,5324
692,682,5325
693,683,5326
694,684,5327
695,685,5328
696,686,5329
697,687,5330
698,688,5331
699,689,5332
700,690,5333
701,691,5334
702,692,5335
703,693,5336
704,694,5337
705,695,5338
706,696,5339
707,697,5340
708,698,5341
709,699,5342
710,700,5343
711,701,5344
712,702,5345
713,703,5346
714,704,5347
715,705,5348
716,706,5349
717,707,5350
718,708,5351
719,709,5352
720,710,5353
721,711,5354
722,712,5355
723,713,5356
724,714,5357
725,715,5358
726,716,5359
727,717,5360
728,718,5361
729,719,5362
730,720,5363
731,721,5364
732,722,5365
733,723,5366
734,724,5367
735,725,5368
736,726,5369
737,727,5370
738,728,5371
739,729,5372
740,730,5373
741,731,5374
742,732,5375
743,733,5376
744,734,5377
745,735,5378
746,736,5379
747,737,5380
748,738,5381
749,739,5382
750,740,5383
751,741,5384
752,742,5385
753,743,5386
754,744,5387
755,745,5388
756,746,5389
757,747,5390
758,748,5391
759,749,5392
760,750,5393
761,751,5394
762,752,5395
763,753,5396
764,754,5397
765,755,5398
766,756,5399
767,757,5400
768,758,5401
769,759,5402
770,760,5403
771,761,5404
772,762,5405
773,763,5406
774,764,5407
775,765,5408
776,766,5409
777,767,5410
778,768,5411
779,769,5412
780,770,5413
781,771,5414
782,772,5415
783,773,5416
784,774,5417
785,775,5418
786,776,5419
787,777,5420
788,778,5421
789,779,5422
790,780,5423
791,781,5424
792,782,5425
793,783,5426
794,784,5427
795,785,5428
796,786,5429
797,787,5430
798,788,5431
799,789,5432
800,790,5433
801,791,5434
802,792,5435
803,793,5436
804,794,5437
805,795,5438
806,796,5439
807,797,5440
808,798,5441
809,799,5442
810,800,5443
811,801,5444
812,802,5445
813,803,5446
814,804,5447
815,805,5448
816,806,5449
817,807,5450
818,808,5451
819,809,5452
820,810,5453
821,811,5454
822,812,5455
823,813,5456
824,814,5457
825,815,5458
826,816,5459
827,817,5460
828,818,5461
829,819,5462
830,820,5463
831,821,5464
832,822,5465
833,823,5466
834,824,5467
835,825,5468
836,826,5469
837,827,5470
838,828,5471
839,829,5472
840,830,5473
841,831,5474
842,832,5475
843,833,5476
844,834,5477
845,835,5478
846,836,5479
847,837,5480
848,838,5481
849,839,5482
850,840,5483
851,841,5484
852,842,5485
853,843,5486
854,844,5487
855,845,5488
856,846,5489
857,847,5490
858,848,5491
859,849,5492
860,850,5493
861,851,5494
862,852,5495
863,853,5496
864,854,5497
865,855,5498
866,856,5499
867,857,5500
868,858,5501
869,859,5502
870,860,5503
871,861,5504
872,862,5505
873,863,5506
874,864,5507
875,865,5508
876,866,5509
877,867,5510
878,868,5511
879,869,5512
880,870,5513
881,871,5514
882,872,5515
883,873,5516
884,874,5517
885,875,5518
886,876,5519
887,877,5520
888,878,5521
889,879,5522
890,880,5523
891,881,5524
892,882,5525
893,883,5526
894,884,5527
895,885,5528
896,886,5529
897,887,5530
898,888,5531
899,889,5532
900,890,5533
901,891,5534
902,892,5535
903,893,5536
904,894,5537
905,895,5538
906,896,5539
907,897,5540
908,898,5541
909,899,5542
910,900,5543
911,901,5544
912,902,5545
913,903,5546
914,904,5547
915,905,5548
916,906,5549
917,907,5550
918,908,5551
919,909,5552
920,910,5553
921,911,5554
922,912,5555
923,913,5556
924,914,5557
925,915,5558
926,916,5559
927,917,5560
928,918,5561
929,919,5562
930,920,5563
931,921,5564
932,922,5565
933,923,5566
934,924,5567
935,925,5568
936,926,5569
937,927,5570
938,928,5571
939,929,5572
940,930,5573
941,931,5574
942,932,5575
943,933,5576
944,934,5577
945,935,5578
946,936,5579
947,937,5580
948,938,5581
949,939,5582
950,940,5583
951,941,5584
952,942,5585
953,943,5586
954,944,5587
955,945,5588
956,946,5589
957,947,5590
958,948,5591
959,949,5592
960,950,5593
961,951,5594
962,952,5595
963,953,5596
964,954,5597
965,955,5598
966,956,5599
967,957,5600
968,958,5601
969,959,5602
970,960,5603
971,961,5604
972,962,5605
973,963,5606
974,964,5607
975,965,5608
976,966,5609
977,967,5610
978,968,5611
979,969,5612
980,970,5613
981,971,5614
982,972,5615
983,973,5616
984,974,5617
985,975,5618
986,976,5619
987,977,5620
988,978,5621
989,979,5622
990,980,5623
991,981,5624
992,982,5625
993,983,5626
994,984,5627
995,985,5628
996,986,5629
997,987,5630
998,988,5631
999,989,5632
1000,990,5633
1001,991,5634
1002,992,5635
1003,993,5636
1004,994,5637
1005,995,5638
1006,996,5639
1007,997,5640
1008,998,5641
1009,999,5642
1010,1000,5643
1011,1001,5644
1012,1002,5645
1013,1003,5646
1014,1004,5647
1015,1005,5648
1016,1006,5649
1017,1007,5650
1018,1008,5651
1019,1009,5652
1020,1010,5653
1021,1011,5654
1022,1012,5655
1023,1013,5656
1024,1014,5657
1025,1015,5658
1026,1016,5659
1027,1017,5660
1028,1018,5661
1029,1019,5662
1030,1020,5663
1031,1021,5664
1032,1022,5665
1033,1023,5666
1034,1024,5667
1035,1025,5668
1036,1026,5669
1037,1027,5670
1038,1028,5671
1039,1029,5672
1040,1030,5673
1041,1031,5674
1042,1032,5675
1043,1033,5676
1044,1034,5677
1045,1035,5678
1046,1036,5679
1047,1037,5680
1048,1038,5681
1049,1039,5682
1050,1040,5683
1051,1041,5684
1052,1042,5685
1053,1043,5686
1054,1044,5687
1055,1045,5688
1056,1046,5689
1057,1047,5690
1058,1048,5691
1059,1049,5692
1060,1050,5693
1061,1051,5694
1062,1052,5695
1063,1053,5696
1064,1054,5697
1065,1055,5698
1066,1056,5699
1067,1057,5700
1068,1058,5701
1069,1059,5702
1070,1060,5703
1071,1061,5704
1072,1062,5705
1073,1063,5706
1074,1064,5707
1075,1065,5708
1076,1066,5709
1077,1067,5710
1078,1068,5711
1079,1069,5712
1080,1070,5713
1081,1071,5714
1082,1072,5715
1083,1073,5716
1084,1074,5717
1085,1075,5718
1086,1076,5719
1087,1077,5720
1088,1078,5721
1089,1079,5722
1090,1080,5723
1091,1081,5724
1092,1082,5725
1093,1083,5726
1094,1084,5727
1095,1085,5728
1096,1086,5729
1097,1087,5730
1098,1088,5731
1099,1089,5732
1100,1090,5733
1101,1091,5734
1102,1092,5735
1103,1093,5736
1104,1094,5737
1105,1095,5738
1106,1096,5739
1107,1097,5740
1108,1098,5741
1109,1099,5742
1110,1100,5743
1111,1101,5744
1112,1102,5745
1113,1103,5746
1114,1104,5747
1115,1105,5748
1116,1106,5749
1117,1107,5750
1118,1108,5751
1119,1109,5752
1120,1110,5753
1121,1111,5754
1122,1112,5755
1123,1113,5756
1124,1114,5757
1125,1115,5758
1126,1116,5759
1127,1117,5760
1128,1118,5761
1129,1119,5762
1130,1120,5763
1131,1121,5764
1132,1122,5765
1133,1123,5766
1134,1124,5767
1135,1125,5768
1136,1126,5769
1137,1127,5770
1138,1128,5771
1139,1129,5772
1140,1130,5773
1141,1131,5774
1142,1132,5775
1143,1133,5776
1144,1134,5777
1145,1135,5778
1146,1136,5779
1147,1137,5780
1148,1138,5781
1149,1139,5782
1150,1140,5783
1151,1141,5784
1152,1142,5785
1153,1143,5786
1154,1144,5787
1155,1145,5788
1156,1146,5789
1157,1147,5790
1158,1148,5791
1159,1149,5792
1160,1150,5793
1161,1151,5794
1162,1152,5795
1163,1153,5796
1164,1154,5797
1165,1155,5798
1166,1156,5799
1167,1157,5800
1168,1158,5801
1169,1159,5802
1170,1160,5803
1171,1161,5804
1172,1162,5805
1173,1163,5806
1174,1164,5807
1175,1165,5808
1176,1166,5809
1177,1167,5810
1178,1168,5811
1179,1169,5812
1180,1170,5813
1181,1171,5814
1182,1172,5815
1183,1173,5816
1184,1174,5817
1185,1175,5818
1186,1176,5819
1187,1177,5820
1188,1178,5821
1189,1179,5822
1190,1180,5823
1191,1181,5824
1192,1182,5825
1193,1183,5826
1194,1184,5827
1195,1185,5828
1196,1186,5829
1197,1187,5830
1198,1188,5831
1199,1189,5832
1200,1190,5833
1201,1191,5834
1202,1192,5835
1203,1193,5836
1204,1194,5837
1205,1195,5838
1206,1196,5839
1207,1197,5840
1208,1198,5841
1209,1199,5842
1210,1200,5843
1211,1201,5844
1212,1202,5845
1213,1203,5846
1214,1204,5847
1215,1205,5848
1216,1206,5849
1217,1207,5850
1218,1208,5851
1219,1209,5852
1220,1210,5853
1221,1211,5854
1222,1212,5855
1223,1213,5856
1224,1214,5857
1225,1215,5858
1226,1216,5859
1227,1217,5860
1228,1218,5861
1229,1219,5862
1230,1220,5863
1231,1221,5864
1232,1222,5865
1233,1223,5866
1234,1224,5867
1235,1225,5868
1236,1226,5869
1237,1227,5870
1238,1228,5871
1239,1229,5872
1240,1230,5873
1241,1231,5874
1242,1232,5875
1243,1233,5876
1244,1234,5877
1245,1235,5878
1246,1236,5879
1247,1237,5880
1248,1238,5881
1249,1239,5882
1250,1240,5883
1251,1241,5884
1252,1242,5885
1253,1243,5886
1254,1244,5887
1255,1245,5888
1256,1246,5889
1257,1247,5890
1258,1248,5891
1259,1249,5892
1260,1250,5893
1261,1251,5894
1262,1252,5895
1263,1253,5896
1264,1254,5897
1265,1255,5898
1266,1256,5899
1267,1257,5900
1268,1258,5901
1269,1259,5902
1270,1260,5903
1271,1261,5904
1272,1262,5905
1273,1263,5906
1274,1264,5907
1275,1265,5908
1276,1266,5909
1277,1267,5910
1278,1268,5911
1279,1269,5912
1280,1270,5913
1281,1271,5914
1282,1272,5915
1283,1273,5916
1284,1274,5917
1285,1275,5918
1286,1276,5919
1287,1277,5920
1288,1278,5921
1289,1279,5922
1290,1280,5923
1291,1281,5924
1292,1282,5925
1293,1283,5926
1294,1284,5927
1295,1285,5928
1296,1286,5929
1297,1287,5930
1298,1288,5931
1299,1289,5932
1300,1290,5933
1301,1291,5934
1302,1292,5935
1303,1293,5936
1304,1294,5937
1305,1295,5938
1306,1296,5939
1307,1297,5940
1308,1298,5941
1309,1299,5942
1310,1300,5943
1311,1301,5944
1312,1302,5945
1313,1303,5946
1314,1304,5947
1315,1305,5948
1316,1306,5949
1317,1307,5950
1318,1308,5951
1319,1309,5952
1320,1310,5953
1321,1311,5954
1322,1312,5955
1323,1313,5956
1324,1314,5957
1325,1315,5958
1326,1316,5959
1327,1317,5960
1328,1318,5961
1329,1319,5962
1330,1320,5963
1331,1321,5964
1332,1322,5965
1333,1323,5966
1334,1324,5967
1335,1325,5968
1336,1326,5969
1337,1327,5970
1338,1328,5971
1339,1329,5972
1340,1330,5973
1341,1331,5974
1342,1332,5975
1343,1333,5976
1344,1334,5977
1345,1335,5978
1346,1336,5979
1347,1337,5980
1348,1338,5981
1349,1339,5982
1350,1340,5983
1351,1341,5984
1352,1342,5985
1353,1343,5986
1354,1344,5987
1355,1345,5988
1356,1346,5989
1357,1347,5990
1358,1348,5991
1359,1349,5992
1360,1350,5993
1361,1351,5994
1362,1352,5995
1363,1353,5996
1364,1354,5997
1365,1355,5998
1366,1356,5999
1367,1357,6000
1368,1358,6001
1369,1359,6002
1370,1360,6003
1371,1361,6004
1372,1362,6005
1373,1363,6006
1374,1364,6007
1375,1365,6008
1376,1366,6009
1377,1367,6010
1378,1368,6011
1379,1369,6012
1380,1370,6013
1381,1371,6014
1382,1372,6015
1383,1373,6016
1384,1374,6017
1385,1375,6018
1386,1376,6019
1387,1377,6020
1388,1378,6021
1389,1379,6022
1390,1380,6023
1391,1381,6024
1392,1382,6025
1393,1383,6026
1394,1384,6027
1395,1385,6028
1396,1386,6029
1397,1387,6030
1398,1388,6031
1399,1389,6032
1400,1390,6033
1401,1391,6034
1402,1392,6035
1403,1393,6036
1404,1394,6037
1405,1395,6038
1406,1396,6039
1407,1397,6040
1408,1398,6041
1409,1399,6042
1410,1400,6043
1411,1401,6044
1412,1402,6045
1413,1403,6046
1414,1404,6047
1415,1405,6048
1416,1406,6049
1417,1407,6050
1418,1408,6051
1419,1409,6052
1420,1410,6053
1421,1411,6054
1422,1412,6055
1423,1413,6056
1424,1414,6057
1425,1415,6058
1426,1416,6059
1427,1417,6060
1428,1418,6061
1429,1419,6062
1430,1420,6063
1431,1421,6064
1432,1422,6065
1433,1423,6066
1434,1424,6067
1435,1425,6068
1436,1426,6069
1437,1427,6070
1438,1428,6071
1439,1429,6072
1440,1430,6073
1441,1431,6074
1442,1432,6075
1443,1433,6076
1444,1434,6077
1445,1435,6078
1446,1436,6079
1447,1437,6080
1448,1438,6081
1449,1439,6082
1450,1440,6083
1451,1441,6084
1452,1442,6085
1453,1443,6086
1454,1444,6087
1455,1445,6088
1456,1446,6089
1457,1447,6090
1458,1448,6091
1459,1449,6092
1460,1450,6093
1461,1451,6094
1462,1452,6095
1463,1453,6096
1464,1454,6097
1465,1455,6098
1466,1456,6099
1467,1457,6100
1468,1458,6101
1469,1459,6102
1470,1460,6103
1471,1461,6104
1472,1462,6105
1473,1463,6106
1474,1464,6107
1475,1465,6108
1476,1466,6109
1477,1467,6110
1478,1468,6111
1479,1469,6112
1480,1470,6113
1481,1471,6114
1482,1472,6115
1483,1473,6116
1484,1474,6117
1485,1475,6118
1486,1476,6119
1487,1477,6120
1488,1478,6121
1489,1479,6122
1490,1480,6123
1491,1481,6124
1492,1482,6125
1493,1483,6126
1494,1484,6127
1495,1485,6128
1496,1486,6129
1497,1487,6130
1498,1488,6131
1499,1489,6132
1500,1490,6133
1501,1491,6134
1502,1492,6135
1503,1493,6136
1504,1494,6137
1505,1495,6138
1506,1496,6139
1507,1497,6140
1508,1498,6141
1509,1499,6142
1510,1500,6143
1511,1501,6144
1512,1502,6145
1513,1503,6146
1514,1504,6147
1515,1505,6148
1516,1506,6149
1517,1507,6150
1518,1508,6151
1519,1509,6152
1520,1510,6153
1521,1511,6154
1522,1512,6155
1523,1513,6156
1524,1514,6157
1525,1515,6158
1526,1516,6159
1527,1517,6160
1528,1518,6161
1529,1519,6162
1530,1520,6163
1531,1521,6164
1532,1522,6165
1533,1523,6166
1534,1524,6167
1535,1525,6168
1536,1526,6169
1537,1527,6170
1538,1528,6171
1539,1529,6172
1540,1530,6173
1541,1531,6174
1542,1532,6175
1543,1533,6176
1544,1534,6177
1545,1535,6178
1546,1536,6179
1547,1537,6180
1548,1538,6181
1549,1539,6182
1550,1540,6183
1551,1541,6184
1552,1542,6185
1553,1543,6186
1554,1544,6187
1555,1545,6188
1556,1546,6189
1557,1547,6190
1558,1548,6191
1559,1549,6192
1560,1550,6193
1561,1551,6194
1562,1552,6195
1563,1553,6196
1564,1554,6197
1565,1555,6198
1566,1556,6199
1567,1557,6200
1568,1558,6201
1569,1559,6202
1570,1560,6203
1571,1561,6204
1572,1562,6205
1573,1563,6206
1574,1564,6207
1575,1565,6208
1576,1566,6209
1577,1567,6210
1578,1568,6211
1579,1569,6212
1580,1570,6213
1581,1571,6214
1582,1572,6215
1583,1573,6216
1584,1574,6217
1585,1575,6218
1586,1576,6219
1587,1577,6220
1588,1578,6221
1589,1579,6222
1590,1580,6223
1591,1581,6224
1592,1582,6225
1593,1583,6226
1594,1584,6227
1595,1585,6228
1596,1586,6229
1597,1587,6230
1598,1588,6231
1599,1589,6232
1600,1590,6233
1601,1591,6234
1602,1592,6235
1603,1593,6236
1604,1594,6237
1605,1595,6238
1606,1596,6239
1607,1597,6240
1608,1598,6241
1609,1599,6242
1610,1600,6243
1611,1601,6244
1612,1602,6245
1613,1603,6246
1614,1604,6247
1615,1605,6248
1616,1606,6249
1617,1607,6250
1618,1608,6251
1619,1609,6252
1620,1610,6253
1621,1611,6254
1622,1612,6255
1623,1613,6256
1624,1614,6257
1625,1615,6258
1626,1616,6259
1627,1617,6260
1628,1618,6261
1629,1619,6262
1630,1620,6263
1631,1621,6264
1632,1622,6265
1633,1623,6266
1634,1624,6267
1635,1625,6268
1636,1626,6269
1637,1627,6270
1638,1628,6271
1639,1629,6272
1640,1630,6273
1641,1631,6274
1642,1632,6275
1643,1633,6276
1644,1634,6277
1645,1635,6278
1646,1636,6279
1647,1637,6280
1648,1638,6281
1649,1639,6282
1650,1640,6283
1651,1641,6284
1652,1642,6285
1653,1643,6286
1654,1644,6287
1655,1645,6288
1656,1646,6289
1657,1647,6290
1658,1648,6291
1659,1649,6292
1660,1650,6293
1661,1651,6294
1662,1652,6295
1663,1653,6296
1664,1654,6297
1665,1655,6298
1666,1656,6299
1667,1657,6300
1668,1658,6301
1669,1659,6302
1670,1660,6303
1671,1661,6304
1672,1662,6305
1673,1663,6306
1674,1664,6307
1675,1665,6308
1676,1666,6309
1677,1667,6310
1678,1668,6311
1679,1669,6312
1680,1670,6313
1681,1671,6314
1682,1672,6315
1683,1673,6316
1684,1674,6317
1685,1675,6318
1686,1676,6319
1687,1677,6320
1688,1678,6321
1689,1679,6322
1690,1680,6323
1691,1681,6324
1692,1682,6325
1693,1683,6326
1694,1684,6327
1695,1685,6328
1696,1686,6329
1697,1687,6330
1698,1688,6331
1699,1689,6332
1700,1690,6333
1701,1691,6334
1702,1692,6335
1703,1693,6336
1704,1694,6337
1705,1695,6338
1706,1696,6339
1707,1697,6340
1708,1698,6341
1709,1699,6342
1710,1700,6343
1711,1701,6344
1712,1702,6345
1713,1703,6346
1714,1704,6347
1715,1705,6348
1716,1706,6349
1717,1707,6350
1718,1708,6351
1719,1709,6352
1720,1710,6353
1721,1711,6354
1722,1712,6355
1723,1713,6356
1724,1714,6357
1725,1715,6358
1726,1716,6359
1727,1717,6360
1728,1718,6361
1729,1719,6362
1730,1720,6363
1731,1721,6364
1732,1722,6365
1733,1723,6366
1734,1724,6367
1735,1725,6368
1736,1726,6369
1737,1727,6370
1738,1728,6371
1739,1729,6372
1740,1730,6373
1741,1731,6374
1742,1732,6375
1743,1733,6376
1744,1734,6377
1745,1735,6378
1746,1736,6379
1747,1737,6380
1748,1738,6381
1749,1739,6382
1750,1740,6383
1751,1741,6384
1752,1742,6385
1753,1743,6386
1754,1744,6387
1755,1745,6388
1756,1746,6389
1757,1747,6390
1758,1748,6391
1759,1749,6392
1760,1750,6393
1761,1751,6394
1762,1752,6395
1763,1753,6396
1764,1754,6397
1765,1755,6398
1766,1756,6399
1767,1757,6400
1768,1758,6401
1769,1759,6402
1770,1760,6403
1771,1761,6404
1772,1762,6405
1773,1763,6406
1774,1764,6407
1775,1765,6408
1776,1766,6409
1777,1767,6410
1778,1768,6411
1779,1769,6412
1780,1770,6413
1781,1771,6414
1782,1772,6415
1783,1773,6416
1784,1774,6417
1785,1775,6418
1786,1776,6419
1787,1777,6420
1788,1778,6421
1789,1779,6422
1790,1780,6423
1791,1781,6424
1792,1782,6425
1793,1783,6426
1794,1784,6427
1795,1785,6428
1796,1786,6429
1797,1787,6430
1798,1788,6431
1799,1789,6432
1800,1790,6433
1801,1791,6434
1802,1792,6435
1803,1793,6436
1804,1794,6437
1805,1795,6438
1806,1796,6439
1807,1797,6440
1808,1798,6441
1809,1799,6442
1810,1800,6443
1811,1801,6444
1812,1802,6445
1813,1803,6446
1814,1804,6447
1815,1805,6448
1816,1806,6449
1817,1807,6450
1818,1808,6451
1819,1809,6452
1820,1810,6453
1821,1811,6454
1822,1812,6455
1823,1813,6456
1824,1814,6457
1825,1815,6458
1826,1816,6459
1827,1817,6460
1828,1818,6461
1829,1819,6462
1830,1820,6463
1831,1821,6464
1832,1822,6465
1833,1823,6466
1834,1824,6467
1835,1825,6468
1836,1826,6469
1837,1827,6470
1838,1828,6471
1839,1829,6472
1840,1830,6473
1841,1831,6474
1842,1832,6475
1843,1833,6476
1844,1834,6477
1845,1835,6478
1846,1836,6479
1847,1837,6480
1848,1838,6481
1849,1839,6482
1850,1840,6483
1851,1841,6484
1852,1842,6485
1853,1843,6486
1854,1844,6487
1855,1845,6488
1856,1846,6489
1857,1847,6490
1858,1848,6491
1859,1849,6492
1860,1850,6493
1861,1851,6494
1862,1852,6495
1863,1853,6496
1864,1854,6497
1865,1855,6498
1866,1856,6499
1867,1857,6500
1868,1858,6501
1869,1859,6502
1870,1860,6503
1871,1861,6504
1872,1862,6505
1873,1863,6506
1874,1864,6507
1875,1865,6508
1876,1866,6509
1877,1867,6510
1878,1868,6511
1879,1869,6512
1880,1870,6513
1881,1871,6514
1882,1872,6515
1883,1873,6516
1884,1874,6517
1885,1875,6518
1886,1876,6519
1887,1877,6520
1888,1878,6521
1889,1879,6522
1890,1880,6523
1891,1881,6524
1892,1882,6525
1893,1883,6526
1894,1884,6527
1895,1885,6528
1896,1886,6529
1897,1887,6530
1898,1888,6531
1899,1889,6532
1900,1890,6533
1901,1891,6534
1902,1892,6535
1903,1893,6536
1904,1894,6537
1905,1895,6538
1906,1896,6539
1907,1897,6540
1908,1898,6541
1909,1899,6542
1910,1900,6543
1911,1901,6544
1912,1902,6545
1913,1903,6546
1914,1904,6547
1915,1905,6548
1916,1906,6549
1917,1907,6550
1918,1908,6551
1919,1909,6552
1920,1910,6553
1921,1911,6554
1922,1912,6555
1923,1913,6556
1924,1914,6557
1925,1915,6558
1926,1916,6559
1927,1917,6560
1928,1918,6561
1929,1919,6562
1930,1920,6563
1931,1921,6564
1932,1922,6565
1933,1923,6566
1934,1924,6567
1935,1925,6568
1936,1926,6569
1937,1927,6570
1938,1928,6571
1939,1929,6572
1940,1930,6573
1941,1931,6574
1942,1932,6575
1943,1933,6576
1944,1934,6577
1945,1935,6578
1946,1936,6579
1947,1937,6580
1948,1938,6581
1949,1939,6582
1950,1940,6583
1951,1941,6584
1952,1942,6585
1953,1943,6586
1954,1944,6587
1955,1945,6588
1956,1946,6589
1957,1947,6590
1958,1948,6591
1959,1949,6592
1960,1950,6593
1961,1951,6594
1962,1952,6595
1963,1953,6596
1964,1954,6597
1965,1955,6598
1966,1956,6599
1967,1957,6600
1968,1958,6601
1969,1959,6602
1970,1960,6603
1971,1961,6604
1972,1962,6605
1973,1963,6606
1974,1964,6607
1975,1965,6608
1976,1966,6609
1977,1967,6610
1978,1968,6611
1979,1969,6612
1980,1970,6613
1981,1971,6614
1982,1972,6615
1983,1973,6616
1984,1974,6617
1985,1975,6618
1986,1976,6619
1987,1977,6620
1988,1978,6621
1989,1979,6622
1990,1980,6623
1991,1981,6624
1992,1982,6625
1993,1983,6626
1994,1984,6627
1995,1985,6628
1996,1986,6629
1997,1987,6630
1998,1988,6631
1999,1989,6632
2000,1990,6633
2001,1991,6634
2002,1992,6635
2003,1993,6636
2004,1994,6637
2005,1995,6638
2006,1996,6639
2007,1997,6640
2008,1998,6641
2009,1999,6642
2010,2000,6643
2011,2001,6644
2012,2002,6645
2013,2003,6646
2014,2004,6647
2015,2005,6648
2016,2006,6649
2017,2007,6650
2018,2008,6651
2019,2009,6652
2020,2010,6653
2021,2011,6654
2022,2012,6655
2023,2013,6656
2024,2014,6657
2025,2015,6658
2026,2016,6659
2027,2017,6660
2028,2018,6661
2029,2019,6662
2030,2020,6663
2031,2021,6664
2032,2022,6665
2033,2023,6666
2034,2024,6667
2035,2025,6668
2036,2026,6669
2037,2027,6670
2038,2028,6671
2039,2029,6672
2040,2030,6673
2041,2031,6674
2042,2032,6675
2043,2033,6676
2044,2034,6677
2045,2035,6678
2046,2036,6679
2047,2037,6680
2048,2038,6681
2049,2039,6682
2050,2040,6683
2051,2041,6684
2052,2042,6685
2053,2043,6686
2054,2044,6687
2055,2045,6688
2056,2046,6689
2057,2047,6690
2058,2048,6691
2059,2049,6692
2060,2050,6693
2061,2051,6694
2062,2052,6695
2063,2053,6696
2064,2054,6697
2065,2055,6698
2066,2056,6699
2067,2057,6700
2068,2058,6701
2069,2059,6702
2070,2060,6703
2071,2061,6704
2072,2062,6705
2073,2063,6706
2074,2064,6707
2075,2065,6708
2076,2066,6709
2077,2067,6710
2078,2068,6711
2079,2069,6712
2080,2070,6713
2081,2071,6714
2082,2072,6715
2083,2073,6716
2084,2074,6717
2085,2075,6718
2086,2076,6719
2087,2077,6720
2088,2078,6721
2089,2079,6722
2090,2080,6723
2091,2081,6724
2092,2082,6725
2093,2083,6726
2094,2084,6727
2095,2085,6728
2096,2086,6729
2097,2087,6730
2098,2088,6731
2099,2089,6732
2100,2090,6733
2101,2091,6734
2102,2092,6735
2103,2093,6736
2104,2094,6737
2105,2095,6738
2106,2096,6739
2107,2097,6740
2108,2098,6741
2109,2099,6742
2110,2100,6743
2111,2101,6744
2112,2102,6745
2113,2103,6746
2114,2104,6747
2115,2105,6748
2116,2106,6749
2117,2107,6750
2118,2108,6751
2119,2109,6752
2120,2110,6753
2121,2111,6754
2122,2112,6755
2123,2113,6756
2124,2114,6757
2125,2115,6758
2126,2116,6759
2127,2117,6760
2128,2118,6761
2129,2119,6762
2130,2120,6763
2131,2121,6764
2132,2122,6765
2133,2123,6766
2134,2124,6767
2135,2125,6768
2136,2126,6769
2137,2127,6770
2138,2128,6771
2139,2129,6772
2140,2130,6773
2141,2131,6774
2142,2132,6775
2143,2133,6776
2144,2134,6777
2145,2135,6778
2146,2136,6779
2147,2137,6780
2148,2138,6781
2149,2139,6782
2150,2140,6783
2151,2141,6784
2152,2142,6785
2153,2143,6786
2154,2144,6787
2155,2145,6788
2156,2146,6789
2157,2147,6790
2158,2148,6791
2159,2149,6792
2160,2150,6793
2161,2151,6794
2162,2152,6795
2163,2153,6796
2164,2154,6797
2165,2155,6798
2166,2156,6799
2167,2157,6800
2168,2158,6801
2169,2159,6802
2170,2160,6803
2171,2161,6804
2172,2162,6805
2173,2163,6806
2174,2164,6807
2175,2165,6808
2176,2166,6809
2177,2167,6810
2178,2168,6811
2179,2169,6812
2180,2170,6813
2181,2171,6814
2182,2172,6815
2183,2173,6816
2184,2174,6817
2185,2175,6818
2186,2176,6819
2187,2177,6820
2188,2178,6821
2189,2179,6822
2190,2180,6823
2191,2181,6824
2192,2182,6825
2193,2183,6826
2194,2184,6827
2195,2185,6828
2196,2186,6829
2197,2187,6830
2198,2188,6831
2199,2189,6832
2200,2190,6833
2201,2191,6834
2202,2192,6835
2203,2193,6836
2204,2194,6837
2205,2195,6838
2206,2196,6839
2207,2197,6840
2208,2198,6841
2209,2199,6842
2210,2200,6843
2211,2201,6844
2212,2202,6845
2213,2203,6846
2214,2204,6847
2215,2205,6848
2216,2206,6849
2217,2207,6850
2218,2208,6851
2219,2209,6852
2220,2210,6853
2221,2211,6854
2222,2212,6855
2223,2213,6856
2224,2214,6857
2225,2215,6858
2226,2216,6859
2227,2217,6860
2228,2218,6861
2229,2219,6862
2230,2220,6863
2231,2221,6864
2232,2222,6865
2233,2223,6866
2234,2224,6867
2235,2225,6868
2236,2226,6869
2237,2227,6870
2238,2228,6871
2239,2229,6872
2240,2230,6873
2241,2231,6874
2242,2232,6875
2243,2233,6876
2244,2234,6877
2245,2235,6878
2246,2236,6879
2247,2237,6880
2248,2238,6881
2249,2239,6882
2250,2240,6883
2251,2241,6884
2252,2242,6885
2253,2243,6886
2254,2244,6887
2255,2245,6888
2256,2246,6889
2257,2247,6890
2258,2248,6891
2259,2249,6892
2260,2250,6893
2261,2251,6894
2262,2252,6895
2263,2253,6896
2264,2254,6897
2265,2255,6898
2266,2256,6899
2267,2257,6900
2268,2258,6901
2269,2259,6902
2270,2260,6903
2271,2261,6904
2272,2262,6905
2273,2263,6906
2274,2264,6907
2275,2265,6908
2276,2266,6909
2277,2267,6910
2278,2268,6911
2279,2269,6912
2280,2270,6913
2281,2271,6914
2282,2272,6915
2283,2273,6916
2284,2274,6917
2285,2275,6918
2286,2276,6919
2287,2277,6920
2288,2278,6921
2289,2279,6922
2290,2280,6923
2291,2281,6924
2292,2282,6925
2293,2283,6926
2294,2284,6927
2295,2285,6928
2296,2286,6929
2297,2287,6930
2298,2288,6931
2299,2289,6932
2300,2290,6933
2301,2291,6934
2302,2292,6935
2303,2293,6936
2304,2294,6937
2305,2295,6938
2306,2296,6939
2307,2297,6940
2308,2298,6941
2309,2299,6942
2310,2300,6943
2311,2301,6944
2312,2302,6945
2313,2303,6946
2314,2304,6947
2315,2305,6948
2316,2306,6949
2317,2307,6950
2318,2308,6951
2319,2309,6952
2320,2310,6953
2321,2311,6954
2322,2312,6955
2323,2313,6956
2324,2314,6957
2325,2315,6958
2326,2316,6959
2327,2317,6960
2328,2318,6961
2329,2319,6962
2330,2320,6963
2331,2321,6964
2332,2322,6965
2333,2323,6966
2334,2324,6967
2335,2325,6968
2336,2326,6969
2337,2327,6970
2338,2328,6971
2339,2329,6972
2340,2330,6973
2341,2331,6974
2342,2332,6975
2343,2333,6976
2344,2334,6977
2345,2335,6978
2346,2336,6979
2347,2337,6980
2348,2338,6981
2349,2339,6982
2350,2340,6983
2351,2341,6984
2352,2342,6985
2353,2343,6986
2354,2344,6987
2355,2345,6988
2356,2346,6989
2357,2347,6990
2358,2348,6991
2359,2349,6992
2360,2350,6993
2361,2351,6994
2362,2352,6995
2363,2353,6996
2364,2354,6997
2365,2355,6998
2366,2356,6999
2367,2357,7000
2368,2358,7001
2369,2359,7002
2370,2360,7003
2371,2361,7004
2372,2362,7005
2373,2363,7006
2374,2364,7007
2375,2365,7008
2376,2366,7009
2377,2367,7010
2378,2368,7011
2379,2369,7012
2380,2370,7013
2381,2371,7014
2382,2372,7015
2383,2373,7016
2384,2374,7017
2385,2375,7018
2386,2376,7019
2387,2377,7020
2388,2378,7021
2389,2379,7022
2390,2380,7023
2391,2381,7024
2392,2382,7025
2393,2383,7026
2394,2384,7027
2395,2385,7028
2396,2386,7029
2397,2387,7030
2398,2388,7031
2399,2389,7032
2400,2390,7033
2401,2391,7034
2402,2392,7035
2403,2393,7036
2404,2394,7037
2405,2395,7038
2406,2396,7039
2407,2397,7040
2408,2398,7041
2409,2399,7042
2410,2400,7043
2411,2401,7044
2412,2402,7045
2413,2403,7046
2414,2404,7047
2415,2405,7048
2416,2406,7049
2417,2407,7050
2418,2408,7051
2419,2409,7052
2420,2410,7053
2421,2411,7054
2422,2412,7055
2423,2413,7056
2424,2414,7057
2425,2415,7058
2426,2416,7059
2427,2417,7060
2428,2418,7061
2429,2419,7062
2430,2420,7063
2431,2421,7064
2432,2422,7065
2433,2423,7066
2434,2424,7067
2435,2425,7068
2436,2426,7069
2437,2427,7070
2438,2428,7071
2439,2429,7072
2440,2430,7073
2441,2431,7074
2442,2432,7075
2443,2433,7076
2444,2434,7077
2445,2435,7078
2446,2436,7079
2447,2437,7080
2448,2438,7081
2449,2439,7082
2450,2440,7083
2451,2441,7084
2452,2442,7085
2453,2443,7086
2454,2444,7087
2455,2445,7088
2456,2446,7089
2457,2447,7090
2458,2448,7091
2459,2449,7092
2460,2450,7093
2461,2451,7094
2462,2452,7095
2463,2453,7096
2464,2454,7097
2465,2455,7098
2466,2456,7099
2467,2457,7100
2468,2458,7101
2469,2459,7102
2470,2460,7103
2471,2461,7104
2472,2462,7105
2473,2463,7106
2474,2464,7107
2475,2465,7108
2476,2466,7109
2477,2467,7110
2478,2468,7111
2479,2469,7112
2480,2470,7113
2481,2471,7114
2482,2472,7115
2483,2473,7116
2484,2474,7117
2485,2475,7118
2486,2476,7119
2487,2477,7120
2488,2478,7121
2489,2479,7122
2490,2480,7123
2491,2481,7124
2492,2482,7125
2493,2483,7126
2494,2484,7127
2495,2485,7128
2496,2486,7129
2497,2487,7130
2498,2488,7131
2499,2489,7132
2500,2490,7133
2501,2491,7134
2502,2492,7135
2503,2493,7136
2504,2494,7137
2505,2495,7138
2506,2496,7139
2507,2497,7140
2508,2498,7141
2509,2499,7142
2510,2500,7143
2511,2501,7144
2512,2502,7145
2513,2503,7146
2514,2504,7147
2515,2505,7148
2516,2506,7149
2517,2507,7150
2518,2508,7151
2519,2509,7152
2520,2510,7153
2521,2511,7154
2522,2512,7155
2523,2513,7156
2524,2514,7157
2525,2515,7158
2526,2516,7159
2527,2517,7160
2528,2518,7161
2529,2519,7162
2530,2520,7163
2531,2521,7164
2532,2522,7165
2533,2523,7166
2534,2524,7167
2535,2525,7168
2536,2526,7169
2537,2527,7170
2538,2528,7171
2539,2529,7172
2540,2530,7173
2541,2531,7174
2542,2532,7175
2543,2533,7176
2544,2534,7177
2545,2535,7178
2546,2536,7179
2547,2537,7180
2548,2538,7181
2549,2539,7182
2550,2540,7183
2551,2541,7184
2552,2542,7185
2553,2543,7186
2554,2544,7187
2555,2545,7188
2556,2546,7189
2557,2547,7190
2558,2548,7191
2559,2549,7192
2560,2550,7193
2561,2551,7194
2562,2552,7195
2563,2553,7196
2564,2554,7197
2565,2555,7198
2566,2556,7199
2567,2557,7200
2568,2558,7201
2569,2559,7202
2570,2560,7203
2571,2561,7204
2572,2562,7205
2573,2563,7206
2574,2564,7207
2575,2565,7208
2576,2566,7209
2577,2567,7210
2578,2568,7211
2579,2569,7212
2580,2570,7213
2581,2571,7214
2582,2572,7215
2583,2573,7216
2584,2574,7217
2585,2575,7218
2586,2576,7219
2587,2577,7220
2588,2578,7221
2589,2579,7222
2590,2580,7223
2591,2581,7224
2592,2582,7225
2593,2583,7226
2594,2584,7227
2595,2585,7228
2596,2586,7229
2597,2587,7230
2598,2588,7231
2599,2589,7232
2600,2590,7233
2601,2591,7234
2602,2592,7235
2603,2593,7236
2604,2594,7237
2605,2595,7238
2606,2596,7239
2607,2597,7240
2608,2598,7241
2609,2599,7242
2610,2600,7243
2611,2601,7244
2612,2602,7245
2613,2603,7246
2614,2604,7247
2615,2605,7248
2616,2606,7249
2617,2607,7250
2618,2608,7251
2619,2609,7252
2620,2610,7253
2621,2611,7254
2622,2612,7255
2623,2613,7256
2624,2614,7257
2625,2615,7258
2626,2616,7259
2627,2617,7260
2628,2618,7261
2629,2619,7262
2630,2620,7263
2631,2621,7264
2632,2622,7265
2633,2623,7266
2634,2624,7267
2635,2625,7268
2636,2626,7269
2637,2627,7270
2638,2628,7271
2639,2629,7272
2640,2630,7273
2641,2631,7274
2642,2632,7275
2643,2633,7276
2644,2634,7277
2645,2635,7278
2646,2636,7279
2647,2637,7280
2648,2638,7281
2649,2639,7282
2650,2640,7283
2651,2641,7284
2652,2642,7285
2653,2643,7286
2654,2644,7287
2655,2645,7288
2656,2646,7289
2657,2647,7290
2658,2648,7291
2659,2649,7292
2660,2650,7293
2661,2651,7294
2662,2652,7295
2663,2653,7296
2664,2654,7297
2665,2655,7298
2666,2656,7299
2667,2657,7300
2668,2658,7301
2669,2659,7302
2670,2660,7303
2671,2661,7304
2672,2662,7305
2673,2663,7306
2674,2664,7307
2675,2665,7308
2676,2666,7309
2677,2667,7310
2678,2668,7311
2679,2669,7312
2680,2670,7313
2681,2671,7314
2682,2692,7315
2683,2693,7316
2684,2694,7317
2685,2695,7318
2686,2696,7319
2687,2697,7320
2688,2698,7321
2689,2699,7322
2690,2700,7323
2691,2701,7324
2692,2702,7325
2693,2703,7326
2694,2704,7327
2695,2705,7328
2696,2706,7329
2697,2707,7330
2698,2708,7331
2699,2709,7332
2700,2710,7333
2701,2711,7334
2702,2672,7335
2703,2673,7336
2704,2674,7337
2705,2675,7338
2706,2676,7339
2707,2677,7340
2708,2678,7341
2709,2679,7342
2710,2680,7343
2711,2681,7344
2712,2682,7345
2713,2683,7346
2714,2684,7347
2715,2685,7348
2716,2686,7349
2717,2687,7350
2718,2688,7351
2719,2689,7352
2720,2690,7353
2721,2691,7354
2722,2712,7355
2723,2713,7356
2724,2714,7357
2725,2715,7358
2726,2716,7359
2727,2717,7360
2728,2718,7361
2729,2719,7362
2730,2720,7363
2731,2721,7364
2732,2722,7365
2733,2723,7366
2734,2724,7367
2735,2725,7368
2736,2726,7369
2737,2727,7370
2738,2728,7371
2739,2729,7372
2740,2730,7373
2741,2731,7374
2742,2732,7375
2743,2733,7376
2744,2734,7377
2745,2735,7378
2746,2736,7379
2747,2737,7380
2748,2738,7381
2749,2739,7382
2750,2740,7383
2751,2741,7384
2752,2742,7385
2753,2743,7386
2754,2744,7387
2755,2745,7388
2756,2746,7389
2757,2747,7390
2758,2748,7391
2759,2749,7392
2760,2750,7393
2761,2751,7394
2762,2752,7395
2763,2753,7396
2764,2754,7397
2765,2755,7398
2766,2756,7399
2767,2757,7400
2768,2758,7401
2769,2759,7402
2770,2760,7403
2771,2761,7404
2772,2762,7405
2773,2763,7406
2774,2764,7407
2775,2765,7408
2776,2766,7409
2777,2767,7410
2778,2768,7411
2779,2769,7412
2780,2770,7413
2781,2771,7414
2782,2772,7415
2783,2773,7416
2784,2774,7417
2785,2775,7418
2786,2776,7419
2787,2777,7420
2788,2778,7421
2789,2779,7422
2790,2780,7423
2791,2781,7424
2792,2782,7425
2793,2783,7426
2794,2784,7427
2795,2785,7428
2796,2786,7429
2797,2787,7430
2798,2788,7431
2799,2789,7432
2800,2790,7433
2801,2791,7434
2802,2792,7435
2803,2793,7436
2804,2794,7437
2805,2795,7438
2806,2796,7439
2807,2797,7440
2808,2798,7441
2809,2799,7442
2810,2800,7443
2811,2801,7444
2812,2802,7445
2813,2803,7446
2814,2804,7447
2815,2805,7448
2816,2806,7449
2817,2807,7450
2818,2808,7451
2819,2809,7452
2820,2810,7453
2821,2811,7454
2822,2812,7455
2823,2813,7456
2824,2814,7457
2825,2815,7458
2826,2816,7459
2827,2817,7460
2828,2818,7461
2829,2819,7462
2830,2820,7463
2831,2821,7464
2832,2822,7465
2833,2823,7466
2834,2824,7467
2835,2825,7468
2836,2826,7469
2837,2827,7470
2838,2828,7471
2839,2829,7472
2840,2830,7473
2841,2831,7474
2842,2832,7475
2843,2833,7476
2844,2834,7477
2845,2835,7478
2846,2836,7479
2847,2837,7480
2848,2838,7481
2849,2839,7482
2850,2840,7483
2851,2841,7484
2852,2842,7485
2853,2843,7486
2854,2844,7487
2855,2845,7488
2856,2846,7489
2857,2847,7490
2858,2848,7491
2859,2849,7492
2860,2850,7493
2861,2851,7494
2862,2852,7495
2863,2853,7496
2864,2854,7497
2865,2855,7498
2866,2856,7499
2867,2857,7500
2868,2858,7501
2869,2859,7502
2870,2860,7503
2871,2861,7504
2872,2862,7505
2873,2863,7506
2874,2864,7507
2875,2865,7508
2876,2866,7509
2877,2867,7510
2878,2868,7511
2879,2869,7512
2880,2870,7513
2881,2871,7514
2882,2872,7515
2883,2873,7516
2884,2874,7517
2885,2875,7518
2886,2876,7519
2887,2877,7520
2888,2878,7521
2889,2879,7522
2890,2880,7523
2891,2881,7524
2892,2882,7525
2893,2883,7526
2894,2884,7527
2895,2885,7528
2896,2886,7529
2897,2887,7530
2898,2888,7531
2899,2889,7532
2900,2890,7533
2901,2891,7534
2902,2892,7535
2903,2893,7536
2904,2894,7537
2905,2895,7538
2906,2896,7539
2907,2897,7540
2908,2898,7541
2909,2899,7542
2910,2900,7543
2911,2901,7544
2912,2902,7545
2913,2903,7546
2914,2904,7547
2915,2905,7548
2916,2906,7549
2917,2907,7550
2918,2908,7551
2919,2909,7552
2920,2910,7553
2921,2911,7554
2922,2912,7555
2923,2913,7556
2924,2914,7557
2925,2915,7558
2926,2916,7559
2927,2917,7560
2928,2918,7561
2929,2919,7562
2930,2920,7563
2931,2921,7564
2932,2922,7565
2933,2923,7566
2934,2924,7567
2935,2925,7568
2936,2926,7569
2937,2927,7570
2938,2928,7571
2939,2929,7572
2940,2930,7573
2941,2931,7574
2942,2932,7575
2943,2933,7576
2944,2934,7577
2945,2935,7578
2946,2936,7579
2947,2937,7580
2948,2938,7581
2949,2939,7582
2950,2940,7583
2951,2941,7584
2952,2942,7585
2953,2943,7586
2954,2944,7587
2955,2945,7588
2956,2946,7589
2957,2947,7590
2958,2948,7591
2959,2949,7592
2960,2950,7593
2961,2951,7594
2962,2952,7595
2963,2953,7596
2964,2954,7597
2965,2955,7598
2966,2956,7599
2967,2957,7600
2968,2958,7601
2969,2959,7602
2970,2960,7603
2971,2961,7604
2972,2962,7605
2973,2963,7606
2974,2964,7607
2975,2965,7608
2976,2966,7609
2977,2967,7610
2978,2968,7611
2979,2969,7612
2980,2970,7613
2981,2971,7614
2982,2972,7615
2983,2973,7616
2984,2974,7617
2985,2975,7618
2986,2976,7619
2987,2977,7620
2988,2978,7621
2989,2979,7622
2990,2980,7623
2991,2981,7624
2992,2982,7625
2993,2983,7626
2994,2984,7627
2995,2985,7628
2996,2986,7629
2997,2987,7630
2998,2988,7631
2999,2989,7632
3000,2990,7633
3001,2991,7634
3002,2992,7635
3003,2993,7636
3004,2994,7637
3005,2995,7638
3006,2996,7639
3007,2997,7640
3008,2998,7641
3009,2999,7642
3010,3000,7643
3011,3001,7644
3012,3002,7645
3013,3003,7646
3014,3004,7647
3015,3005,7648
3016,3006,7649
3017,3007,7650
3018,3008,7651
3019,3009,7652
3020,3010,7653
3021,3011,7654
3022,3012,7655
3023,3013,7656
3024,3014,7657
3025,3015,7658
3026,3016,7659
3027,3017,7660
3028,3018,7661
3029,3019,7662
3030,3020,7663
3031,3021,7664
3032,3022,7665
3033,3023,7666
3034,3024,7667
3035,3025,7668
3036,3026,7669
3037,3027,7670
3038,3028,7671
3039,3029,7672
3040,3030,7673
3041,3031,7674
3042,3032,7675
3043,3033,7676
3044,3034,7677
3045,3035,7678
3046,3036,7679
3047,3037,7680
3048,3038,7681
3049,3039,7682
3050,3040,7683
3051,3041,7684
3052,3042,7685
3053,3043,7686
3054,3044,7687
3055,3045,7688
3056,3046,7689
3057,3047,7690
3058,3048,7691
3059,3049,7692
3060,3050,7693
3061,3051,7694
3062,3052,7695
3063,3053,7696
3064,3054,7697
3065,3055,7698
3066,3056,7699
3067,3057,7700
3068,3058,7701
3069,3059,7702
3070,3060,7703
3071,3061,7704
3072,3062,7705
3073,3063,7706
3074,3064,7707
3075,3065,7708
3076,3066,7709
3077,3067,7710
3078,3068,7711
3079,3069,7712
3080,3070,7713
3081,3071,7714
3082,3072,7715
3083,3073,7716
3084,3074,7717
3085,3075,7718
3086,3076,7719
3087,3077,7720
3088,3078,7721
3089,3079,7722
3090,3080,7723
3091,3081,7724
3092,3082,7725
3093,3083,7726
3094,3084,7727
3095,3085,7728
3096,3086,7729
3097,3087,7730
3098,3088,7731
3099,3089,7732
3100,3090,7733
3101,3091,7734
3102,3092,7735
3103,3093,7736
3104,3094,7737
3105,3095,7738
3106,3096,7739
3107,3097,7740
3108,3098,7741
3109,3099,7742
3110,3100,7743
3111,3101,7744
3112,3102,7745
3113,3103,7746
3114,3104,7747
3115,3105,7748
3116,3106,7749
3117,3087,7730
