id,lot1,item1,lot2,item2,lot3,item3,lot4,item4,lot5,item5,lot6,item6,lot7,item7,lot8,item8,lot9,item9,lot10,item10,lot11,item11,lot12,item12
1,100,1,100,308,100,308,0,0,0,0,0,0,0,0,0,0,0,0,0,0,0,0,0,0
2,100,2,100,308,100,308,0,0,0,0,0,0,0,0,0,0,0,0,0,0,0,0,0,0
3,100,3,100,308,100,308,0,0,0,0,0,0,0,0,0,0,0,0,0,0,0,0,0,0
4,100,4,100,308,100,308,0,0,0,0,0,0,0,0,0,0,0,0,0,0,0,0,0,0
5,100,5,100,308,100,308,0,0,0,0,0,0,0,0,0,0,0,0,0,0,0,0,0,0
6,100,6,100,308,100,308,0,0,0,0,0,0,0,0,0,0,0,0,0,0,0,0,0,0
7,100,7,100,308,100,308,0,0,0,0,0,0,0,0,0,0,0,0,0,0,0,0,0,0
8,100,8,100,308,100,308,0,0,0,0,0,0,0,0,0,0,0,0,0,0,0,0,0,0
9,100,9,100,308,100,308,0,0,0,0,0,0,0,0,0,0,0,0,0,0,0,0,0,0
10,100,10,100,308,100,308,0,0,0,0,0,0,0,0,0,0,0,0,0,0,0,0,0,0
11,100,11,100,308,100,308,0,0,0,0,0,0,0,0,0,0,0,0,0,0,0,0,0,0
12,100,12,100,308,100,308,0,0,0,0,0,0,0,0,0,0,0,0,0,0,0,0,0,0
13,100,13,100,308,100,308,0,0,0,0,0,0,0,0,0,0,0,0,0,0,0,0,0,0
14,100,14,100,308,100,308,0,0,0,0,0,0,0,0,0,0,0,0,0,0,0,0,0,0
15,100,15,100,308,100,308,0,0,0,0,0,0,0,0,0,0,0,0,0,0,0,0,0,0
16,100,16,100,308,100,308,0,0,0,0,0,0,0,0,0,0,0,0,0,0,0,0,0,0
17,100,17,100,308,100,308,0,0,0,0,0,0,0,0,0,0,0,0,0,0,0,0,0,0
18,100,18,100,308,100,308,0,0,0,0,0,0,0,0,0,0,0,0,0,0,0,0,0,0
19,100,19,100,308,100,308,0,0,0,0,0,0,0,0,0,0,0,0,0,0,0,0,0,0
20,100,27,100,308,100,308,0,0,0,0,0,0,0,0,0,0,0,0,0,0,0,0,0,0
21,100,28,100,308,100,308,0,0,0,0,0,0,0,0,0,0,0,0,0,0,0,0,0,0
22,100,21,100,308,100,308,0,0,0,0,0,0,0,0,0,0,0,0,0,0,0,0,0,0
23,100,20,100,308,100,308,0,0,0,0,0,0,0,0,0,0,0,0,0,0,0,0,0,0
24,100,22,100,308,100,308,0,0,0,0,0,0,0,0,0,0,0,0,0,0,0,0,0,0
25,100,23,100,308,100,308,0,0,0,0,0,0,0,0,0,0,0,0,0,0,0,0,0,0
26,100,24,100,308,100,308,0,0,0,0,0,0,0,0,0,0,0,0,0,0,0,0,0,0
27,100,25,100,308,100,308,0,0,0,0,0,0,0,0,0,0,0,0,0,0,0,0,0,0
28,100,26,100,308,100,308,0,0,0,0,0,0,0,0,0,0,0,0,0,0,0,0,0,0
29,100,30,0,0,0,0,0,0,0,0,0,0,0,0,0,0,0,0,0,0,0,0,0,0
30,100,31,0,0,0,0,0,0,0,0,0,0,0,0,0,0,0,0,0,0,0,0,0,0
31,100,32,0,0,0,0,0,0,0,0,0,0,0,0,0,0,0,0,0,0,0,0,0,0
32,100,33,0,0,0,0,0,0,0,0,0,0,0,0,0,0,0,0,0,0,0,0,0,0
33,100,34,0,0,0,0,0,0,0,0,0,0,0,0,0,0,0,0,0,0,0,0,0,0
34,100,35,0,0,0,0,0,0,0,0,0,0,0,0,0,0,0,0,0,0,0,0,0,0
35,100,36,0,0,0,0,0,0,0,0,0,0,0,0,0,0,0,0,0,0,0,0,0,0
36,100,37,0,0,0,0,0,0,0,0,0,0,0,0,0,0,0,0,0,0,0,0,0,0
37,100,38,0,0,0,0,0,0,0,0,0,0,0,0,0,0,0,0,0,0,0,0,0,0
38,100,39,0,0,0,0,0,0,0,0,0,0,0,0,0,0,0,0,0,0,0,0,0,0
39,100,40,0,0,0,0,0,0,0,0,0,0,0,0,0,0,0,0,0,0,0,0,0,0
40,100,41,0,0,0,0,0,0,0,0,0,0,0,0,0,0,0,0,0,0,0,0,0,0
41,100,42,0,0,0,0,0,0,0,0,0,0,0,0,0,0,0,0,0,0,0,0,0,0
42,100,43,0,0,0,0,0,0,0,0,0,0,0,0,0,0,0,0,0,0,0,0,0,0
43,30,2023,30,1656,30,2118,30,1568,100,2023,0,0,0,0,0,0,0,0,0,0,0,0,0,0
44,100,308,0,0,0,0,0,0,0,0,0,0,0,0,0,0,0,0,0,0,0,0,0,0
45,100,310,0,0,0,0,0,0,0,0,0,0,0,0,0,0,0,0,0,0,0,0,0,0
46,50,312,100,308,0,0,0,0,0,0,0,0,0,0,0,0,0,0,0,0,0,0,0,0
47,50,314,100,310,0,0,0,0,0,0,0,0,0,0,0,0,0,0,0,0,0,0,0,0
48,25,310,100,308,0,0,0,0,0,0,0,0,0,0,0,0,0,0,0,0,0,0,0,0
49,100,44,100,310,100,310,0,0,0,0,0,0,0,0,0,0,0,0,0,0,0,0,0,0
50,100,45,100,310,100,310,0,0,0,0,0,0,0,0,0,0,0,0,0,0,0,0,0,0
51,100,46,100,310,100,310,0,0,0,0,0,0,0,0,0,0,0,0,0,0,0,0,0,0
52,100,47,100,310,100,310,0,0,0,0,0,0,0,0,0,0,0,0,0,0,0,0,0,0
53,100,48,100,310,100,310,0,0,0,0,0,0,0,0,0,0,0,0,0,0,0,0,0,0
54,100,49,100,3685,100,3687,0,0,0,0,0,0,0,0,0,0,0,0,0,0,0,0,0,0
55,100,50,100,310,100,310,0,0,0,0,0,0,0,0,0,0,0,0,0,0,0,0,0,0
56,100,51,100,310,100,310,0,0,0,0,0,0,0,0,0,0,0,0,0,0,0,0,0,0
57,100,52,100,310,100,310,0,0,0,0,0,0,0,0,0,0,0,0,0,0,0,0,0,0
58,100,53,100,310,100,310,0,0,0,0,0,0,0,0,0,0,0,0,0,0,0,0,0,0
59,100,54,100,310,100,310,0,0,0,0,0,0,0,0,0,0,0,0,0,0,0,0,0,0
60,100,55,100,310,100,310,0,0,0,0,0,0,0,0,0,0,0,0,0,0,0,0,0,0
61,100,56,100,310,100,310,0,0,0,0,0,0,0,0,0,0,0,0,0,0,0,0,0,0
62,100,57,100,310,100,310,0,0,0,0,0,0,0,0,0,0,0,0,0,0,0,0,0,0
63,100,58,100,310,100,310,0,0,0,0,0,0,0,0,0,0,0,0,0,0,0,0,0,0
64,100,59,100,310,100,310,0,0,0,0,0,0,0,0,0,0,0,0,0,0,0,0,0,0
65,100,60,100,310,100,310,0,0,0,0,0,0,0,0,0,0,0,0,0,0,0,0,0,0
66,100,61,100,310,100,310,0,0,0,0,0,0,0,0,0,0,0,0,0,0,0,0,0,0
67,100,62,100,310,100,310,0,0,0,0,0,0,0,0,0,0,0,0,0,0,0,0,0,0
68,100,63,100,310,100,310,0,0,0,0,0,0,0,0,0,0,0,0,0,0,0,0,0,0
69,100,64,100,310,100,310,0,0,0,0,0,0,0,0,0,0,0,0,0,0,0,0,0,0
70,100,65,50,310,100,314,100,310,0,0,0,0,0,0,0,0,0,0,0,0,0,0,0,0
71,100,66,50,310,100,314,100,310,0,0,0,0,0,0,0,0,0,0,0,0,0,0,0,0
72,100,67,100,310,100,310,0,0,0,0,0,0,0,0,0,0,0,0,0,0,0,0,0,0
73,100,68,100,310,100,310,0,0,0,0,0,0,0,0,0,0,0,0,0,0,0,0,0,0
74,100,69,100,310,100,310,0,0,0,0,0,0,0,0,0,0,0,0,0,0,0,0,0,0
75,100,70,100,310,100,310,0,0,0,0,0,0,0,0,0,0,0,0,0,0,0,0,0,0
76,100,71,100,310,100,310,0,0,0,0,0,0,0,0,0,0,0,0,0,0,0,0,0,0
77,100,72,100,310,100,310,0,0,0,0,0,0,0,0,0,0,0,0,0,0,0,0,0,0
78,100,73,100,310,100,310,0,0,0,0,0,0,0,0,0,0,0,0,0,0,0,0,0,0
79,100,74,100,310,100,310,0,0,0,0,0,0,0,0,0,0,0,0,0,0,0,0,0,0
80,100,75,100,310,100,310,0,0,0,0,0,0,0,0,0,0,0,0,0,0,0,0,0,0
81,100,76,100,310,100,310,0,0,0,0,0,0,0,0,0,0,0,0,0,0,0,0,0,0
82,100,77,100,310,100,310,0,0,0,0,0,0,0,0,0,0,0,0,0,0,0,0,0,0
83,100,78,100,310,100,310,0,0,0,0,0,0,0,0,0,0,0,0,0,0,0,0,0,0
84,100,79,100,3681,100,3677,0,0,0,0,0,0,0,0,0,0,0,0,0,0,0,0,0,0
85,100,80,100,310,100,310,0,0,0,0,0,0,0,0,0,0,0,0,0,0,0,0,0,0
86,100,81,100,310,100,310,0,0,0,0,0,0,0,0,0,0,0,0,0,0,0,0,0,0
87,100,82,100,310,100,310,0,0,0,0,0,0,0,0,0,0,0,0,0,0,0,0,0,0
88,100,83,100,310,100,310,0,0,0,0,0,0,0,0,0,0,0,0,0,0,0,0,0,0
89,100,84,100,310,100,310,0,0,0,0,0,0,0,0,0,0,0,0,0,0,0,0,0,0
90,100,85,100,310,100,310,0,0,0,0,0,0,0,0,0,0,0,0,0,0,0,0,0,0
91,100,86,100,310,100,310,0,0,0,0,0,0,0,0,0,0,0,0,0,0,0,0,0,0
92,100,87,100,310,100,310,0,0,0,0,0,0,0,0,0,0,0,0,0,0,0,0,0,0
93,100,88,100,310,100,310,0,0,0,0,0,0,0,0,0,0,0,0,0,0,0,0,0,0
94,100,89,100,310,100,310,0,0,0,0,0,0,0,0,0,0,0,0,0,0,0,0,0,0
95,100,90,100,310,100,310,0,0,0,0,0,0,0,0,0,0,0,0,0,0,0,0,0,0
96,100,91,100,310,100,310,0,0,0,0,0,0,0,0,0,0,0,0,0,0,0,0,0,0
97,100,92,100,310,100,310,0,0,0,0,0,0,0,0,0,0,0,0,0,0,0,0,0,0
98,100,93,100,310,100,310,0,0,0,0,0,0,0,0,0,0,0,0,0,0,0,0,0,0
99,100,94,100,310,100,310,0,0,0,0,0,0,0,0,0,0,0,0,0,0,0,0,0,0
100,100,95,100,310,100,310,0,0,0,0,0,0,0,0,0,0,0,0,0,0,0,0,0,0
101,100,96,100,310,100,310,0,0,0,0,0,0,0,0,0,0,0,0,0,0,0,0,0,0
102,100,97,100,310,100,310,0,0,0,0,0,0,0,0,0,0,0,0,0,0,0,0,0,0
103,100,98,100,310,100,310,0,0,0,0,0,0,0,0,0,0,0,0,0,0,0,0,0,0
104,100,99,100,310,100,310,0,0,0,0,0,0,0,0,0,0,0,0,0,0,0,0,0,0
105,100,100,100,310,100,310,0,0,0,0,0,0,0,0,0,0,0,0,0,0,0,0,0,0
106,100,101,100,310,100,310,0,0,0,0,0,0,0,0,0,0,0,0,0,0,0,0,0,0
107,100,102,50,310,100,314,100,310,0,0,0,0,0,0,0,0,0,0,0,0,0,0,0,0
108,100,103,50,310,100,314,100,310,0,0,0,0,0,0,0,0,0,0,0,0,0,0,0,0
109,100,104,50,310,100,314,100,310,0,0,0,0,0,0,0,0,0,0,0,0,0,0,0,0
110,100,105,50,310,100,314,100,310,0,0,0,0,0,0,0,0,0,0,0,0,0,0,0,0
111,100,106,100,310,100,310,0,0,0,0,0,0,0,0,0,0,0,0,0,0,0,0,0,0
112,100,107,100,310,100,310,0,0,0,0,0,0,0,0,0,0,0,0,0,0,0,0,0,0
113,100,108,100,310,100,310,0,0,0,0,0,0,0,0,0,0,0,0,0,0,0,0,0,0
114,100,109,100,310,100,310,0,0,0,0,0,0,0,0,0,0,0,0,0,0,0,0,0,0
115,100,110,50,308,100,310,100,308,0,0,0,0,0,0,0,0,0,0,0,0,0,0,0,0
116,100,111,100,308,100,308,0,0,0,0,0,0,0,0,0,0,0,0,0,0,0,0,0,0
117,100,112,50,308,100,310,100,308,0,0,0,0,0,0,0,0,0,0,0,0,0,0,0,0
118,100,113,100,308,100,308,0,0,0,0,0,0,0,0,0,0,0,0,0,0,0,0,0,0
119,100,114,50,308,100,310,100,308,0,0,0,0,0,0,0,0,0,0,0,0,0,0,0,0
120,100,115,50,308,100,310,100,308,0,0,0,0,0,0,0,0,0,0,0,0,0,0,0,0
121,100,116,50,308,100,310,100,308,0,0,0,0,0,0,0,0,0,0,0,0,0,0,0,0
122,100,117,50,308,100,310,100,308,0,0,0,0,0,0,0,0,0,0,0,0,0,0,0,0
123,100,118,50,308,100,310,100,308,0,0,0,0,0,0,0,0,0,0,0,0,0,0,0,0
124,100,119,50,308,100,310,100,308,0,0,0,0,0,0,0,0,0,0,0,0,0,0,0,0
125,100,120,100,308,100,308,0,0,0,0,0,0,0,0,0,0,0,0,0,0,0,0,0,0
126,100,121,100,308,100,308,0,0,0,0,0,0,0,0,0,0,0,0,0,0,0,0,0,0
127,100,122,100,308,100,308,0,0,0,0,0,0,0,0,0,0,0,0,0,0,0,0,0,0
128,100,123,100,308,100,308,0,0,0,0,0,0,0,0,0,0,0,0,0,0,0,0,0,0
129,100,124,100,308,100,308,0,0,0,0,0,0,0,0,0,0,0,0,0,0,0,0,0,0
130,100,125,100,308,100,308,0,0,0,0,0,0,0,0,0,0,0,0,0,0,0,0,0,0
131,100,126,100,308,100,308,0,0,0,0,0,0,0,0,0,0,0,0,0,0,0,0,0,0
132,100,127,100,308,100,308,0,0,0,0,0,0,0,0,0,0,0,0,0,0,0,0,0,0
133,100,128,100,308,100,308,0,0,0,0,0,0,0,0,0,0,0,0,0,0,0,0,0,0
134,100,129,100,308,100,308,0,0,0,0,0,0,0,0,0,0,0,0,0,0,0,0,0,0
135,100,130,100,308,100,308,0,0,0,0,0,0,0,0,0,0,0,0,0,0,0,0,0,0
136,100,131,100,308,100,308,0,0,0,0,0,0,0,0,0,0,0,0,0,0,0,0,0,0
137,100,132,100,308,100,308,0,0,0,0,0,0,0,0,0,0,0,0,0,0,0,0,0,0
138,100,133,100,308,100,308,0,0,0,0,0,0,0,0,0,0,0,0,0,0,0,0,0,0
139,100,134,100,308,100,308,0,0,0,0,0,0,0,0,0,0,0,0,0,0,0,0,0,0
140,100,135,100,308,100,308,0,0,0,0,0,0,0,0,0,0,0,0,0,0,0,0,0,0
141,100,136,100,308,100,308,0,0,0,0,0,0,0,0,0,0,0,0,0,0,0,0,0,0
142,100,137,50,308,100,312,100,308,0,0,0,0,0,0,0,0,0,0,0,0,0,0,0,0
143,100,138,100,308,100,308,0,0,0,0,0,0,0,0,0,0,0,0,0,0,0,0,0,0
144,100,139,100,308,100,308,0,0,0,0,0,0,0,0,0,0,0,0,0,0,0,0,0,0
145,100,140,50,308,100,312,100,308,0,0,0,0,0,0,0,0,0,0,0,0,0,0,0,0
146,100,141,100,308,100,308,0,0,0,0,0,0,0,0,0,0,0,0,0,0,0,0,0,0
147,100,142,100,308,100,308,0,0,0,0,0,0,0,0,0,0,0,0,0,0,0,0,0,0
148,100,143,100,308,100,308,0,0,0,0,0,0,0,0,0,0,0,0,0,0,0,0,0,0
149,100,144,50,308,100,312,100,308,0,0,0,0,0,0,0,0,0,0,0,0,0,0,0,0
150,100,145,100,308,100,308,0,0,0,0,0,0,0,0,0,0,0,0,0,0,0,0,0,0
151,100,146,100,308,100,308,0,0,0,0,0,0,0,0,0,0,0,0,0,0,0,0,0,0
152,100,147,100,308,100,308,0,0,0,0,0,0,0,0,0,0,0,0,0,0,0,0,0,0
153,100,148,100,308,100,308,0,0,0,0,0,0,0,0,0,0,0,0,0,0,0,0,0,0
154,100,149,100,308,100,308,0,0,0,0,0,0,0,0,0,0,0,0,0,0,0,0,0,0
155,100,150,100,308,100,308,0,0,0,0,0,0,0,0,0,0,0,0,0,0,0,0,0,0
156,100,151,100,308,100,308,0,0,0,0,0,0,0,0,0,0,0,0,0,0,0,0,0,0
157,100,152,100,308,100,308,0,0,0,0,0,0,0,0,0,0,0,0,0,0,0,0,0,0
158,100,153,100,308,100,308,0,0,0,0,0,0,0,0,0,0,0,0,0,0,0,0,0,0
159,100,154,100,308,100,308,0,0,0,0,0,0,0,0,0,0,0,0,0,0,0,0,0,0
160,100,155,100,308,100,308,0,0,0,0,0,0,0,0,0,0,0,0,0,0,0,0,0,0
161,100,156,100,308,100,308,0,0,0,0,0,0,0,0,0,0,0,0,0,0,0,0,0,0
162,100,157,100,308,100,308,0,0,0,0,0,0,0,0,0,0,0,0,0,0,0,0,0,0
163,100,158,100,308,100,308,0,0,0,0,0,0,0,0,0,0,0,0,0,0,0,0,0,0
164,100,159,100,308,100,308,0,0,0,0,0,0,0,0,0,0,0,0,0,0,0,0,0,0
165,100,160,100,308,100,308,0,0,0,0,0,0,0,0,0,0,0,0,0,0,0,0,0,0
166,100,161,100,308,100,308,0,0,0,0,0,0,0,0,0,0,0,0,0,0,0,0,0,0
167,100,162,100,308,100,308,0,0,0,0,0,0,0,0,0,0,0,0,0,0,0,0,0,0
168,100,163,100,308,100,308,0,0,0,0,0,0,0,0,0,0,0,0,0,0,0,0,0,0
169,100,164,100,308,100,308,0,0,0,0,0,0,0,0,0,0,0,0,0,0,0,0,0,0
170,100,165,50,308,100,312,100,308,0,0,0,0,0,0,0,0,0,0,0,0,0,0,0,0
171,100,166,50,308,100,312,100,308,0,0,0,0,0,0,0,0,0,0,0,0,0,0,0,0
172,100,167,50,308,100,312,100,308,0,0,0,0,0,0,0,0,0,0,0,0,0,0,0,0
173,100,168,50,308,100,312,100,308,0,0,0,0,0,0,0,0,0,0,0,0,0,0,0,0
174,100,169,50,308,100,312,100,308,0,0,0,0,0,0,0,0,0,0,0,0,0,0,0,0
175,100,170,50,308,100,312,100,308,0,0,0,0,0,0,0,0,0,0,0,0,0,0,0,0
176,100,171,50,308,100,312,100,308,0,0,0,0,0,0,0,0,0,0,0,0,0,0,0,0
177,100,172,50,308,100,312,100,308,0,0,0,0,0,0,0,0,0,0,0,0,0,0,0,0
178,100,173,100,308,100,308,0,0,0,0,0,0,0,0,0,0,0,0,0,0,0,0,0,0
179,100,174,100,308,100,308,0,0,0,0,0,0,0,0,0,0,0,0,0,0,0,0,0,0
180,100,175,50,308,100,312,100,308,0,0,0,0,0,0,0,0,0,0,0,0,0,0,0,0
181,100,176,50,308,100,312,100,308,0,0,0,0,0,0,0,0,0,0,0,0,0,0,0,0
182,100,177,50,308,100,312,100,308,0,0,0,0,0,0,0,0,0,0,0,0,0,0,0,0
183,100,178,50,308,100,312,100,308,0,0,0,0,0,0,0,0,0,0,0,0,0,0,0,0
184,100,179,50,308,100,312,100,308,0,0,0,0,0,0,0,0,0,0,0,0,0,0,0,0
185,100,180,100,308,100,308,0,0,0,0,0,0,0,0,0,0,0,0,0,0,0,0,0,0
186,100,181,100,308,100,308,0,0,0,0,0,0,0,0,0,0,0,0,0,0,0,0,0,0
187,100,182,100,308,100,308,0,0,0,0,0,0,0,0,0,0,0,0,0,0,0,0,0,0
188,100,183,100,308,100,308,0,0,0,0,0,0,0,0,0,0,0,0,0,0,0,0,0,0
189,100,184,100,308,100,308,0,0,0,0,0,0,0,0,0,0,0,0,0,0,0,0,0,0
190,100,185,100,308,100,308,0,0,0,0,0,0,0,0,0,0,0,0,0,0,0,0,0,0
191,100,186,100,308,100,308,0,0,0,0,0,0,0,0,0,0,0,0,0,0,0,0,0,0
192,100,187,100,308,100,308,0,0,0,0,0,0,0,0,0,0,0,0,0,0,0,0,0,0
193,100,188,100,308,100,308,0,0,0,0,0,0,0,0,0,0,0,0,0,0,0,0,0,0
194,100,189,100,308,100,308,0,0,0,0,0,0,0,0,0,0,0,0,0,0,0,0,0,0
195,100,190,100,308,100,308,0,0,0,0,0,0,0,0,0,0,0,0,0,0,0,0,0,0
196,100,191,100,308,100,308,0,0,0,0,0,0,0,0,0,0,0,0,0,0,0,0,0,0
197,100,192,100,308,100,308,0,0,0,0,0,0,0,0,0,0,0,0,0,0,0,0,0,0
198,100,193,100,308,100,308,0,0,0,0,0,0,0,0,0,0,0,0,0,0,0,0,0,0
199,100,194,100,308,100,308,0,0,0,0,0,0,0,0,0,0,0,0,0,0,0,0,0,0
200,100,195,100,308,100,308,0,0,0,0,0,0,0,0,0,0,0,0,0,0,0,0,0,0
201,100,196,100,308,100,308,0,0,0,0,0,0,0,0,0,0,0,0,0,0,0,0,0,0
202,100,197,100,308,100,308,0,0,0,0,0,0,0,0,0,0,0,0,0,0,0,0,0,0
203,100,198,100,308,100,308,0,0,0,0,0,0,0,0,0,0,0,0,0,0,0,0,0,0
204,100,199,100,308,100,308,0,0,0,0,0,0,0,0,0,0,0,0,0,0,0,0,0,0
205,100,200,100,308,100,308,0,0,0,0,0,0,0,0,0,0,0,0,0,0,0,0,0,0
206,100,201,100,308,100,308,0,0,0,0,0,0,0,0,0,0,0,0,0,0,0,0,0,0
207,100,202,100,308,100,308,0,0,0,0,0,0,0,0,0,0,0,0,0,0,0,0,0,0
208,100,203,100,308,100,308,0,0,0,0,0,0,0,0,0,0,0,0,0,0,0,0,0,0
209,100,204,100,308,100,308,0,0,0,0,0,0,0,0,0,0,0,0,0,0,0,0,0,0
210,100,205,100,308,100,308,0,0,0,0,0,0,0,0,0,0,0,0,0,0,0,0,0,0
211,100,206,100,308,100,308,0,0,0,0,0,0,0,0,0,0,0,0,0,0,0,0,0,0
212,100,207,100,308,100,308,0,0,0,0,0,0,0,0,0,0,0,0,0,0,0,0,0,0
213,100,208,100,308,100,308,0,0,0,0,0,0,0,0,0,0,0,0,0,0,0,0,0,0
214,100,209,100,308,100,308,0,0,0,0,0,0,0,0,0,0,0,0,0,0,0,0,0,0
215,100,210,100,308,100,308,0,0,0,0,0,0,0,0,0,0,0,0,0,0,0,0,0,0
216,100,211,100,308,100,308,0,0,0,0,0,0,0,0,0,0,0,0,0,0,0,0,0,0
217,100,212,100,308,100,308,0,0,0,0,0,0,0,0,0,0,0,0,0,0,0,0,0,0
218,100,213,100,308,100,308,0,0,0,0,0,0,0,0,0,0,0,0,0,0,0,0,0,0
219,100,214,50,308,100,312,100,308,0,0,0,0,0,0,0,0,0,0,0,0,0,0,0,0
220,100,215,50,308,100,312,100,308,0,0,0,0,0,0,0,0,0,0,0,0,0,0,0,0
221,100,216,50,308,100,312,100,308,0,0,0,0,0,0,0,0,0,0,0,0,0,0,0,0
222,100,217,50,308,100,312,100,308,0,0,0,0,0,0,0,0,0,0,0,0,0,0,0,0
223,100,218,50,308,100,312,100,308,0,0,0,0,0,0,0,0,0,0,0,0,0,0,0,0
224,100,219,100,308,100,308,0,0,0,0,0,0,0,0,0,0,0,0,0,0,0,0,0,0
225,100,220,100,308,100,308,0,0,0,0,0,0,0,0,0,0,0,0,0,0,0,0,0,0
226,100,221,100,308,100,308,0,0,0,0,0,0,0,0,0,0,0,0,0,0,0,0,0,0
227,100,222,100,308,100,308,0,0,0,0,0,0,0,0,0,0,0,0,0,0,0,0,0,0
228,100,223,50,308,100,312,100,308,0,0,0,0,0,0,0,0,0,0,0,0,0,0,0,0
229,100,224,50,308,100,312,100,308,0,0,0,0,0,0,0,0,0,0,0,0,0,0,0,0
230,100,225,50,308,100,312,100,308,0,0,0,0,0,0,0,0,0,0,0,0,0,0,0,0
231,100,226,50,308,100,312,100,308,0,0,0,0,0,0,0,0,0,0,0,0,0,0,0,0
232,100,227,50,308,100,312,100,308,0,0,0,0,0,0,0,0,0,0,0,0,0,0,0,0
233,100,228,50,308,100,312,100,308,0,0,0,0,0,0,0,0,0,0,0,0,0,0,0,0
234,100,229,50,308,100,312,100,308,0,0,0,0,0,0,0,0,0,0,0,0,0,0,0,0
235,100,230,50,308,100,312,100,308,0,0,0,0,0,0,0,0,0,0,0,0,0,0,0,0
236,100,231,100,308,100,308,0,0,0,0,0,0,0,0,0,0,0,0,0,0,0,0,0,0
237,100,232,100,308,100,308,0,0,0,0,0,0,0,0,0,0,0,0,0,0,0,0,0,0
238,100,233,100,308,100,308,0,0,0,0,0,0,0,0,0,0,0,0,0,0,0,0,0,0
239,100,234,100,308,100,308,0,0,0,0,0,0,0,0,0,0,0,0,0,0,0,0,0,0
240,100,235,100,308,100,308,0,0,0,0,0,0,0,0,0,0,0,0,0,0,0,0,0,0
241,100,236,100,308,100,308,0,0,0,0,0,0,0,0,0,0,0,0,0,0,0,0,0,0
242,100,237,100,308,100,308,0,0,0,0,0,0,0,0,0,0,0,0,0,0,0,0,0,0
243,100,238,100,308,100,308,0,0,0,0,0,0,0,0,0,0,0,0,0,0,0,0,0,0
244,100,239,100,308,100,308,0,0,0,0,0,0,0,0,0,0,0,0,0,0,0,0,0,0
245,100,240,100,308,100,308,0,0,0,0,0,0,0,0,0,0,0,0,0,0,0,0,0,0
246,100,241,100,308,100,308,0,0,0,0,0,0,0,0,0,0,0,0,0,0,0,0,0,0
247,100,242,100,308,100,308,0,0,0,0,0,0,0,0,0,0,0,0,0,0,0,0,0,0
248,100,243,100,308,100,308,0,0,0,0,0,0,0,0,0,0,0,0,0,0,0,0,0,0
249,100,244,100,308,100,308,0,0,0,0,0,0,0,0,0,0,0,0,0,0,0,0,0,0
250,100,245,100,308,100,308,0,0,0,0,0,0,0,0,0,0,0,0,0,0,0,0,0,0
251,100,246,100,308,100,308,0,0,0,0,0,0,0,0,0,0,0,0,0,0,0,0,0,0
252,100,247,100,308,100,308,0,0,0,0,0,0,0,0,0,0,0,0,0,0,0,0,0,0
253,100,248,100,308,100,308,0,0,0,0,0,0,0,0,0,0,0,0,0,0,0,0,0,0
254,100,249,100,308,100,308,0,0,0,0,0,0,0,0,0,0,0,0,0,0,0,0,0,0
255,100,250,100,308,100,308,0,0,0,0,0,0,0,0,0,0,0,0,0,0,0,0,0,0
256,100,251,100,308,100,308,0,0,0,0,0,0,0,0,0,0,0,0,0,0,0,0,0,0
257,100,252,100,308,100,308,0,0,0,0,0,0,0,0,0,0,0,0,0,0,0,0,0,0
258,100,253,100,308,100,308,0,0,0,0,0,0,0,0,0,0,0,0,0,0,0,0,0,0
259,100,254,100,308,100,308,0,0,0,0,0,0,0,0,0,0,0,0,0,0,0,0,0,0
260,100,255,50,308,100,312,100,308,0,0,0,0,0,0,0,0,0,0,0,0,0,0,0,0
261,100,256,50,308,100,312,100,308,0,0,0,0,0,0,0,0,0,0,0,0,0,0,0,0
262,100,257,50,308,100,312,100,308,0,0,0,0,0,0,0,0,0,0,0,0,0,0,0,0
263,100,258,50,308,100,312,100,308,0,0,0,0,0,0,0,0,0,0,0,0,0,0,0,0
264,100,259,50,308,100,312,100,308,0,0,0,0,0,0,0,0,0,0,0,0,0,0,0,0
265,100,260,50,308,100,312,100,308,0,0,0,0,0,0,0,0,0,0,0,0,0,0,0,0
266,100,261,50,308,100,312,100,308,0,0,0,0,0,0,0,0,0,0,0,0,0,0,0,0
267,100,262,50,308,100,312,100,308,0,0,0,0,0,0,0,0,0,0,0,0,0,0,0,0
268,100,263,50,308,100,312,100,308,0,0,0,0,0,0,0,0,0,0,0,0,0,0,0,0
269,100,264,50,308,100,312,100,308,0,0,0,0,0,0,0,0,0,0,0,0,0,0,0,0
270,100,265,50,308,100,312,100,308,0,0,0,0,0,0,0,0,0,0,0,0,0,0,0,0
271,100,266,100,308,100,308,0,0,0,0,0,0,0,0,0,0,0,0,0,0,0,0,0,0
272,100,267,100,308,100,308,0,0,0,0,0,0,0,0,0,0,0,0,0,0,0,0,0,0
273,100,268,100,308,100,308,0,0,0,0,0,0,0,0,0,0,0,0,0,0,0,0,0,0
274,100,269,100,308,100,308,0,0,0,0,0,0,0,0,0,0,0,0,0,0,0,0,0,0
275,100,270,100,308,100,308,0,0,0,0,0,0,0,0,0,0,0,0,0,0,0,0,0,0
276,100,271,100,308,100,308,0,0,0,0,0,0,0,0,0,0,0,0,0,0,0,0,0,0
277,100,272,100,308,100,308,0,0,0,0,0,0,0,0,0,0,0,0,0,0,0,0,0,0
278,100,273,100,308,100,308,0,0,0,0,0,0,0,0,0,0,0,0,0,0,0,0,0,0
279,100,274,100,308,100,308,0,0,0,0,0,0,0,0,0,0,0,0,0,0,0,0,0,0
280,100,275,100,308,100,308,0,0,0,0,0,0,0,0,0,0,0,0,0,0,0,0,0,0
281,100,276,100,308,100,308,0,0,0,0,0,0,0,0,0,0,0,0,0,0,0,0,0,0
282,100,277,100,308,100,308,0,0,0,0,0,0,0,0,0,0,0,0,0,0,0,0,0,0
283,100,278,100,308,100,308,0,0,0,0,0,0,0,0,0,0,0,0,0,0,0,0,0,0
284,100,279,100,308,100,308,0,0,0,0,0,0,0,0,0,0,0,0,0,0,0,0,0,0
285,100,280,100,308,100,308,0,0,0,0,0,0,0,0,0,0,0,0,0,0,0,0,0,0
286,100,281,100,308,100,308,0,0,0,0,0,0,0,0,0,0,0,0,0,0,0,0,0,0
287,100,282,100,308,100,308,0,0,0,0,0,0,0,0,0,0,0,0,0,0,0,0,0,0
288,100,283,50,308,100,312,100,308,0,0,0,0,0,0,0,0,0,0,0,0,0,0,0,0
289,100,284,50,308,100,312,100,308,0,0,0,0,0,0,0,0,0,0,0,0,0,0,0,0
290,100,285,50,308,100,312,100,308,0,0,0,0,0,0,0,0,0,0,0,0,0,0,0,0
291,100,286,100,308,100,308,0,0,0,0,0,0,0,0,0,0,0,0,0,0,0,0,0,0
292,100,287,100,308,100,308,0,0,0,0,0,0,0,0,0,0,0,0,0,0,0,0,0,0
293,100,288,100,308,100,308,0,0,0,0,0,0,0,0,0,0,0,0,0,0,0,0,0,0
294,100,289,100,308,100,308,0,0,0,0,0,0,0,0,0,0,0,0,0,0,0,0,0,0
295,100,290,100,308,100,308,0,0,0,0,0,0,0,0,0,0,0,0,0,0,0,0,0,0
296,100,291,50,308,100,312,100,308,0,0,0,0,0,0,0,0,0,0,0,0,0,0,0,0
297,100,292,50,308,100,312,100,308,0,0,0,0,0,0,0,0,0,0,0,0,0,0,0,0
298,100,293,50,308,100,312,100,308,0,0,0,0,0,0,0,0,0,0,0,0,0,0,0,0
299,100,294,50,308,100,312,100,308,0,0,0,0,0,0,0,0,0,0,0,0,0,0,0,0
300,100,295,50,308,100,312,100,308,0,0,0,0,0,0,0,0,0,0,0,0,0,0,0,0
301,100,296,50,308,100,312,100,308,0,0,0,0,0,0,0,0,0,0,0,0,0,0,0,0
302,100,297,50,308,100,312,100,308,0,0,0,0,0,0,0,0,0,0,0,0,0,0,0,0
303,100,298,50,308,100,312,100,308,0,0,0,0,0,0,0,0,0,0,0,0,0,0,0,0
304,100,299,50,308,100,312,100,308,0,0,0,0,0,0,0,0,0,0,0,0,0,0,0,0
305,100,300,50,308,100,312,100,308,0,0,0,0,0,0,0,0,0,0,0,0,0,0,0,0
306,100,301,100,308,100,308,0,0,0,0,0,0,0,0,0,0,0,0,0,0,0,0,0,0
307,100,302,100,308,100,308,0,0,0,0,0,0,0,0,0,0,0,0,0,0,0,0,0,0
308,100,303,100,308,100,308,0,0,0,0,0,0,0,0,0,0,0,0,0,0,0,0,0,0
309,100,304,100,308,100,308,0,0,0,0,0,0,0,0,0,0,0,0,0,0,0,0,0,0
310,100,305,100,308,100,308,0,0,0,0,0,0,0,0,0,0,0,0,0,0,0,0,0,0
311,100,306,100,308,100,308,0,0,0,0,0,0,0,0,0,0,0,0,0,0,0,0,0,0
312,100,312,0,0,0,0,0,0,0,0,0,0,0,0,0,0,0,0,0,0,0,0,0,0
313,100,314,0,0,0,0,0,0,0,0,0,0,0,0,0,0,0,0,0,0,0,0,0,0
314,25,310,100,312,0,0,0,0,0,0,0,0,0,0,0,0,0,0,0,0,0,0,0,0
315,100,44,100,314,100,314,0,0,0,0,0,0,0,0,0,0,0,0,0,0,0,0,0,0
316,100,45,100,314,100,314,0,0,0,0,0,0,0,0,0,0,0,0,0,0,0,0,0,0
317,100,46,100,314,100,314,0,0,0,0,0,0,0,0,0,0,0,0,0,0,0,0,0,0
318,100,47,100,314,100,314,0,0,0,0,0,0,0,0,0,0,0,0,0,0,0,0,0,0
319,100,48,100,314,100,314,0,0,0,0,0,0,0,0,0,0,0,0,0,0,0,0,0,0
320,100,49,100,314,100,314,0,0,0,0,0,0,0,0,0,0,0,0,0,0,0,0,0,0
321,100,50,100,314,100,314,0,0,0,0,0,0,0,0,0,0,0,0,0,0,0,0,0,0
322,100,51,100,314,100,314,0,0,0,0,0,0,0,0,0,0,0,0,0,0,0,0,0,0
323,100,52,100,314,100,314,0,0,0,0,0,0,0,0,0,0,0,0,0,0,0,0,0,0
324,100,53,100,314,100,314,0,0,0,0,0,0,0,0,0,0,0,0,0,0,0,0,0,0
325,100,54,100,314,100,314,0,0,0,0,0,0,0,0,0,0,0,0,0,0,0,0,0,0
326,100,55,100,314,100,314,0,0,0,0,0,0,0,0,0,0,0,0,0,0,0,0,0,0
327,100,56,100,314,100,314,0,0,0,0,0,0,0,0,0,0,0,0,0,0,0,0,0,0
328,100,57,100,314,100,314,0,0,0,0,0,0,0,0,0,0,0,0,0,0,0,0,0,0
329,100,58,100,314,100,314,0,0,0,0,0,0,0,0,0,0,0,0,0,0,0,0,0,0
330,100,59,100,314,100,314,0,0,0,0,0,0,0,0,0,0,0,0,0,0,0,0,0,0
331,100,60,100,314,100,314,0,0,0,0,0,0,0,0,0,0,0,0,0,0,0,0,0,0
332,100,61,100,314,100,314,0,0,0,0,0,0,0,0,0,0,0,0,0,0,0,0,0,0
333,100,62,100,314,100,314,0,0,0,0,0,0,0,0,0,0,0,0,0,0,0,0,0,0
334,100,63,100,314,100,314,0,0,0,0,0,0,0,0,0,0,0,0,0,0,0,0,0,0
335,100,64,100,314,100,314,0,0,0,0,0,0,0,0,0,0,0,0,0,0,0,0,0,0
336,100,65,100,314,100,314,0,0,0,0,0,0,0,0,0,0,0,0,0,0,0,0,0,0
337,100,66,100,314,100,314,0,0,0,0,0,0,0,0,0,0,0,0,0,0,0,0,0,0
338,100,67,100,314,100,314,0,0,0,0,0,0,0,0,0,0,0,0,0,0,0,0,0,0
339,100,68,100,314,100,314,0,0,0,0,0,0,0,0,0,0,0,0,0,0,0,0,0,0
340,100,69,100,314,100,314,0,0,0,0,0,0,0,0,0,0,0,0,0,0,0,0,0,0
341,100,70,100,314,100,314,0,0,0,0,0,0,0,0,0,0,0,0,0,0,0,0,0,0
342,100,71,100,314,100,314,0,0,0,0,0,0,0,0,0,0,0,0,0,0,0,0,0,0
343,100,72,100,314,100,314,0,0,0,0,0,0,0,0,0,0,0,0,0,0,0,0,0,0
344,100,73,100,314,100,314,0,0,0,0,0,0,0,0,0,0,0,0,0,0,0,0,0,0
345,100,74,100,314,100,314,0,0,0,0,0,0,0,0,0,0,0,0,0,0,0,0,0,0
346,100,75,100,314,100,314,0,0,0,0,0,0,0,0,0,0,0,0,0,0,0,0,0,0
347,100,76,100,314,100,314,0,0,0,0,0,0,0,0,0,0,0,0,0,0,0,0,0,0
348,100,77,100,314,100,314,0,0,0,0,0,0,0,0,0,0,0,0,0,0,0,0,0,0
349,100,78,100,314,100,314,0,0,0,0,0,0,0,0,0,0,0,0,0,0,0,0,0,0
350,100,79,100,314,100,314,0,0,0,0,0,0,0,0,0,0,0,0,0,0,0,0,0,0
351,100,80,100,314,100,314,0,0,0,0,0,0,0,0,0,0,0,0,0,0,0,0,0,0
352,100,81,100,314,100,314,0,0,0,0,0,0,0,0,0,0,0,0,0,0,0,0,0,0
353,100,82,100,314,100,314,0,0,0,0,0,0,0,0,0,0,0,0,0,0,0,0,0,0
354,100,83,100,314,100,314,0,0,0,0,0,0,0,0,0,0,0,0,0,0,0,0,0,0
355,100,84,100,314,100,314,0,0,0,0,0,0,0,0,0,0,0,0,0,0,0,0,0,0
356,100,85,100,314,100,314,0,0,0,0,0,0,0,0,0,0,0,0,0,0,0,0,0,0
357,100,86,100,314,100,314,0,0,0,0,0,0,0,0,0,0,0,0,0,0,0,0,0,0
358,100,87,100,314,100,314,0,0,0,0,0,0,0,0,0,0,0,0,0,0,0,0,0,0
359,100,88,100,314,100,314,0,0,0,0,0,0,0,0,0,0,0,0,0,0,0,0,0,0
360,100,89,100,314,100,314,0,0,0,0,0,0,0,0,0,0,0,0,0,0,0,0,0,0
361,100,90,50,314,100,310,100,314,0,0,0,0,0,0,0,0,0,0,0,0,0,0,0,0
362,100,91,50,314,100,310,100,314,0,0,0,0,0,0,0,0,0,0,0,0,0,0,0,0
363,100,92,50,314,100,310,100,314,0,0,0,0,0,0,0,0,0,0,0,0,0,0,0,0
364,100,93,50,314,100,310,100,314,0,0,0,0,0,0,0,0,0,0,0,0,0,0,0,0
365,100,94,100,314,100,314,0,0,0,0,0,0,0,0,0,0,0,0,0,0,0,0,0,0
366,100,95,100,314,100,314,0,0,0,0,0,0,0,0,0,0,0,0,0,0,0,0,0,0
367,100,96,100,314,100,314,0,0,0,0,0,0,0,0,0,0,0,0,0,0,0,0,0,0
368,100,97,100,314,100,314,0,0,0,0,0,0,0,0,0,0,0,0,0,0,0,0,0,0
369,100,98,100,314,100,314,0,0,0,0,0,0,0,0,0,0,0,0,0,0,0,0,0,0
370,100,99,100,314,100,314,0,0,0,0,0,0,0,0,0,0,0,0,0,0,0,0,0,0
371,100,100,100,314,100,314,0,0,0,0,0,0,0,0,0,0,0,0,0,0,0,0,0,0
372,100,101,100,314,100,314,0,0,0,0,0,0,0,0,0,0,0,0,0,0,0,0,0,0
373,100,102,100,314,100,314,0,0,0,0,0,0,0,0,0,0,0,0,0,0,0,0,0,0
374,100,103,100,314,100,314,0,0,0,0,0,0,0,0,0,0,0,0,0,0,0,0,0,0
375,100,104,100,314,100,314,0,0,0,0,0,0,0,0,0,0,0,0,0,0,0,0,0,0
376,100,105,100,314,100,314,0,0,0,0,0,0,0,0,0,0,0,0,0,0,0,0,0,0
377,100,106,100,314,100,314,0,0,0,0,0,0,0,0,0,0,0,0,0,0,0,0,0,0
378,100,107,100,314,100,314,0,0,0,0,0,0,0,0,0,0,0,0,0,0,0,0,0,0
379,100,108,100,314,100,314,0,0,0,0,0,0,0,0,0,0,0,0,0,0,0,0,0,0
380,100,109,100,314,100,314,0,0,0,0,0,0,0,0,0,0,0,0,0,0,0,0,0,0
381,100,110,100,312,100,312,0,0,0,0,0,0,0,0,0,0,0,0,0,0,0,0,0,0
382,100,111,100,312,100,312,0,0,0,0,0,0,0,0,0,0,0,0,0,0,0,0,0,0
383,100,112,100,312,100,312,0,0,0,0,0,0,0,0,0,0,0,0,0,0,0,0,0,0
384,100,113,100,312,100,312,0,0,0,0,0,0,0,0,0,0,0,0,0,0,0,0,0,0
385,100,114,100,312,100,312,0,0,0,0,0,0,0,0,0,0,0,0,0,0,0,0,0,0
386,100,115,100,312,100,312,0,0,0,0,0,0,0,0,0,0,0,0,0,0,0,0,0,0
387,100,116,100,312,100,312,0,0,0,0,0,0,0,0,0,0,0,0,0,0,0,0,0,0
388,100,117,100,312,100,312,0,0,0,0,0,0,0,0,0,0,0,0,0,0,0,0,0,0
389,100,118,100,312,100,312,0,0,0,0,0,0,0,0,0,0,0,0,0,0,0,0,0,0
390,100,119,100,312,100,312,0,0,0,0,0,0,0,0,0,0,0,0,0,0,0,0,0,0
391,100,120,50,312,100,310,100,312,0,0,0,0,0,0,0,0,0,0,0,0,0,0,0,0
392,100,121,50,312,100,310,100,312,0,0,0,0,0,0,0,0,0,0,0,0,0,0,0,0
393,100,122,50,312,100,310,100,312,0,0,0,0,0,0,0,0,0,0,0,0,0,0,0,0
394,100,123,50,312,100,310,100,312,0,0,0,0,0,0,0,0,0,0,0,0,0,0,0,0
395,100,124,50,312,100,310,100,312,0,0,0,0,0,0,0,0,0,0,0,0,0,0,0,0
396,100,125,50,312,100,310,100,312,0,0,0,0,0,0,0,0,0,0,0,0,0,0,0,0
397,100,126,100,312,100,312,0,0,0,0,0,0,0,0,0,0,0,0,0,0,0,0,0,0
398,100,127,100,312,100,312,0,0,0,0,0,0,0,0,0,0,0,0,0,0,0,0,0,0
399,100,128,100,312,100,312,0,0,0,0,0,0,0,0,0,0,0,0,0,0,0,0,0,0
400,100,129,100,312,100,312,0,0,0,0,0,0,0,0,0,0,0,0,0,0,0,0,0,0
401,100,130,100,312,100,312,0,0,0,0,0,0,0,0,0,0,0,0,0,0,0,0,0,0
402,100,131,100,312,100,312,0,0,0,0,0,0,0,0,0,0,0,0,0,0,0,0,0,0
403,100,132,100,312,100,312,0,0,0,0,0,0,0,0,0,0,0,0,0,0,0,0,0,0
404,100,133,100,312,100,312,0,0,0,0,0,0,0,0,0,0,0,0,0,0,0,0,0,0
405,100,134,100,312,100,312,0,0,0,0,0,0,0,0,0,0,0,0,0,0,0,0,0,0
406,100,135,100,312,100,312,0,0,0,0,0,0,0,0,0,0,0,0,0,0,0,0,0,0
407,100,136,50,312,100,310,100,312,0,0,0,0,0,0,0,0,0,0,0,0,0,0,0,0
408,100,137,100,312,100,312,0,0,0,0,0,0,0,0,0,0,0,0,0,0,0,0,0,0
409,100,138,50,312,100,310,100,312,0,0,0,0,0,0,0,0,0,0,0,0,0,0,0,0
410,100,139,50,312,100,310,100,312,0,0,0,0,0,0,0,0,0,0,0,0,0,0,0,0
411,100,140,100,312,100,312,0,0,0,0,0,0,0,0,0,0,0,0,0,0,0,0,0,0
412,100,141,100,312,100,312,0,0,0,0,0,0,0,0,0,0,0,0,0,0,0,0,0,0
413,100,142,100,312,100,312,0,0,0,0,0,0,0,0,0,0,0,0,0,0,0,0,0,0
414,100,143,100,312,100,312,0,0,0,0,0,0,0,0,0,0,0,0,0,0,0,0,0,0
415,100,144,100,312,100,312,0,0,0,0,0,0,0,0,0,0,0,0,0,0,0,0,0,0
416,100,145,50,312,100,310,100,312,0,0,0,0,0,0,0,0,0,0,0,0,0,0,0,0
417,100,146,50,312,100,310,100,312,0,0,0,0,0,0,0,0,0,0,0,0,0,0,0,0
418,100,147,50,312,100,310,100,312,0,0,0,0,0,0,0,0,0,0,0,0,0,0,0,0
419,100,148,50,312,100,310,100,312,0,0,0,0,0,0,0,0,0,0,0,0,0,0,0,0
420,100,149,50,312,100,310,100,312,0,0,0,0,0,0,0,0,0,0,0,0,0,0,0,0
421,100,150,50,312,100,310,100,312,0,0,0,0,0,0,0,0,0,0,0,0,0,0,0,0
422,100,151,50,312,100,310,100,312,0,0,0,0,0,0,0,0,0,0,0,0,0,0,0,0
423,100,152,100,312,100,312,0,0,0,0,0,0,0,0,0,0,0,0,0,0,0,0,0,0
424,100,153,100,312,100,312,0,0,0,0,0,0,0,0,0,0,0,0,0,0,0,0,0,0
425,100,154,100,312,100,312,0,0,0,0,0,0,0,0,0,0,0,0,0,0,0,0,0,0
426,100,155,100,312,100,312,0,0,0,0,0,0,0,0,0,0,0,0,0,0,0,0,0,0
427,100,156,100,312,100,312,0,0,0,0,0,0,0,0,0,0,0,0,0,0,0,0,0,0
428,100,157,100,312,100,312,0,0,0,0,0,0,0,0,0,0,0,0,0,0,0,0,0,0
429,100,158,100,312,100,312,0,0,0,0,0,0,0,0,0,0,0,0,0,0,0,0,0,0
430,100,159,100,312,100,312,0,0,0,0,0,0,0,0,0,0,0,0,0,0,0,0,0,0
431,100,160,100,312,100,312,0,0,0,0,0,0,0,0,0,0,0,0,0,0,0,0,0,0
432,100,161,100,312,100,312,0,0,0,0,0,0,0,0,0,0,0,0,0,0,0,0,0,0
433,100,162,100,312,100,312,0,0,0,0,0,0,0,0,0,0,0,0,0,0,0,0,0,0
434,100,163,100,312,100,312,0,0,0,0,0,0,0,0,0,0,0,0,0,0,0,0,0,0
435,100,164,100,312,100,312,0,0,0,0,0,0,0,0,0,0,0,0,0,0,0,0,0,0
436,100,165,100,312,100,312,0,0,0,0,0,0,0,0,0,0,0,0,0,0,0,0,0,0
437,100,166,100,312,100,312,0,0,0,0,0,0,0,0,0,0,0,0,0,0,0,0,0,0
438,100,167,100,312,100,312,0,0,0,0,0,0,0,0,0,0,0,0,0,0,0,0,0,0
439,100,168,100,312,100,312,0,0,0,0,0,0,0,0,0,0,0,0,0,0,0,0,0,0
440,100,169,100,312,100,312,0,0,0,0,0,0,0,0,0,0,0,0,0,0,0,0,0,0
441,100,170,100,312,100,312,0,0,0,0,0,0,0,0,0,0,0,0,0,0,0,0,0,0
442,100,171,100,312,100,312,0,0,0,0,0,0,0,0,0,0,0,0,0,0,0,0,0,0
443,100,172,100,312,100,312,0,0,0,0,0,0,0,0,0,0,0,0,0,0,0,0,0,0
444,100,173,100,312,100,312,0,0,0,0,0,0,0,0,0,0,0,0,0,0,0,0,0,0
445,100,174,100,312,100,312,0,0,0,0,0,0,0,0,0,0,0,0,0,0,0,0,0,0
446,100,175,100,312,100,312,0,0,0,0,0,0,0,0,0,0,0,0,0,0,0,0,0,0
447,100,176,100,312,100,312,0,0,0,0,0,0,0,0,0,0,0,0,0,0,0,0,0,0
448,100,177,100,312,100,312,0,0,0,0,0,0,0,0,0,0,0,0,0,0,0,0,0,0
449,100,178,100,312,100,312,0,0,0,0,0,0,0,0,0,0,0,0,0,0,0,0,0,0
450,100,179,100,312,100,312,0,0,0,0,0,0,0,0,0,0,0,0,0,0,0,0,0,0
451,100,180,50,312,100,310,100,312,0,0,0,0,0,0,0,0,0,0,0,0,0,0,0,0
452,100,181,50,312,100,310,100,312,0,0,0,0,0,0,0,0,0,0,0,0,0,0,0,0
453,100,182,50,312,100,310,100,312,0,0,0,0,0,0,0,0,0,0,0,0,0,0,0,0
454,100,183,50,312,100,310,100,312,0,0,0,0,0,0,0,0,0,0,0,0,0,0,0,0
455,100,184,100,312,100,312,0,0,0,0,0,0,0,0,0,0,0,0,0,0,0,0,0,0
456,100,185,50,312,100,310,100,312,0,0,0,0,0,0,0,0,0,0,0,0,0,0,0,0
457,100,186,100,312,100,312,0,0,0,0,0,0,0,0,0,0,0,0,0,0,0,0,0,0
458,100,187,50,312,100,310,100,312,0,0,0,0,0,0,0,0,0,0,0,0,0,0,0,0
459,100,188,50,312,100,310,100,312,0,0,0,0,0,0,0,0,0,0,0,0,0,0,0,0
460,100,189,50,312,100,310,100,312,0,0,0,0,0,0,0,0,0,0,0,0,0,0,0,0
461,100,190,100,312,100,312,0,0,0,0,0,0,0,0,0,0,0,0,0,0,0,0,0,0
462,100,191,100,312,100,312,0,0,0,0,0,0,0,0,0,0,0,0,0,0,0,0,0,0
463,100,192,100,312,100,312,0,0,0,0,0,0,0,0,0,0,0,0,0,0,0,0,0,0
464,100,193,100,312,100,312,0,0,0,0,0,0,0,0,0,0,0,0,0,0,0,0,0,0
465,100,194,50,312,100,310,100,312,0,0,0,0,0,0,0,0,0,0,0,0,0,0,0,0
466,100,195,50,312,100,310,100,312,0,0,0,0,0,0,0,0,0,0,0,0,0,0,0,0
467,100,196,50,312,100,310,100,312,0,0,0,0,0,0,0,0,0,0,0,0,0,0,0,0
468,100,197,50,312,100,310,100,312,0,0,0,0,0,0,0,0,0,0,0,0,0,0,0,0
469,100,198,100,312,100,312,0,0,0,0,0,0,0,0,0,0,0,0,0,0,0,0,0,0
470,100,199,100,312,100,312,0,0,0,0,0,0,0,0,0,0,0,0,0,0,0,0,0,0
471,100,200,100,312,100,312,0,0,0,0,0,0,0,0,0,0,0,0,0,0,0,0,0,0
472,100,201,100,312,100,312,0,0,0,0,0,0,0,0,0,0,0,0,0,0,0,0,0,0
473,100,202,100,312,100,312,0,0,0,0,0,0,0,0,0,0,0,0,0,0,0,0,0,0
474,100,203,50,312,100,310,100,312,0,0,0,0,0,0,0,0,0,0,0,0,0,0,0,0
475,100,204,50,312,100,310,100,312,0,0,0,0,0,0,0,0,0,0,0,0,0,0,0,0
476,100,205,50,312,100,310,100,312,0,0,0,0,0,0,0,0,0,0,0,0,0,0,0,0
477,100,206,50,312,100,310,100,312,0,0,0,0,0,0,0,0,0,0,0,0,0,0,0,0
478,100,207,50,312,100,310,100,312,0,0,0,0,0,0,0,0,0,0,0,0,0,0,0,0
479,100,208,100,312,100,312,0,0,0,0,0,0,0,0,0,0,0,0,0,0,0,0,0,0
480,100,209,100,312,100,312,0,0,0,0,0,0,0,0,0,0,0,0,0,0,0,0,0,0
481,100,210,100,312,100,312,0,0,0,0,0,0,0,0,0,0,0,0,0,0,0,0,0,0
482,100,211,100,312,100,312,0,0,0,0,0,0,0,0,0,0,0,0,0,0,0,0,0,0
483,100,212,100,312,100,312,0,0,0,0,0,0,0,0,0,0,0,0,0,0,0,0,0,0
484,100,213,100,312,100,312,0,0,0,0,0,0,0,0,0,0,0,0,0,0,0,0,0,0
485,100,214,100,312,100,312,0,0,0,0,0,0,0,0,0,0,0,0,0,0,0,0,0,0
486,100,215,100,312,100,312,0,0,0,0,0,0,0,0,0,0,0,0,0,0,0,0,0,0
487,100,216,100,312,100,312,0,0,0,0,0,0,0,0,0,0,0,0,0,0,0,0,0,0
488,100,217,100,312,100,312,0,0,0,0,0,0,0,0,0,0,0,0,0,0,0,0,0,0
489,100,218,100,312,100,312,0,0,0,0,0,0,0,0,0,0,0,0,0,0,0,0,0,0
490,100,219,100,312,100,312,0,0,0,0,0,0,0,0,0,0,0,0,0,0,0,0,0,0
491,100,220,100,312,100,312,0,0,0,0,0,0,0,0,0,0,0,0,0,0,0,0,0,0
492,100,221,100,312,100,312,0,0,0,0,0,0,0,0,0,0,0,0,0,0,0,0,0,0
493,100,222,100,312,100,312,0,0,0,0,0,0,0,0,0,0,0,0,0,0,0,0,0,0
494,100,223,100,312,100,312,0,0,0,0,0,0,0,0,0,0,0,0,0,0,0,0,0,0
495,100,224,100,312,100,312,0,0,0,0,0,0,0,0,0,0,0,0,0,0,0,0,0,0
496,100,225,100,312,100,312,0,0,0,0,0,0,0,0,0,0,0,0,0,0,0,0,0,0
497,100,226,100,312,100,312,0,0,0,0,0,0,0,0,0,0,0,0,0,0,0,0,0,0
498,100,227,100,312,100,312,0,0,0,0,0,0,0,0,0,0,0,0,0,0,0,0,0,0
499,100,228,100,312,100,312,0,0,0,0,0,0,0,0,0,0,0,0,0,0,0,0,0,0
500,100,229,100,312,100,312,0,0,0,0,0,0,0,0,0,0,0,0,0,0,0,0,0,0
501,100,230,100,312,100,312,0,0,0,0,0,0,0,0,0,0,0,0,0,0,0,0,0,0
502,100,231,100,312,100,312,0,0,0,0,0,0,0,0,0,0,0,0,0,0,0,0,0,0
503,100,232,100,312,100,312,0,0,0,0,0,0,0,0,0,0,0,0,0,0,0,0,0,0
504,100,233,100,312,100,312,0,0,0,0,0,0,0,0,0,0,0,0,0,0,0,0,0,0
505,100,234,50,312,100,310,100,312,0,0,0,0,0,0,0,0,0,0,0,0,0,0,0,0
506,100,235,50,312,100,310,100,312,0,0,0,0,0,0,0,0,0,0,0,0,0,0,0,0
507,100,236,50,312,100,310,100,312,0,0,0,0,0,0,0,0,0,0,0,0,0,0,0,0
508,100,237,50,312,100,310,100,312,0,0,0,0,0,0,0,0,0,0,0,0,0,0,0,0
509,100,238,50,312,100,310,100,312,0,0,0,0,0,0,0,0,0,0,0,0,0,0,0,0
510,100,239,100,312,100,312,0,0,0,0,0,0,0,0,0,0,0,0,0,0,0,0,0,0
511,100,240,100,312,100,312,0,0,0,0,0,0,0,0,0,0,0,0,0,0,0,0,0,0
512,100,241,100,312,100,312,0,0,0,0,0,0,0,0,0,0,0,0,0,0,0,0,0,0
513,100,242,100,312,100,312,0,0,0,0,0,0,0,0,0,0,0,0,0,0,0,0,0,0
514,100,243,100,312,100,312,0,0,0,0,0,0,0,0,0,0,0,0,0,0,0,0,0,0
515,100,244,100,312,100,312,0,0,0,0,0,0,0,0,0,0,0,0,0,0,0,0,0,0
516,100,245,100,312,100,312,0,0,0,0,0,0,0,0,0,0,0,0,0,0,0,0,0,0
517,100,246,100,312,100,312,0,0,0,0,0,0,0,0,0,0,0,0,0,0,0,0,0,0
518,100,247,100,312,100,312,0,0,0,0,0,0,0,0,0,0,0,0,0,0,0,0,0,0
519,100,248,100,312,100,312,0,0,0,0,0,0,0,0,0,0,0,0,0,0,0,0,0,0
520,100,249,100,312,100,312,0,0,0,0,0,0,0,0,0,0,0,0,0,0,0,0,0,0
521,100,250,100,312,100,312,0,0,0,0,0,0,0,0,0,0,0,0,0,0,0,0,0,0
522,100,251,100,312,100,312,0,0,0,0,0,0,0,0,0,0,0,0,0,0,0,0,0,0
523,100,252,100,312,100,312,0,0,0,0,0,0,0,0,0,0,0,0,0,0,0,0,0,0
524,100,253,100,312,100,312,0,0,0,0,0,0,0,0,0,0,0,0,0,0,0,0,0,0
525,100,254,100,312,100,312,0,0,0,0,0,0,0,0,0,0,0,0,0,0,0,0,0,0
526,100,255,100,312,100,312,0,0,0,0,0,0,0,0,0,0,0,0,0,0,0,0,0,0
527,100,256,100,312,100,312,0,0,0,0,0,0,0,0,0,0,0,0,0,0,0,0,0,0
528,100,257,100,312,100,312,0,0,0,0,0,0,0,0,0,0,0,0,0,0,0,0,0,0
529,100,258,100,312,100,312,0,0,0,0,0,0,0,0,0,0,0,0,0,0,0,0,0,0
530,100,259,100,312,100,312,0,0,0,0,0,0,0,0,0,0,0,0,0,0,0,0,0,0
531,100,260,100,312,100,312,0,0,0,0,0,0,0,0,0,0,0,0,0,0,0,0,0,0
532,100,261,100,312,100,312,0,0,0,0,0,0,0,0,0,0,0,0,0,0,0,0,0,0
533,100,262,100,312,100,312,0,0,0,0,0,0,0,0,0,0,0,0,0,0,0,0,0,0
534,100,263,100,312,100,312,0,0,0,0,0,0,0,0,0,0,0,0,0,0,0,0,0,0
535,100,264,100,312,100,312,0,0,0,0,0,0,0,0,0,0,0,0,0,0,0,0,0,0
536,100,265,100,312,100,312,0,0,0,0,0,0,0,0,0,0,0,0,0,0,0,0,0,0
537,100,266,100,312,100,312,0,0,0,0,0,0,0,0,0,0,0,0,0,0,0,0,0,0
538,100,267,100,312,100,312,0,0,0,0,0,0,0,0,0,0,0,0,0,0,0,0,0,0
539,100,268,100,312,100,312,0,0,0,0,0,0,0,0,0,0,0,0,0,0,0,0,0,0
540,100,269,50,312,100,310,100,312,0,0,0,0,0,0,0,0,0,0,0,0,0,0,0,0
541,100,270,50,312,100,310,100,312,0,0,0,0,0,0,0,0,0,0,0,0,0,0,0,0
542,100,271,50,312,100,310,100,312,0,0,0,0,0,0,0,0,0,0,0,0,0,0,0,0
543,100,272,50,312,100,310,100,312,0,0,0,0,0,0,0,0,0,0,0,0,0,0,0,0
544,100,273,100,312,100,312,0,0,0,0,0,0,0,0,0,0,0,0,0,0,0,0,0,0
545,100,274,100,312,100,312,0,0,0,0,0,0,0,0,0,0,0,0,0,0,0,0,0,0
546,100,275,100,312,100,312,0,0,0,0,0,0,0,0,0,0,0,0,0,0,0,0,0,0
547,100,276,100,312,100,312,0,0,0,0,0,0,0,0,0,0,0,0,0,0,0,0,0,0
548,100,277,100,312,100,312,0,0,0,0,0,0,0,0,0,0,0,0,0,0,0,0,0,0
549,100,278,100,312,100,312,0,0,0,0,0,0,0,0,0,0,0,0,0,0,0,0,0,0
550,100,279,100,312,100,312,0,0,0,0,0,0,0,0,0,0,0,0,0,0,0,0,0,0
551,100,280,100,312,100,312,0,0,0,0,0,0,0,0,0,0,0,0,0,0,0,0,0,0
552,100,281,100,312,100,312,0,0,0,0,0,0,0,0,0,0,0,0,0,0,0,0,0,0
553,100,282,100,312,100,312,0,0,0,0,0,0,0,0,0,0,0,0,0,0,0,0,0,0
554,100,283,100,312,100,312,0,0,0,0,0,0,0,0,0,0,0,0,0,0,0,0,0,0
555,100,284,100,312,100,312,0,0,0,0,0,0,0,0,0,0,0,0,0,0,0,0,0,0
556,100,285,100,312,100,312,0,0,0,0,0,0,0,0,0,0,0,0,0,0,0,0,0,0
557,100,286,100,312,100,312,0,0,0,0,0,0,0,0,0,0,0,0,0,0,0,0,0,0
558,100,287,100,312,100,312,0,0,0,0,0,0,0,0,0,0,0,0,0,0,0,0,0,0
559,100,288,100,312,100,312,0,0,0,0,0,0,0,0,0,0,0,0,0,0,0,0,0,0
560,100,289,100,312,100,312,0,0,0,0,0,0,0,0,0,0,0,0,0,0,0,0,0,0
561,100,290,100,312,100,312,0,0,0,0,0,0,0,0,0,0,0,0,0,0,0,0,0,0
562,100,291,100,312,100,312,0,0,0,0,0,0,0,0,0,0,0,0,0,0,0,0,0,0
563,100,292,100,312,100,312,0,0,0,0,0,0,0,0,0,0,0,0,0,0,0,0,0,0
564,100,293,100,312,100,312,0,0,0,0,0,0,0,0,0,0,0,0,0,0,0,0,0,0
565,100,294,100,312,100,312,0,0,0,0,0,0,0,0,0,0,0,0,0,0,0,0,0,0
566,100,295,100,312,100,312,0,0,0,0,0,0,0,0,0,0,0,0,0,0,0,0,0,0
567,100,296,100,312,100,312,0,0,0,0,0,0,0,0,0,0,0,0,0,0,0,0,0,0
568,100,297,100,312,100,312,0,0,0,0,0,0,0,0,0,0,0,0,0,0,0,0,0,0
569,100,298,100,312,100,312,0,0,0,0,0,0,0,0,0,0,0,0,0,0,0,0,0,0
570,100,299,100,312,100,312,0,0,0,0,0,0,0,0,0,0,0,0,0,0,0,0,0,0
571,100,300,100,312,100,312,0,0,0,0,0,0,0,0,0,0,0,0,0,0,0,0,0,0
572,100,301,100,312,100,312,0,0,0,0,0,0,0,0,0,0,0,0,0,0,0,0,0,0
573,100,302,100,312,100,312,0,0,0,0,0,0,0,0,0,0,0,0,0,0,0,0,0,0
574,100,303,100,312,100,312,0,0,0,0,0,0,0,0,0,0,0,0,0,0,0,0,0,0
575,100,304,100,312,100,312,0,0,0,0,0,0,0,0,0,0,0,0,0,0,0,0,0,0
576,100,305,100,312,100,312,0,0,0,0,0,0,0,0,0,0,0,0,0,0,0,0,0,0
577,100,306,100,312,100,312,0,0,0,0,0,0,0,0,0,0,0,0,0,0,0,0,0,0
578,100,310,100,310,100,310,0,0,0,0,0,0,0,0,0,0,0,0,0,0,0,0,0,0
579,30,3673,30,3677,100,3681,0,0,0,0,0,0,0,0,0,0,0,0,0,0,0,0,0,0
580,30,3674,30,3678,100,3682,0,0,0,0,0,0,0,0,0,0,0,0,0,0,0,0,0,0
581,30,3675,30,3679,100,3683,0,0,0,0,0,0,0,0,0,0,0,0,0,0,0,0,0,0
582,30,3676,30,3680,100,3684,0,0,0,0,0,0,0,0,0,0,0,0,0,0,0,0,0,0
583,100,3625,100,310,100,310,0,0,0,0,0,0,0,0,0,0,0,0,0,0,0,0,0,0
584,100,3626,100,310,100,310,0,0,0,0,0,0,0,0,0,0,0,0,0,0,0,0,0,0
585,100,3627,100,310,100,310,0,0,0,0,0,0,0,0,0,0,0,0,0,0,0,0,0,0
586,100,3628,100,310,100,310,0,0,0,0,0,0,0,0,0,0,0,0,0,0,0,0,0,0
587,100,3629,100,310,100,310,0,0,0,0,0,0,0,0,0,0,0,0,0,0,0,0,0,0
588,100,3630,100,310,100,310,0,0,0,0,0,0,0,0,0,0,0,0,0,0,0,0,0,0
589,100,3631,100,310,100,310,0,0,0,0,0,0,0,0,0,0,0,0,0,0,0,0,0,0
590,100,3632,100,310,100,310,0,0,0,0,0,0,0,0,0,0,0,0,0,0,0,0,0,0
591,100,3633,100,310,100,310,0,0,0,0,0,0,0,0,0,0,0,0,0,0,0,0,0,0
592,100,3634,100,310,100,310,0,0,0,0,0,0,0,0,0,0,0,0,0,0,0,0,0,0
593,100,3635,100,310,100,310,0,0,0,0,0,0,0,0,0,0,0,0,0,0,0,0,0,0
594,100,3636,100,310,100,310,0,0,0,0,0,0,0,0,0,0,0,0,0,0,0,0,0,0
595,100,3637,100,310,100,310,0,0,0,0,0,0,0,0,0,0,0,0,0,0,0,0,0,0
596,100,3638,100,310,100,310,0,0,0,0,0,0,0,0,0,0,0,0,0,0,0,0,0,0
597,100,3639,100,310,100,310,0,0,0,0,0,0,0,0,0,0,0,0,0,0,0,0,0,0
598,100,3640,100,310,100,310,0,0,0,0,0,0,0,0,0,0,0,0,0,0,0,0,0,0
599,100,3641,100,310,100,310,0,0,0,0,0,0,0,0,0,0,0,0,0,0,0,0,0,0
600,100,3642,100,310,100,310,0,0,0,0,0,0,0,0,0,0,0,0,0,0,0,0,0,0
601,100,3643,100,310,100,310,0,0,0,0,0,0,0,0,0,0,0,0,0,0,0,0,0,0
602,100,3644,100,310,100,310,0,0,0,0,0,0,0,0,0,0,0,0,0,0,0,0,0,0
603,100,3645,100,310,100,310,0,0,0,0,0,0,0,0,0,0,0,0,0,0,0,0,0,0
604,100,3646,100,310,100,310,0,0,0,0,0,0,0,0,0,0,0,0,0,0,0,0,0,0
605,100,3647,100,310,100,310,0,0,0,0,0,0,0,0,0,0,0,0,0,0,0,0,0,0
606,100,3648,100,310,100,310,0,0,0,0,0,0,0,0,0,0,0,0,0,0,0,0,0,0
607,100,3649,100,310,100,310,0,0,0,0,0,0,0,0,0,0,0,0,0,0,0,0,0,0
608,100,3650,100,310,100,310,0,0,0,0,0,0,0,0,0,0,0,0,0,0,0,0,0,0
609,100,3651,100,310,100,310,0,0,0,0,0,0,0,0,0,0,0,0,0,0,0,0,0,0
610,100,3652,100,310,100,310,0,0,0,0,0,0,0,0,0,0,0,0,0,0,0,0,0,0
611,100,3653,100,310,100,310,0,0,0,0,0,0,0,0,0,0,0,0,0,0,0,0,0,0
612,100,3654,100,310,100,310,0,0,0,0,0,0,0,0,0,0,0,0,0,0,0,0,0,0
613,100,3655,100,310,100,310,0,0,0,0,0,0,0,0,0,0,0,0,0,0,0,0,0,0
614,100,3656,100,310,100,310,0,0,0,0,0,0,0,0,0,0,0,0,0,0,0,0,0,0
615,100,3657,100,310,100,310,0,0,0,0,0,0,0,0,0,0,0,0,0,0,0,0,0,0
616,100,3658,100,310,100,310,0,0,0,0,0,0,0,0,0,0,0,0,0,0,0,0,0,0
617,100,3659,100,310,100,310,0,0,0,0,0,0,0,0,0,0,0,0,0,0,0,0,0,0
618,100,3660,100,310,100,310,0,0,0,0,0,0,0,0,0,0,0,0,0,0,0,0,0,0
619,100,3661,100,310,100,310,0,0,0,0,0,0,0,0,0,0,0,0,0,0,0,0,0,0
620,100,3662,100,310,100,310,0,0,0,0,0,0,0,0,0,0,0,0,0,0,0,0,0,0
621,100,3663,100,310,100,310,0,0,0,0,0,0,0,0,0,0,0,0,0,0,0,0,0,0
622,100,3664,100,310,100,310,0,0,0,0,0,0,0,0,0,0,0,0,0,0,0,0,0,0
623,100,3665,100,310,100,310,0,0,0,0,0,0,0,0,0,0,0,0,0,0,0,0,0,0
624,100,3666,100,310,100,310,0,0,0,0,0,0,0,0,0,0,0,0,0,0,0,0,0,0
625,100,3667,100,310,100,310,0,0,0,0,0,0,0,0,0,0,0,0,0,0,0,0,0,0
626,100,3668,100,310,100,310,0,0,0,0,0,0,0,0,0,0,0,0,0,0,0,0,0,0
627,100,3669,100,310,100,310,0,0,0,0,0,0,0,0,0,0,0,0,0,0,0,0,0,0
628,100,3670,100,310,100,310,0,0,0,0,0,0,0,0,0,0,0,0,0,0,0,0,0,0
629,100,3671,100,310,100,310,0,0,0,0,0,0,0,0,0,0,0,0,0,0,0,0,0,0
630,100,3672,100,310,100,310,0,0,0,0,0,0,0,0,0,0,0,0,0,0,0,0,0,0
631,100,3673,100,310,100,310,0,0,0,0,0,0,0,0,0,0,0,0,0,0,0,0,0,0
632,100,3674,100,310,100,310,0,0,0,0,0,0,0,0,0,0,0,0,0,0,0,0,0,0
633,100,3675,100,310,100,310,0,0,0,0,0,0,0,0,0,0,0,0,0,0,0,0,0,0
634,100,3676,100,310,100,310,0,0,0,0,0,0,0,0,0,0,0,0,0,0,0,0,0,0
635,100,3677,100,310,100,310,0,0,0,0,0,0,0,0,0,0,0,0,0,0,0,0,0,0
636,100,3678,100,310,100,310,0,0,0,0,0,0,0,0,0,0,0,0,0,0,0,0,0,0
637,100,3679,100,310,100,310,0,0,0,0,0,0,0,0,0,0,0,0,0,0,0,0,0,0
638,100,3680,100,310,100,310,0,0,0,0,0,0,0,0,0,0,0,0,0,0,0,0,0,0
639,100,3681,100,310,100,310,0,0,0,0,0,0,0,0,0,0,0,0,0,0,0,0,0,0
640,100,3682,100,310,100,310,0,0,0,0,0,0,0,0,0,0,0,0,0,0,0,0,0,0
641,100,3683,100,310,100,310,0,0,0,0,0,0,0,0,0,0,0,0,0,0,0,0,0,0
642,100,3684,100,310,100,310,0,0,0,0,0,0,0,0,0,0,0,0,0,0,0,0,0,0
643,100,3685,100,310,100,310,0,0,0,0,0,0,0,0,0,0,0,0,0,0,0,0,0,0
644,100,3686,100,310,100,310,0,0,0,0,0,0,0,0,0,0,0,0,0,0,0,0,0,0
645,100,3687,100,310,100,310,0,0,0,0,0,0,0,0,0,0,0,0,0,0,0,0,0,0
646,100,3688,100,310,100,310,0,0,0,0,0,0,0,0,0,0,0,0,0,0,0,0,0,0
647,100,3689,100,310,100,310,0,0,0,0,0,0,0,0,0,0,0,0,0,0,0,0,0,0
648,100,3690,100,310,100,310,0,0,0,0,0,0,0,0,0,0,0,0,0,0,0,0,0,0
649,100,3691,100,310,100,310,0,0,0,0,0,0,0,0,0,0,0,0,0,0,0,0,0,0
650,100,3692,100,310,100,310,0,0,0,0,0,0,0,0,0,0,0,0,0,0,0,0,0,0
651,100,3693,100,310,100,310,0,0,0,0,0,0,0,0,0,0,0,0,0,0,0,0,0,0
652,100,3694,100,310,100,310,0,0,0,0,0,0,0,0,0,0,0,0,0,0,0,0,0,0
653,100,3695,100,310,100,310,0,0,0,0,0,0,0,0,0,0,0,0,0,0,0,0,0,0
654,100,3696,100,310,100,310,0,0,0,0,0,0,0,0,0,0,0,0,0,0,0,0,0,0
655,100,3697,100,310,100,310,0,0,0,0,0,0,0,0,0,0,0,0,0,0,0,0,0,0
656,100,3698,100,310,100,310,0,0,0,0,0,0,0,0,0,0,0,0,0,0,0,0,0,0
657,100,3699,100,310,100,310,0,0,0,0,0,0,0,0,0,0,0,0,0,0,0,0,0,0
658,100,3700,100,310,100,310,0,0,0,0,0,0,0,0,0,0,0,0,0,0,0,0,0,0
659,100,3701,100,310,100,310,0,0,0,0,0,0,0,0,0,0,0,0,0,0,0,0,0,0
660,100,3702,100,310,100,310,0,0,0,0,0,0,0,0,0,0,0,0,0,0,0,0,0,0
661,100,3703,100,310,100,310,0,0,0,0,0,0,0,0,0,0,0,0,0,0,0,0,0,0
662,100,3704,100,310,100,310,0,0,0,0,0,0,0,0,0,0,0,0,0,0,0,0,0,0
663,100,3705,100,310,100,310,0,0,0,0,0,0,0,0,0,0,0,0,0,0,0,0,0,0
664,100,3706,100,310,100,310,0,0,0,0,0,0,0,0,0,0,0,0,0,0,0,0,0,0
665,100,3707,100,310,100,310,0,0,0,0,0,0,0,0,0,0,0,0,0,0,0,0,0,0
666,100,310,100,310,100,310,0,0,0,0,0,0,0,0,0,0,0,0,0,0,0,0,0,0
667,100,310,100,310,100,310,0,0,0,0,0,0,0,0,0,0,0,0,0,0,0,0,0,0
668,100,310,100,310,100,310,0,0,0,0,0,0,0,0,0,0,0,0,0,0,0,0,0,0
669,100,310,100,310,100,310,0,0,0,0,0,0,0,0,0,0,0,0,0,0,0,0,0,0
670,100,310,100,310,100,310,0,0,0,0,0,0,0,0,0,0,0,0,0,0,0,0,0,0
671,100,310,100,310,100,310,0,0,0,0,0,0,0,0,0,0,0,0,0,0,0,0,0,0
672,100,3909,10,4171,10,4172,10,4173,10,4174,10,4175,10,4176,10,4177,10,4178,10,4179,100,4180,0,0
673,100,3910,10,4171,10,4172,10,4173,10,4174,10,4175,10,4176,10,4177,10,4178,10,4179,100,4180,0,0
674,100,3911,10,4171,10,4172,10,4173,10,4174,10,4175,10,4176,10,4177,10,4178,10,4179,100,4180,0,0
675,100,3912,11,4107,11,4087,11,4073,11,4045,11,4013,11,4015,11,3957,11,3983,100,3981,0,0,0,0
676,100,3913,9,4065,9,4067,9,4047,9,3977,9,4061,9,4093,9,4049,9,4081,9,4001,9,4029,100,4039
677,100,3914,10,4171,10,4172,10,4173,10,4174,10,4175,10,4176,10,4177,10,4178,10,4179,100,4180,0,0
678,100,3915,10,4117,10,4119,10,4121,10,4017,10,3989,10,4071,10,3967,10,3985,10,3963,100,3971,0,0
679,100,3916,10,4079,10,4051,10,4035,10,3999,10,3973,10,3951,10,4123,10,4023,10,4025,100,4031,0,0
680,100,3917,10,4161,10,4162,10,4163,10,4164,10,4165,10,4166,10,4167,10,4168,10,4169,100,4170,0,0
681,100,3918,20,4181,20,4182,20,4183,20,4184,100,4185,0,0,0,0,0,0,0,0,0,0,0,0
682,100,3919,20,4186,20,4187,20,4188,20,4189,100,4190,0,0,0,0,0,0,0,0,0,0,0,0
683,100,3920,11,4055,11,3955,11,3953,11,4115,11,4105,11,4109,11,4111,11,4113,100,4089,0,0,0,0
684,100,3921,11,4037,11,4019,11,4021,11,4027,11,4099,11,4103,11,4011,11,3961,100,3959,0,0,0,0
685,100,3922,11,4075,11,4063,11,4095,11,4139,11,4141,11,4143,11,4145,11,4148,100,4149,0,0,0,0
686,100,3923,10,4007,10,4033,10,4009,10,4043,10,4097,10,4151,10,4153,10,4155,10,4157,100,4159,0,0
687,100,3924,9,3929,9,3930,9,3931,9,3937,9,3938,9,3932,9,3933,9,3935,9,3936,9,3934,100,3939
688,100,3925,9,3940,9,3941,9,3948,9,3949,9,3942,9,3943,9,3947,9,3944,9,3945,9,3946,100,3950
689,100,3926,9,3950,9,3946,9,3945,9,3944,9,3947,9,3943,9,3942,9,3949,9,3948,9,3941,100,3940
690,100,3927,0,0,0,0,0,0,0,0,0,0,0,0,0,0,0,0,0,0,0,0,0,0
691,100,3928,0,0,0,0,0,0,0,0,0,0,0,0,0,0,0,0,0,0,0,0,0,0
692,11,4107,11,4087,11,4073,11,4045,11,4013,11,4015,11,3957,11,3983,100,3981,0,0,0,0,0,0
693,9,4065,9,4067,9,4047,9,3977,9,4061,9,4093,9,4049,9,4081,9,4001,9,4029,100,4039,0,0
694,12,4077,12,4069,12,4041,12,4003,12,3991,12,3997,12,3965,100,3995,0,0,0,0,0,0,0,0
695,10,4079,10,4051,10,4035,10,3999,10,3973,10,3951,10,4123,10,4023,10,4025,100,4031,0,0,0,0
696,10,3969,10,3975,10,3993,10,3979,10,4053,10,4085,10,4057,10,4059,10,4091,100,3987,0,0,0,0
697,10,4101,10,4125,10,4127,10,4129,10,4131,10,4133,10,4005,10,4083,10,4135,100,4137,0,0,0,0
698,11,4055,11,3955,11,3953,11,4115,11,4105,11,4109,11,4111,11,4113,100,4089,0,0,0,0,0,0
699,11,4075,11,4063,11,4095,11,4139,11,4141,11,4143,11,4145,11,4148,100,4149,0,0,0,0,0,0
700,9,3929,9,3930,9,3931,9,3937,9,3938,9,3932,9,3933,9,3935,9,3936,9,3934,100,3939,0,0
701,9,3940,9,3941,9,3948,9,3949,9,3942,9,3943,9,3947,9,3944,9,3945,9,3946,100,3950,0,0
702,9,3950,9,3946,9,3945,9,3944,9,3947,9,3943,9,3942,9,3949,9,3948,9,3941,100,3940,0,0
703,10,4171,10,4172,10,4173,10,4174,10,4175,10,4176,10,4177,10,4178,10,4179,100,4180,0,0,0,0
704,10,4161,10,4162,10,4163,10,4164,10,4165,10,4166,10,4167,10,4168,10,4169,100,4170,0,0,0,0
705,20,4181,20,4182,20,4183,20,4184,100,4185,0,0,0,0,0,0,0,0,0,0,0,0,0,0
706,20,4186,20,4187,20,4188,20,4189,100,4190,0,0,0,0,0,0,0,0,0,0,0,0,0,0
707,10,4117,10,4119,10,4121,10,4017,10,3989,10,4071,10,3967,10,3985,10,3963,100,3971,0,0,0,0
708,11,4037,11,4019,11,4021,11,4027,11,4099,11,4103,11,4011,11,3961,100,3959,0,0,0,0,0,0
709,10,4007,10,4033,10,4009,10,4043,10,4097,10,4151,10,4153,10,4155,10,4157,100,4159,0,0,0,0
710,100,4191,100,308,100,308,0,0,0,0,0,0,0,0,0,0,0,0,0,0,0,0,0,0
