ID,Name
1,1
2,2
3,3
4,5
5,6
6,7
7,8
8,9
9,10
10,11
11,12
12,13
13,14
14,15
15,16
16,17
17,18
18,19
19,20
20,21
21,22
22,23
23,24
24,25
25,26
26,27
27,28
28,29
29,30
30,31
31,32
32,33
33,34
34,35
35,36
36,37
37,38
38,39
39,40
40,41
41,42
42,43
43,44
44,45
45,46
46,47
47,48
48,49
49,50
50,51
51,52
52,53
53,54
54,55
55,56
56,57
57,58
58,59
59,60
60,61
61,62
62,63
63,64
64,65
65,66
66,67
67,68
68,69
69,70
70,71
71,72
72,73
73,74
74,75
75,76
76,77
77,78
78,79
79,80
80,81
81,82
82,83
83,84
84,85
85,86
86,87
87,88
88,89
89,90
90,91
91,92
92,93
93,94
94,95
95,96
96,97
97,98
98,99
99,100
100,101
101,102
102,260
103,103
104,104
105,105
106,106
107,107
108,108
109,109
110,110
111,111
112,112
113,113
114,114
115,115
116,116
117,117
118,118
119,119
120,120
121,121
122,122
123,123
124,124
125,125
126,126
127,127
128,128
129,129
130,130
131,131
132,132
133,133
134,134
135,135
136,136
137,137
138,138
139,139
140,140
141,141
142,142
143,143
144,144
145,145
146,146
147,147
148,148
149,149
150,150
151,151
152,152
153,153
154,154
155,155
156,156
157,157
158,158
159,159
160,160
161,161
162,162
163,163
164,164
165,165
166,166
167,167
168,168
169,169
170,170
171,171
172,172
173,173
174,261
175,174
176,175
177,176
178,177
179,178
180,179
181,180
182,181
183,182
184,183
185,184
186,185
187,189
188,190
189,191
190,192
191,193
192,194
193,195
194,196
195,197
196,198
197,199
198,200
199,201
200,202
201,203
202,204
203,205
204,206
205,207
206,208
207,262
208,209
209,210
210,211
211,212
212,213
213,214
214,215
215,216
216,217
217,218
218,219
219,220
220,221
221,222
222,223
223,224
224,225
225,226
226,227
227,228
228,229
229,230
230,231
231,232
232,233
233,234
234,235
235,236
236,237
237,238
238,263
239,239
240,240
241,241
242,242
243,243
244,244
245,245
246,246
247,247
248,248
249,249
250,250
251,251
252,252
253,253
254,254
255,255
256,256
257,257
258,258
259,259
260,500
261,301
262,302
263,303
264,304
265,305
266,306
267,307
268,308
269,309
270,310
271,311
272,312
273,313
274,314
275,315
276,316
277,317
278,318
279,319
280,320
281,321
282,322
283,323
284,324
285,325
286,326
287,327
288,328
289,329
290,330
291,331
292,332
293,333
294,334
295,335
296,336
297,337
298,338
299,339
300,340
301,341
302,342
303,343
304,344
305,345
306,346
307,347
308,348
309,349
310,350
311,351
312,352
313,353
314,354
315,355
316,356
317,357
318,358
319,359
320,360
321,361
322,362
323,363
324,364
325,365
326,366
327,367
328,368
329,369
330,370
331,371
332,372
333,373
334,374
335,375
336,376
337,377
338,378
339,379
340,380
341,381
342,382
343,383
344,384
345,385
346,386
347,387
348,388
349,389
350,390
351,391
352,392
353,393
354,394
355,395
356,396
357,397
358,398
359,401
360,402
361,403
362,404
363,405
364,406
365,407
366,408
367,409
368,410
369,411
370,412
371,413
372,414
373,415
374,416
375,417
376,418
377,419
378,420
379,421
380,422
381,423
382,424
383,425
384,426
385,427
386,428
387,429
388,430
389,431
390,432
391,433
392,434
393,435
394,436
395,437
396,438
397,439
398,440
399,441
400,442
401,443
402,444
403,445
404,446
405,451
406,452
407,453
408,454
409,455
410,456
411,457
412,458
413,459
414,460
415,461
416,462
417,463
418,464
419,465
420,466
421,467
422,468
423,469
424,470
425,471
426,472
427,473
428,474
429,475
430,476
431,477
432,478
433,479
434,480
435,481
436,482
437,483
438,484
439,485
440,486
441,487
442,488
443,489
444,490
445,491
446,492
447,493
448,494
449,495
450,496
451,497
452,498
453,499
454,1001
455,1002
456,1003
457,1004
458,1005
459,1006
460,1007
461,1008
462,1009
463,1010
464,1011
465,1012
466,1013
467,1014
468,1015
469,1016
470,1017
471,1018
472,1019
473,1020
474,1021
475,1022
476,1023
477,1046
478,1047
479,1048
480,1051
481,1052
482,1053
483,1049
484,1050
