ID,Name,Lot,LotParts,AddLotRevSilver,AddLotRevGold,Flag(Parts0),Flag(Parts1),Flag(Parts2),Flag(Parts3),Flag(Parts4),Flag(Parts5),Flag(Parts6),Flag(Parts7),Flag(Parts8),Flag(Parts9),Flag(Parts10)
1,1,11,11,0,0,0,0,0,0,0,0,0,0,0,0,0
2,39,11,11,0,0,0,0,0,0,0,0,0,0,0,0,0
3,74,25,25,5,15,1,0,0,0,0,0,0,0,0,0,0
4,289,25,25,5,15,1,0,0,0,0,0,0,0,0,0,0
5,290,25,25,5,15,1,0,0,0,0,0,0,0,0,0,0
6,291,25,25,5,15,1,0,0,0,0,0,0,0,0,0,0
7,292,25,25,5,15,1,0,0,0,0,0,0,0,0,0,0
8,293,11,11,0,0,0,0,0,0,0,0,0,0,0,0,0
9,294,11,11,0,0,0,0,0,0,0,0,0,0,0,0,0
10,569,11,11,0,0,0,0,0,0,0,0,0,0,0,0,0
11,570,11,11,0,0,0,0,0,0,0,0,0,0,0,0,0
12,571,11,11,0,0,0,0,0,0,0,0,0,0,0,0,0
13,574,11,11,0,0,0,0,0,0,0,0,0,0,0,0,0
14,575,11,11,0,0,0,0,0,0,0,0,0,0,0,0,0
15,576,11,11,0,0,0,0,0,0,0,0,0,0,0,0,0
16,577,11,11,0,0,0,0,0,0,0,0,0,0,0,0,0
17,578,11,11,0,0,0,0,0,0,0,0,0,0,0,0,0
18,579,11,11,0,0,0,0,0,0,0,0,0,0,0,0,0
19,1,11,11,0,0,0,0,0,0,0,0,0,0,0,0,0
20,1,11,11,0,0,0,0,0,0,0,0,0,0,0,0,0
21,1,11,11,0,0,0,0,0,0,0,0,0,0,0,0,0
22,1,11,11,0,0,0,0,0,0,0,0,0,0,0,0,0
23,1,11,11,0,0,0,0,0,0,0,0,0,0,0,0,0
24,1,11,11,0,0,0,0,0,0,0,0,0,0,0,0,0
25,1,11,11,0,0,0,0,0,0,0,0,0,0,0,0,0
26,1,11,11,0,0,0,0,0,0,0,0,0,0,0,0,0
27,1,11,11,0,0,0,0,0,0,0,0,0,0,0,0,0
28,1,11,11,0,0,0,0,0,0,0,0,0,0,0,0,0
29,1,11,11,0,0,0,0,0,0,0,0,0,0,0,0,0
30,1,11,11,0,0,0,0,0,0,0,0,0,0,0,0,0
31,1,11,11,0,0,0,0,0,0,0,0,0,0,0,0,0
32,1,11,11,0,0,0,0,0,0,0,0,0,0,0,0,0
33,1,11,11,0,0,0,0,0,0,0,0,0,0,0,0,0
34,1,11,11,0,0,0,0,0,0,0,0,0,0,0,0,0
35,1,11,11,0,0,0,0,0,0,0,0,0,0,0,0,0
36,1,11,11,0,0,0,0,0,0,0,0,0,0,0,0,0
37,1,11,11,0,0,0,0,0,0,0,0,0,0,0,0,0
38,1,11,11,0,0,0,0,0,0,0,0,0,0,0,0,0
39,1,11,11,0,0,0,0,0,0,0,0,0,0,0,0,0
40,1,11,11,0,0,0,0,0,0,0,0,0,0,0,0,0
41,1,11,11,0,0,0,0,0,0,0,0,0,0,0,0,0
42,1,11,11,0,0,0,0,0,0,0,0,0,0,0,0,0
43,1,11,11,0,0,0,0,0,0,0,0,0,0,0,0,0
44,1,11,11,0,0,0,0,0,0,0,0,0,0,0,0,0
45,1,11,11,0,0,0,0,0,0,0,0,0,0,0,0,0
46,1,11,11,0,0,0,0,0,0,0,0,0,0,0,0,0
47,1,11,11,0,0,0,0,0,0,0,0,0,0,0,0,0
48,1,11,11,0,0,0,0,0,0,0,0,0,0,0,0,0
49,1,11,11,0,0,0,0,0,0,0,0,0,0,0,0,0
50,1,11,11,0,0,0,0,0,0,0,0,0,0,0,0,0
51,1,11,11,0,0,0,0,0,0,0,0,0,0,0,0,0
52,1,11,11,0,0,0,0,0,0,0,0,0,0,0,0,0
53,1,11,11,0,0,0,0,0,0,0,0,0,0,0,0,0
54,1,11,11,0,0,0,0,0,0,0,0,0,0,0,0,0
55,1,11,11,0,0,0,0,0,0,0,0,0,0,0,0,0
56,1,11,11,0,0,0,0,0,0,0,0,0,0,0,0,0
57,1,11,11,0,0,0,0,0,0,0,0,0,0,0,0,0
58,1,11,11,0,0,0,0,0,0,0,0,0,0,0,0,0
59,1,11,11,0,0,0,0,0,0,0,0,0,0,0,0,0
60,1,11,11,0,0,0,0,0,0,0,0,0,0,0,0,0
61,1,11,11,0,0,0,0,0,0,0,0,0,0,0,0,0
62,1,11,11,0,0,0,0,0,0,0,0,0,0,0,0,0
63,1,11,11,0,0,0,0,0,0,0,0,0,0,0,0,0
64,1,11,11,0,0,0,0,0,0,0,0,0,0,0,0,0
65,1,11,11,0,0,0,0,0,0,0,0,0,0,0,0,0
66,1,11,11,0,0,0,0,0,0,0,0,0,0,0,0,0
67,1,11,11,0,0,0,0,0,0,0,0,0,0,0,0,0
68,1,11,11,0,0,0,0,0,0,0,0,0,0,0,0,0
69,1,11,11,0,0,0,0,0,0,0,0,0,0,0,0,0
70,1,11,11,0,0,0,0,0,0,0,0,0,0,0,0,0
71,1,11,11,0,0,0,0,0,0,0,0,0,0,0,0,0
72,1,11,11,0,0,0,0,0,0,0,0,0,0,0,0,0
73,1,11,11,0,0,0,0,0,0,0,0,0,0,0,0,0
74,1,11,11,0,0,0,0,0,0,0,0,0,0,0,0,0
75,1,11,11,0,0,0,0,0,0,0,0,0,0,0,0,0
76,1,11,11,0,0,0,0,0,0,0,0,0,0,0,0,0
77,1,11,11,0,0,0,0,0,0,0,0,0,0,0,0,0
78,1,11,11,0,0,0,0,0,0,0,0,0,0,0,0,0
79,1,11,11,0,0,0,0,0,0,0,0,0,0,0,0,0
80,1,11,11,0,0,0,0,0,0,0,0,0,0,0,0,0
81,1,11,11,0,0,0,0,0,0,0,0,0,0,0,0,0
82,1,11,11,0,0,0,0,0,0,0,0,0,0,0,0,0
83,1,11,11,0,0,0,0,0,0,0,0,0,0,0,0,0
84,1,11,11,0,0,0,0,0,0,0,0,0,0,0,0,0
85,1,11,11,0,0,0,0,0,0,0,0,0,0,0,0,0
86,247,17,22,10,20,1,1,1,1,1,1,1,1,1,1,1
87,1,11,11,0,0,0,0,0,0,0,0,0,0,0,0,0
88,1,11,11,0,0,0,0,0,0,0,0,0,0,0,0,0
89,1,11,11,0,0,0,0,0,0,0,0,0,0,0,0,0
90,1,11,11,0,0,0,0,0,0,0,0,0,0,0,0,0
91,1,11,11,0,0,0,0,0,0,0,0,0,0,0,0,0
92,1,11,11,0,0,0,0,0,0,0,0,0,0,0,0,0
93,1,11,11,0,0,0,0,0,0,0,0,0,0,0,0,0
94,1,11,11,0,0,0,0,0,0,0,0,0,0,0,0,0
95,1,11,11,0,0,0,0,0,0,0,0,0,0,0,0,0
96,1,11,11,0,0,0,0,0,0,0,0,0,0,0,0,0
97,1,11,11,0,0,0,0,0,0,0,0,0,0,0,0,0
98,1,11,11,0,0,0,0,0,0,0,0,0,0,0,0,0
99,1,11,11,0,0,0,0,0,0,0,0,0,0,0,0,0
100,1,11,11,0,0,0,0,0,0,0,0,0,0,0,0,0
101,1,11,11,0,0,0,0,0,0,0,0,0,0,0,0,0
102,1,11,11,0,0,0,0,0,0,0,0,0,0,0,0,0
103,1,11,11,0,0,0,0,0,0,0,0,0,0,0,0,0
104,1,11,11,0,0,0,0,0,0,0,0,0,0,0,0,0
105,1,11,11,0,0,0,0,0,0,0,0,0,0,0,0,0
106,1,11,11,0,0,0,0,0,0,0,0,0,0,0,0,0
107,1,11,11,0,0,0,0,0,0,0,0,0,0,0,0,0
108,1,11,11,0,0,0,0,0,0,0,0,0,0,0,0,0
109,1,11,11,0,0,0,0,0,0,0,0,0,0,0,0,0
110,1,11,11,0,0,0,0,0,0,0,0,0,0,0,0,0
111,1,11,11,0,0,0,0,0,0,0,0,0,0,0,0,0
112,1,11,11,0,0,0,0,0,0,0,0,0,0,0,0,0
113,1,11,11,0,0,0,0,0,0,0,0,0,0,0,0,0
114,1,11,11,0,0,0,0,0,0,0,0,0,0,0,0,0
115,1,11,11,0,0,0,0,0,0,0,0,0,0,0,0,0
116,1,11,11,0,0,0,0,0,0,0,0,0,0,0,0,0
117,1,11,11,0,0,0,0,0,0,0,0,0,0,0,0,0
118,1,11,11,0,0,0,0,0,0,0,0,0,0,0,0,0
119,1,11,11,0,0,0,0,0,0,0,0,0,0,0,0,0
120,1,11,11,0,0,0,0,0,0,0,0,0,0,0,0,0
121,1,11,11,0,0,0,0,0,0,0,0,0,0,0,0,0
122,1,11,11,0,0,0,0,0,0,0,0,0,0,0,0,0
123,1,11,11,0,0,0,0,0,0,0,0,0,0,0,0,0
124,1,11,11,0,0,0,0,0,0,0,0,0,0,0,0,0
125,1,11,11,0,0,0,0,0,0,0,0,0,0,0,0,0
126,1,11,11,0,0,0,0,0,0,0,0,0,0,0,0,0
127,1,11,11,0,0,0,0,0,0,0,0,0,0,0,0,0
128,1,11,11,0,0,0,0,0,0,0,0,0,0,0,0,0
129,1,11,11,0,0,0,0,0,0,0,0,0,0,0,0,0
130,1,11,11,0,0,0,0,0,0,0,0,0,0,0,0,0
131,1,11,11,0,0,0,0,0,0,0,0,0,0,0,0,0
132,1,11,11,0,0,0,0,0,0,0,0,0,0,0,0,0
133,1,11,11,0,0,0,0,0,0,0,0,0,0,0,0,0
134,1,11,11,0,0,0,0,0,0,0,0,0,0,0,0,0
135,1,11,11,0,0,0,0,0,0,0,0,0,0,0,0,0
136,1,11,11,0,0,0,0,0,0,0,0,0,0,0,0,0
137,1,11,11,0,0,0,0,0,0,0,0,0,0,0,0,0
138,1,11,11,0,0,0,0,0,0,0,0,0,0,0,0,0
139,1,11,11,0,0,0,0,0,0,0,0,0,0,0,0,0
140,1,11,11,0,0,0,0,0,0,0,0,0,0,0,0,0
141,1,11,11,0,0,0,0,0,0,0,0,0,0,0,0,0
142,1,11,11,0,0,0,0,0,0,0,0,0,0,0,0,0
143,1,11,11,0,0,0,0,0,0,0,0,0,0,0,0,0
144,1,11,11,0,0,0,0,0,0,0,0,0,0,0,0,0
145,1,11,11,0,0,0,0,0,0,0,0,0,0,0,0,0
146,1,11,11,0,0,0,0,0,0,0,0,0,0,0,0,0
147,1,11,11,0,0,0,0,0,0,0,0,0,0,0,0,0
148,1,11,11,0,0,0,0,0,0,0,0,0,0,0,0,0
149,1,11,11,0,0,0,0,0,0,0,0,0,0,0,0,0
150,1,11,11,0,0,0,0,0,0,0,0,0,0,0,0,0
151,1,11,11,0,0,0,0,0,0,0,0,0,0,0,0,0
152,1,11,11,0,0,0,0,0,0,0,0,0,0,0,0,0
153,1,11,11,0,0,0,0,0,0,0,0,0,0,0,0,0
154,1,11,11,0,0,0,0,0,0,0,0,0,0,0,0,0
155,1,11,11,0,0,0,0,0,0,0,0,0,0,0,0,0
156,1,11,11,0,0,0,0,0,0,0,0,0,0,0,0,0
157,1,11,11,0,0,0,0,0,0,0,0,0,0,0,0,0
158,494,3,8,5,10,1,1,0,0,0,0,0,0,0,0,0
159,1,11,11,0,0,0,0,0,0,0,0,0,0,0,0,0
160,1,11,11,0,0,0,0,0,0,0,0,0,0,0,0,0
161,1,11,11,0,0,0,0,0,0,0,0,0,0,0,0,0
162,1,11,11,0,0,0,0,0,0,0,0,0,0,0,0,0
163,1,11,11,0,0,0,0,0,0,0,0,0,0,0,0,0
164,1,11,11,0,0,0,0,0,0,0,0,0,0,0,0,0
165,1,11,11,0,0,0,0,0,0,0,0,0,0,0,0,0
166,1,11,11,0,0,0,0,0,0,0,0,0,0,0,0,0
167,1,11,11,0,0,0,0,0,0,0,0,0,0,0,0,0
168,1,11,11,0,0,0,0,0,0,0,0,0,0,0,0,0
169,1,11,11,0,0,0,0,0,0,0,0,0,0,0,0,0
170,1,11,11,0,0,0,0,0,0,0,0,0,0,0,0,0
171,561,4,9,15,30,1,0,0,0,0,0,0,0,0,0,0
172,1,11,11,0,0,0,0,0,0,0,0,0,0,0,0,0
173,1,11,11,0,0,0,0,0,0,0,0,0,0,0,0,0
174,1,11,11,0,0,0,0,0,0,0,0,0,0,0,0,0
175,1,11,11,0,0,0,0,0,0,0,0,0,0,0,0,0
176,1,11,11,0,0,0,0,0,0,0,0,0,0,0,0,0
177,1,11,11,0,0,0,0,0,0,0,0,0,0,0,0,0
178,1,11,11,0,0,0,0,0,0,0,0,0,0,0,0,0
179,1,11,11,0,0,0,0,0,0,0,0,0,0,0,0,0
180,1,11,11,0,0,0,0,0,0,0,0,0,0,0,0,0
181,1,11,11,0,0,0,0,0,0,0,0,0,0,0,0,0
182,1,11,11,0,0,0,0,0,0,0,0,0,0,0,0,0
183,1,11,11,0,0,0,0,0,0,0,0,0,0,0,0,0
184,1,11,11,0,0,0,0,0,0,0,0,0,0,0,0,0
185,1,11,11,0,0,0,0,0,0,0,0,0,0,0,0,0
186,1,11,11,0,0,0,0,0,0,0,0,0,0,0,0,0
187,1,11,11,0,0,0,0,0,0,0,0,0,0,0,0,0
188,1,11,11,0,0,0,0,0,0,0,0,0,0,0,0,0
189,1,11,11,0,0,0,0,0,0,0,0,0,0,0,0,0
190,1,11,11,0,0,0,0,0,0,0,0,0,0,0,0,0
191,1,11,11,0,0,0,0,0,0,0,0,0,0,0,0,0
192,1,11,11,0,0,0,0,0,0,0,0,0,0,0,0,0
193,1,11,11,0,0,0,0,0,0,0,0,0,0,0,0,0
194,1,11,11,0,0,0,0,0,0,0,0,0,0,0,0,0
195,1,11,11,0,0,0,0,0,0,0,0,0,0,0,0,0
196,1,11,11,0,0,0,0,0,0,0,0,0,0,0,0,0
197,1,11,11,0,0,0,0,0,0,0,0,0,0,0,0,0
198,1,11,11,0,0,0,0,0,0,0,0,0,0,0,0,0
199,1,11,11,0,0,0,0,0,0,0,0,0,0,0,0,0
200,1,11,11,0,0,0,0,0,0,0,0,0,0,0,0,0
201,1,11,11,0,0,0,0,0,0,0,0,0,0,0,0,0
202,1,11,11,0,0,0,0,0,0,0,0,0,0,0,0,0
203,1,11,11,0,0,0,0,0,0,0,0,0,0,0,0,0
204,1,11,11,0,0,0,0,0,0,0,0,0,0,0,0,0
205,1,11,11,0,0,0,0,0,0,0,0,0,0,0,0,0
206,1,11,11,0,0,0,0,0,0,0,0,0,0,0,0,0
207,1,11,11,0,0,0,0,0,0,0,0,0,0,0,0,0
208,1,11,11,0,0,0,0,0,0,0,0,0,0,0,0,0
209,1,11,11,0,0,0,0,0,0,0,0,0,0,0,0,0
210,1,11,11,0,0,0,0,0,0,0,0,0,0,0,0,0
211,1,11,11,0,0,0,0,0,0,0,0,0,0,0,0,0
212,1,11,11,0,0,0,0,0,0,0,0,0,0,0,0,0
213,1,11,11,0,0,0,0,0,0,0,0,0,0,0,0,0
214,1,11,11,0,0,0,0,0,0,0,0,0,0,0,0,0
215,1,11,11,0,0,0,0,0,0,0,0,0,0,0,0,0
216,1,11,11,0,0,0,0,0,0,0,0,0,0,0,0,0
217,1,11,11,0,0,0,0,0,0,0,0,0,0,0,0,0
218,1,11,11,0,0,0,0,0,0,0,0,0,0,0,0,0
219,1,11,11,0,0,0,0,0,0,0,0,0,0,0,0,0
220,1,11,11,0,0,0,0,0,0,0,0,0,0,0,0,0
221,1,11,11,0,0,0,0,0,0,0,0,0,0,0,0,0
222,1,11,11,0,0,0,0,0,0,0,0,0,0,0,0,0
223,1,11,11,0,0,0,0,0,0,0,0,0,0,0,0,0
224,1,11,11,0,0,0,0,0,0,0,0,0,0,0,0,0
225,1,11,11,0,0,0,0,0,0,0,0,0,0,0,0,0
226,1,11,11,0,0,0,0,0,0,0,0,0,0,0,0,0
227,1,11,11,0,0,0,0,0,0,0,0,0,0,0,0,0
228,1,11,11,0,0,0,0,0,0,0,0,0,0,0,0,0
229,1,11,11,0,0,0,0,0,0,0,0,0,0,0,0,0
230,1,11,11,0,0,0,0,0,0,0,0,0,0,0,0,0
231,1,11,11,0,0,0,0,0,0,0,0,0,0,0,0,0
232,1,11,11,0,0,0,0,0,0,0,0,0,0,0,0,0
233,1,11,11,0,0,0,0,0,0,0,0,0,0,0,0,0
234,1,11,11,0,0,0,0,0,0,0,0,0,0,0,0,0
235,1,11,11,0,0,0,0,0,0,0,0,0,0,0,0,0
236,1,11,11,0,0,0,0,0,0,0,0,0,0,0,0,0
237,1,11,11,0,0,0,0,0,0,0,0,0,0,0,0,0
238,1,11,11,0,0,0,0,0,0,0,0,0,0,0,0,0
239,1,11,11,0,0,0,0,0,0,0,0,0,0,0,0,0
240,1,11,11,0,0,0,0,0,0,0,0,0,0,0,0,0
241,1,11,11,0,0,0,0,0,0,0,0,0,0,0,0,0
242,1,11,11,0,0,0,0,0,0,0,0,0,0,0,0,0
243,1,11,11,0,0,0,0,0,0,0,0,0,0,0,0,0
244,1,11,11,0,0,0,0,0,0,0,0,0,0,0,0,0
245,1,11,11,0,0,0,0,0,0,0,0,0,0,0,0,0
246,1,11,11,0,0,0,0,0,0,0,0,0,0,0,0,0
247,1,11,11,0,0,0,0,0,0,0,0,0,0,0,0,0
248,1,11,11,0,0,0,0,0,0,0,0,0,0,0,0,0
249,1,11,11,0,0,0,0,0,0,0,0,0,0,0,0,0
250,1,11,11,0,0,0,0,0,0,0,0,0,0,0,0,0
251,488,3,8,5,10,1,0,1,1,0,0,0,0,0,0,0
252,1,11,11,0,0,0,0,0,0,0,0,0,0,0,0,0
253,1,11,11,0,0,0,0,0,0,0,0,0,0,0,0,0
254,1,11,11,0,0,0,0,0,0,0,0,0,0,0,0,0
255,1,11,11,0,0,0,0,0,0,0,0,0,0,0,0,0
256,1,11,11,0,0,0,0,0,0,0,0,0,0,0,0,0
257,1,11,11,0,0,0,0,0,0,0,0,0,0,0,0,0
258,1,11,11,0,0,0,0,0,0,0,0,0,0,0,0,0
259,1,11,11,0,0,0,0,0,0,0,0,0,0,0,0,0
260,1,11,11,0,0,0,0,0,0,0,0,0,0,0,0,0
261,1,11,11,0,0,0,0,0,0,0,0,0,0,0,0,0
262,1,11,11,0,0,0,0,0,0,0,0,0,0,0,0,0
263,1,11,11,0,0,0,0,0,0,0,0,0,0,0,0,0
264,77,12,12,0,0,1,1,1,1,1,1,1,1,1,1,1
265,83,12,12,0,0,1,1,1,1,1,1,1,1,1,1,1
266,86,12,12,0,0,1,1,1,1,1,1,1,1,1,1,1
267,164,12,12,0,0,1,1,1,1,1,1,1,1,1,1,1
268,215,12,12,0,0,1,1,1,1,1,1,1,1,1,1,1
269,280,12,12,0,0,1,1,1,1,1,1,1,1,1,1,1
270,284,12,12,0,0,1,1,1,1,1,1,1,1,1,1,1
271,287,12,12,0,0,1,1,1,1,1,1,1,1,1,1,1
272,563,12,12,0,0,1,1,1,1,1,1,1,1,1,1,1
273,679,12,12,0,0,1,1,1,1,1,1,1,1,1,1,1
274,682,12,12,0,0,1,1,1,1,1,1,1,1,1,1,1
275,686,12,12,0,0,1,1,1,1,1,1,1,1,1,1,1
276,693,12,12,0,0,1,1,1,1,1,1,1,1,1,1,1
277,42,1,6,0,0,1,1,1,1,1,1,1,1,1,1,1
278,44,1,6,0,0,1,1,1,1,1,1,1,1,1,1,1
279,45,1,6,0,0,1,1,1,1,1,1,1,1,1,1,1
280,107,1,6,0,0,1,1,1,1,1,1,1,1,1,1,1
281,125,1,6,0,0,1,1,1,1,1,1,1,1,1,1,1
282,143,1,6,0,0,1,1,1,1,1,1,1,1,1,1,1
283,178,1,6,0,0,1,1,1,1,1,1,1,1,1,1,1
284,200,1,6,0,0,1,1,1,1,1,1,1,1,1,1,1
285,204,1,6,0,0,1,1,1,1,1,1,1,1,1,1,1
286,233,1,6,0,0,1,1,1,1,1,1,1,1,1,1,1
287,273,1,6,0,0,1,1,1,1,1,1,1,1,1,1,1
288,26,1,6,0,0,1,1,1,1,1,1,1,1,1,1,1
289,27,1,6,0,0,1,1,1,1,1,1,1,1,1,1,1
290,28,1,6,0,0,1,1,1,1,1,1,1,1,1,1,1
291,29,1,6,0,0,1,1,1,1,1,1,1,1,1,1,1
292,32,1,6,0,0,1,1,1,1,1,1,1,1,1,1,1
293,33,1,6,0,0,1,1,1,1,1,1,1,1,1,1,1
294,298,1,6,0,0,1,1,1,1,1,1,1,1,1,1,1
295,46,1,6,0,0,1,1,1,1,1,1,1,1,1,1,1
296,47,1,6,0,0,1,1,1,1,1,1,1,1,1,1,1
297,48,1,6,0,0,1,1,1,1,1,1,1,1,1,1,1
298,49,1,6,0,0,1,1,1,1,1,1,1,1,1,1,1
299,2,1,6,0,0,1,1,1,1,1,1,1,1,1,1,1
300,3,1,6,0,0,1,1,1,1,1,1,1,1,1,1,1
301,6,1,6,0,0,1,1,1,1,1,1,1,1,1,1,1
302,7,1,6,0,0,1,1,1,1,1,1,1,1,1,1,1
303,8,1,6,0,0,1,1,1,1,1,1,1,1,1,1,1
304,14,1,6,0,0,1,1,1,1,1,1,1,1,1,1,1
305,474,1,6,0,0,1,1,1,1,1,1,1,1,1,1,1
306,485,1,6,0,0,1,1,1,1,1,1,1,1,1,1,1
307,587,1,6,0,0,1,1,1,1,1,1,1,1,1,1,1
308,17,1,6,0,0,1,1,1,1,1,1,1,1,1,1,1
309,20,1,6,0,0,1,1,1,1,1,1,1,1,1,1,1
310,64,1,6,0,0,1,1,1,1,1,1,1,1,1,1,1
311,167,15,20,0,0,1,1,1,1,1,1,1,1,1,1,1
312,186,15,20,0,0,1,1,1,1,1,1,1,1,1,1,1
313,244,15,20,0,0,1,1,1,1,1,1,1,1,1,1,1
314,257,15,20,0,0,1,1,1,1,1,1,1,1,1,1,1
315,50,15,20,0,0,1,1,1,1,1,1,1,1,1,1,1
316,51,15,20,0,0,1,1,1,1,1,1,1,1,1,1,1
317,52,15,20,0,0,1,1,1,1,1,1,1,1,1,1,1
318,536,15,20,0,0,1,1,1,1,1,1,1,1,1,1,1
319,636,15,20,0,0,1,1,1,1,1,1,1,1,1,1,1
320,76,13,13,0,0,1,0,0,0,0,0,0,0,0,0,0
321,81,13,13,0,0,1,0,0,0,0,0,0,0,0,0,0
322,85,13,13,0,0,1,0,0,0,0,0,0,0,0,0,0
323,163,13,13,0,0,1,0,0,0,0,0,0,0,0,0,0
324,214,13,13,0,0,1,0,0,0,0,0,0,0,0,0,0
325,279,13,13,0,0,1,0,0,0,0,0,0,0,0,0,0
326,283,13,13,0,0,1,0,0,0,0,0,0,0,0,0,0
327,286,13,13,0,0,1,0,0,0,0,0,0,0,0,0,0
328,564,13,13,0,0,1,1,1,1,1,1,1,1,1,1,1
329,678,13,13,0,0,1,1,1,1,1,1,1,1,1,1,1
330,681,13,13,0,0,1,1,1,1,1,1,1,1,1,1,1
331,685,13,13,0,0,1,1,1,1,1,1,1,1,1,1,1
332,692,13,13,0,0,1,1,1,1,1,1,1,1,1,1,1
333,80,2,7,10,20,1,1,1,1,1,1,1,1,1,1,1
334,122,26,7,15,30,1,1,1,1,1,1,1,1,1,1,1
335,126,2,7,10,20,1,1,1,1,1,1,1,1,1,1,1
336,144,26,7,15,30,1,1,1,1,1,1,1,1,1,1,1
337,162,26,7,15,30,1,1,1,1,1,1,1,1,1,1,1
338,201,2,7,10,20,1,1,1,1,1,1,1,1,1,1,1
339,202,26,7,15,30,1,1,1,1,1,1,1,1,1,1,1
340,205,2,7,10,20,1,1,1,1,1,1,1,1,1,1,1
341,221,2,7,10,20,1,1,1,1,1,1,1,1,1,1,1
342,222,2,7,10,20,1,1,1,1,1,1,1,1,1,1,1
343,223,2,7,10,20,1,1,1,1,1,1,1,1,1,1,1
344,231,2,7,10,20,1,1,1,1,1,1,1,1,1,1,1
345,276,2,7,10,20,1,1,1,1,1,1,1,1,1,1,1
346,30,2,7,10,20,1,1,1,1,1,1,1,1,1,1,1
347,31,2,7,10,20,1,1,1,1,1,1,1,1,1,1,1
348,34,2,7,10,20,1,1,1,1,1,1,1,1,1,1,1
349,35,2,7,10,20,1,1,1,1,1,1,1,1,1,1,1
350,36,2,7,10,20,1,1,1,1,1,1,1,1,1,1,1
351,37,2,7,10,20,1,1,1,1,1,1,1,1,1,1,1
352,324,2,7,10,20,1,1,1,1,1,1,1,1,1,1,1
353,352,2,7,10,20,1,1,1,1,1,1,1,1,1,1,1
354,359,2,7,10,20,1,1,1,1,1,1,1,1,1,1,1
355,53,2,7,10,20,1,1,1,1,1,1,1,1,1,1,1
356,54,2,7,10,20,1,1,1,1,1,1,1,1,1,1,1
357,55,2,7,10,20,1,1,1,1,1,1,1,1,1,1,1
358,57,2,7,10,20,1,1,1,1,1,1,1,1,1,1,1
359,60,2,7,10,20,1,1,1,1,1,1,1,1,1,1,1
360,4,2,7,10,20,1,1,1,1,1,1,1,1,1,1,1
361,9,2,7,10,20,1,1,1,1,1,1,1,1,1,1,1
362,10,2,7,10,20,1,1,1,1,1,1,1,1,1,1,1
363,11,2,7,10,20,1,1,1,1,1,1,1,1,1,1,1
364,12,2,7,10,20,1,1,1,1,1,1,1,1,1,1,1
365,13,2,7,10,20,1,1,1,1,1,1,1,1,1,1,1
366,15,2,7,10,20,1,1,1,1,1,1,1,1,1,1,1
367,475,2,7,10,20,1,1,1,1,1,1,1,1,1,1,1
368,487,2,7,10,20,1,1,1,1,1,1,1,1,1,1,1
369,539,2,7,10,20,1,1,1,1,1,1,1,1,1,1,1
370,550,2,7,10,20,1,1,1,1,1,0,1,1,1,1,1
371,16,2,7,10,20,1,1,1,1,1,1,1,1,1,1,1
372,18,2,7,10,20,1,1,1,1,1,1,1,1,1,1,1
373,19,2,7,10,20,1,1,1,1,1,1,1,1,1,1,1
374,607,26,7,15,30,1,1,1,1,1,1,1,1,1,1,1
375,611,2,7,10,20,1,1,1,1,1,1,1,1,1,1,1
376,633,2,7,10,20,1,1,1,1,1,1,1,1,1,1,1
377,62,26,7,15,30,1,1,1,1,1,1,1,1,1,1,1
378,63,26,7,15,30,1,1,1,1,1,1,1,1,1,1,1
379,66,2,7,10,20,1,1,1,1,1,1,1,1,1,1,1
380,79,16,21,15,30,1,1,1,1,1,1,1,1,1,1,1
381,82,16,21,15,30,1,1,1,1,1,1,1,1,1,1,1
382,243,16,21,15,30,1,1,1,1,1,1,1,1,1,1,1
383,259,16,21,15,30,1,1,1,1,1,1,1,1,1,1,1
384,56,16,21,15,30,1,1,1,1,1,1,1,1,1,1,1
385,58,16,21,15,30,1,1,1,1,1,1,1,1,1,1,1
386,59,16,21,15,30,1,1,1,1,1,1,1,1,1,1,1
387,468,16,21,15,30,1,1,1,1,1,1,1,1,1,1,1
388,538,16,21,15,30,1,1,1,1,1,1,1,1,1,1,1
389,653,16,21,15,30,1,1,1,1,1,1,1,1,1,1,1
390,687,14,14,0,0,1,1,1,1,1,1,1,1,1,1,1
391,694,14,14,0,0,1,1,1,1,1,1,1,1,1,1,1
392,94,3,8,5,10,1,1,1,0,0,0,0,0,0,0,0
393,98,3,8,5,10,1,1,1,0,0,0,0,0,0,0,0
394,99,3,8,5,10,1,0,0,1,1,0,0,0,0,0,0
395,100,3,8,5,10,1,0,1,0,0,0,0,0,0,0,0
396,101,3,8,5,10,1,0,1,0,0,0,0,0,0,0,0
397,102,31,8,15,30,1,1,0,0,0,0,0,0,0,0,0
398,108,3,8,5,10,1,0,1,1,0,0,0,0,0,0,0
399,118,3,8,5,10,1,0,0,0,1,1,1,1,0,0,0
400,119,3,8,5,10,1,0,0,0,1,1,1,1,0,0,0
401,120,3,8,5,10,1,0,0,0,1,1,1,1,0,0,0
402,121,3,8,5,10,1,0,0,0,1,1,1,1,0,0,0
403,123,3,8,5,10,1,0,0,0,1,1,1,1,0,0,0
404,124,3,8,5,10,1,1,0,0,0,0,0,0,0,0,0
405,128,3,8,5,10,1,0,0,0,1,1,0,0,0,0,0
406,131,3,8,5,10,1,0,1,1,0,0,0,0,0,0,0
407,136,3,8,5,10,1,1,0,0,0,0,0,0,0,0,0
408,139,3,8,5,10,1,1,0,0,0,0,0,0,0,0,0
409,146,3,8,5,10,1,0,0,0,1,0,0,0,0,0,0
410,152,3,8,5,10,1,0,0,0,0,1,1,0,0,0,0
411,153,3,8,5,10,1,1,1,0,0,0,0,0,0,0,0
412,154,3,8,5,10,1,1,1,0,0,0,0,0,0,0,0
413,155,3,8,15,30,1,0,0,1,0,0,0,0,0,0,0
414,180,31,8,15,30,1,1,1,0,0,0,0,0,0,0,0
415,181,3,8,5,10,1,1,1,0,0,0,0,0,0,0,0
416,182,3,8,5,10,1,0,0,1,0,0,0,0,0,0,0
417,192,3,8,5,10,1,1,1,0,0,0,0,0,0,0,0
418,194,3,8,5,10,1,1,1,0,0,0,0,0,0,0,0
419,195,3,8,5,10,1,1,1,0,0,0,0,0,0,0,0
420,196,3,8,5,10,1,1,1,0,0,0,0,0,0,0,0
421,199,31,8,15,30,1,0,0,0,1,1,1,1,0,0,0
422,206,3,8,5,10,1,1,1,0,0,0,0,0,0,0,0
423,209,3,8,5,10,1,1,1,0,0,0,0,0,0,0,0
424,210,3,8,5,10,1,0,0,1,0,0,0,0,0,0,0
425,211,3,8,5,10,1,0,0,1,0,0,0,0,0,0,0
426,212,3,8,5,10,1,0,0,1,0,0,0,0,0,0,0
427,213,3,8,5,10,1,0,0,1,0,0,0,0,0,0,0
428,228,3,8,5,10,1,1,0,0,0,0,0,0,0,0,0
429,229,3,8,5,10,1,1,0,0,0,0,0,0,0,0,0
430,299,3,8,5,10,1,1,0,0,0,0,0,0,0,0,0
431,301,3,8,5,10,1,1,0,0,0,0,0,0,0,0,0
432,302,3,8,5,10,1,0,1,0,0,0,0,0,0,0,0
433,303,3,8,5,10,1,0,1,0,0,0,0,0,0,0,0
434,304,3,8,5,10,1,0,1,0,0,0,0,0,0,0,0
435,305,3,8,5,10,1,0,1,0,0,0,0,0,0,0,0
436,306,3,8,5,10,1,0,0,1,1,0,0,0,0,0,0
437,307,3,8,5,10,1,0,1,0,0,0,0,0,0,0,0
438,310,3,8,5,10,1,0,0,1,1,0,0,0,0,0,0
439,311,3,8,5,10,1,0,1,0,0,0,0,0,0,0,0
440,312,3,8,5,10,1,0,0,0,1,0,0,0,0,0,0
441,315,3,8,5,10,1,0,1,1,0,0,0,0,0,0,0
442,316,3,8,5,10,1,1,0,0,0,0,0,0,0,0,0
443,317,3,8,5,10,1,1,0,0,0,0,0,0,0,0,0
444,318,3,8,5,10,1,1,0,0,0,0,0,0,0,0,0
445,319,3,8,5,10,1,0,1,0,0,0,0,0,0,0,0
446,320,3,8,5,10,1,1,0,0,0,0,0,0,0,0,0
447,322,3,8,5,10,1,0,0,1,1,1,0,0,0,0,0
448,323,3,8,5,10,1,0,1,0,0,0,1,1,1,1,0
449,329,3,8,5,10,1,1,0,0,0,0,0,0,0,0,0
450,331,3,8,5,10,1,0,0,1,1,1,0,0,0,0,0
451,332,3,8,5,10,1,0,1,0,0,0,1,1,1,1,0
452,338,3,8,5,10,1,1,1,0,0,0,0,0,0,0,0
453,340,3,8,5,10,1,0,0,0,1,0,0,0,0,0,0
454,344,3,8,5,10,1,1,1,0,0,0,0,0,0,0,0
455,349,3,8,5,10,1,1,1,0,0,0,0,0,0,0,0
456,353,3,8,5,10,1,0,0,0,1,0,0,0,0,0,0
457,354,3,8,5,10,1,0,0,0,0,1,0,0,0,0,0
458,355,31,8,15,30,1,0,0,0,0,1,0,0,0,0,0
459,357,3,8,5,10,1,0,0,1,0,0,0,0,0,0,0
460,360,3,8,5,10,1,0,0,0,0,1,0,0,0,0,0
461,361,3,8,5,10,1,0,0,0,0,1,0,0,0,0,0
462,363,3,8,5,10,1,0,0,1,0,0,0,0,0,0,0
463,364,3,8,5,10,1,0,0,0,1,0,0,0,0,0,0
464,365,3,8,5,10,1,1,0,0,0,0,0,0,0,0,0
465,369,3,8,5,10,1,1,0,0,0,0,0,0,0,0,0
466,370,3,8,5,10,1,1,0,0,0,0,0,0,0,0,0
467,371,3,8,5,10,1,1,0,0,0,0,0,0,0,0,0
468,372,3,8,5,10,1,1,0,0,0,0,0,0,0,0,0
469,376,3,8,5,10,1,0,1,0,0,0,0,0,0,0,0
470,379,3,8,5,10,1,1,0,0,0,0,0,0,0,0,0
471,385,3,8,5,10,1,1,0,0,0,0,0,0,0,0,0
472,388,3,8,5,10,1,1,0,0,0,0,0,0,0,0,0
473,389,3,8,5,10,1,1,0,0,0,0,0,0,0,0,0
474,390,3,8,5,10,1,1,0,0,0,0,0,0,0,0,0
475,392,3,8,5,10,1,1,0,0,1,0,0,0,0,0,0
476,396,3,8,5,10,1,1,0,0,1,0,0,0,0,0,0
477,405,3,8,5,10,1,1,0,0,0,0,0,0,0,0,0
478,407,3,8,5,10,1,0,0,1,0,0,0,0,0,0,0
479,408,3,8,5,10,1,0,1,0,0,0,0,0,0,0,0
480,411,31,8,15,30,1,1,1,0,0,0,0,0,0,0,0
481,412,3,8,5,10,1,1,1,0,0,0,0,0,0,0,0
482,413,3,8,5,10,1,1,1,1,1,1,1,1,1,1,1
483,417,3,8,5,10,1,1,1,0,0,0,0,0,0,0,0
484,418,3,8,5,10,1,0,0,1,0,0,0,0,0,0,0
485,420,3,8,5,10,1,1,1,0,0,0,0,0,0,0,0
486,421,3,8,5,10,1,1,1,0,0,0,0,0,0,0,0
487,426,3,8,5,10,1,1,0,0,0,0,0,0,0,0,0
488,427,3,8,5,10,1,1,0,0,0,0,0,0,0,0,0
489,429,3,8,5,10,1,1,0,0,0,0,0,0,0,0,0
490,430,3,8,5,10,1,1,0,0,0,0,0,0,0,0,0
491,443,3,8,5,10,1,0,0,1,0,0,0,0,0,0,0
492,446,3,8,5,10,1,1,1,0,0,0,0,0,0,0,0
493,447,3,8,5,10,1,1,1,0,0,0,0,0,0,0,0
494,449,3,8,5,10,1,0,0,1,0,0,0,0,0,0,0
495,453,3,8,5,10,1,1,1,0,0,0,0,0,0,0,0
496,454,3,8,5,10,1,1,1,0,0,0,0,0,0,0,0
497,455,3,8,5,10,1,1,1,0,0,0,0,0,0,0,0
498,477,3,8,5,10,1,1,0,0,0,0,0,0,0,0,0
499,478,3,8,5,10,1,1,0,0,0,0,0,0,0,0,0
500,479,3,8,5,10,1,1,0,0,0,0,0,0,0,0,0
501,480,3,8,5,10,1,0,1,1,0,0,0,0,0,0,0
502,482,3,8,5,10,1,1,0,0,0,0,0,0,0,0,0
503,483,3,8,5,10,1,0,1,1,0,0,0,0,0,0,0
504,484,3,8,5,10,1,0,1,1,0,0,0,0,0,0,0
505,489,3,8,5,10,1,0,1,0,0,0,0,0,0,0,0
506,492,3,8,5,10,1,0,0,1,1,0,0,0,0,0,0
507,495,3,8,5,10,1,1,0,0,0,0,0,0,0,0,0
508,496,3,8,5,10,1,1,0,0,0,0,0,0,0,0,0
509,498,3,8,5,10,1,1,0,0,0,0,0,0,0,0,0
510,499,3,8,5,10,1,1,0,0,0,0,0,0,0,0,0
511,500,3,8,5,10,1,0,1,0,0,0,0,0,0,0,0
512,501,3,8,5,10,1,0,0,1,1,0,0,0,0,0,0
513,503,3,8,5,10,1,0,0,1,0,0,0,0,0,0,0
514,507,3,8,5,10,1,1,1,0,0,0,0,0,0,0,0
515,508,3,8,5,10,1,1,1,0,0,0,0,0,0,0,0
516,522,3,8,5,10,1,1,0,0,0,0,0,0,0,0,0
517,523,3,8,5,10,1,0,1,0,0,0,0,0,0,0,0
518,524,3,8,5,10,1,1,0,0,0,0,0,0,0,0,0
519,526,3,8,5,10,1,1,0,0,0,0,0,0,0,0,0
520,527,3,8,5,10,1,0,1,0,0,0,0,0,0,0,0
521,529,3,8,5,10,1,0,1,0,0,0,0,0,0,0,0
522,530,3,8,5,10,1,0,1,0,0,0,0,0,0,0,0
523,546,3,8,5,10,1,1,0,0,0,0,0,0,0,0,0
524,547,3,8,5,10,1,0,1,0,0,0,0,0,0,0,0
525,553,3,8,5,10,1,1,0,0,0,0,0,0,0,0,0
526,557,3,8,5,10,1,1,0,0,0,0,0,0,0,0,0
527,584,3,8,5,10,1,1,1,0,0,0,0,0,0,0,0
528,585,3,8,5,10,1,0,0,1,0,0,0,0,0,0,0
529,586,3,8,5,10,1,0,0,0,1,0,0,0,0,0,0
530,589,3,8,5,10,1,1,0,0,0,0,0,0,0,0,0
531,590,3,8,5,10,1,0,1,0,0,0,0,0,0,0,0
532,591,3,8,5,10,1,0,1,0,0,0,0,0,0,0,0
533,592,3,8,5,10,1,0,0,1,1,1,1,0,0,0,0
534,595,3,8,5,10,1,0,1,0,0,0,0,0,0,0,0
535,596,3,8,5,10,1,1,0,0,0,0,0,0,0,0,0
536,608,3,8,5,10,1,0,1,0,0,0,0,0,0,0,0
537,612,3,8,5,10,1,1,0,0,0,0,0,0,0,0,0
538,613,3,8,5,10,1,1,0,0,0,0,0,0,0,0,0
539,614,3,8,5,10,1,1,0,0,0,0,0,0,0,0,0
540,615,3,8,5,10,1,1,0,0,0,0,0,0,0,0,0
541,616,3,8,5,10,1,1,0,0,0,0,0,0,0,0,0
542,617,3,8,5,10,1,1,0,0,0,0,0,0,0,0,0
543,618,3,8,5,10,1,0,0,1,0,0,0,0,0,0,0
544,619,3,8,5,10,1,0,1,0,0,0,0,0,0,0,0
545,620,3,8,5,10,1,0,1,0,0,0,0,0,0,0,0
546,621,3,8,5,10,1,1,0,0,0,0,0,0,0,0,0
547,627,3,8,5,10,1,0,0,1,0,0,0,0,0,0,0
548,628,3,8,5,10,1,0,0,1,0,0,0,0,0,0,0
549,630,3,8,5,10,1,1,0,0,0,0,0,0,0,0,0
550,631,3,8,5,10,1,0,1,0,0,0,0,0,0,0,0
551,659,3,8,5,10,1,1,0,0,0,0,0,0,0,0,0
552,665,3,8,5,10,1,1,0,0,0,0,0,0,0,0,0
553,700,3,8,5,10,1,1,0,0,0,0,0,0,0,0,0
554,701,3,8,5,10,1,0,1,0,0,0,0,0,0,0,0
555,703,3,8,5,10,1,1,0,0,0,0,0,0,0,0,0
556,706,3,8,5,10,1,1,1,0,0,0,0,0,0,0,0
557,707,3,8,5,10,1,0,0,1,0,0,0,0,0,0,0
558,708,3,8,5,10,1,0,0,1,0,0,0,0,0,0,0
559,717,3,8,5,10,1,0,0,1,0,0,0,0,0,0,0
560,718,3,8,5,10,1,0,0,1,0,0,0,0,0,0,0
561,719,3,8,5,10,1,0,0,1,0,0,0,0,0,0,0
562,720,3,8,5,10,1,1,1,0,0,0,0,0,0,0,0
563,721,3,8,5,10,1,0,0,1,0,0,0,0,0,0,0
564,725,3,8,5,10,1,1,1,0,0,0,0,0,0,0,0
565,726,3,8,5,10,1,0,0,1,0,0,0,0,0,0,0
566,727,3,8,5,10,1,0,0,1,0,0,0,0,0,0,0
567,730,3,8,5,10,1,1,1,0,0,0,0,0,0,0,0
568,731,3,8,5,10,1,0,0,1,0,0,0,0,0,0,0
569,733,3,8,5,10,1,0,0,1,0,0,0,0,0,0,0
570,734,3,8,5,10,1,0,0,1,0,0,0,0,0,0,0
571,735,3,8,5,10,1,1,1,0,0,0,0,0,0,0,0
572,736,3,8,5,10,1,1,1,0,0,0,0,0,0,0,0
573,739,3,8,5,10,1,0,0,1,0,0,0,0,0,0,0
574,744,3,8,5,10,1,1,0,0,0,0,0,0,0,0,0
575,745,3,8,5,10,1,0,1,0,0,0,0,0,0,0,0
576,746,3,8,5,10,1,0,0,1,0,0,0,0,0,0,0
577,749,3,8,5,10,1,1,0,1,0,0,0,0,0,0,0
578,750,3,8,5,10,1,0,1,0,0,0,0,0,0,0,0
579,169,17,22,10,20,1,0,0,1,1,0,0,0,0,0,0
580,170,17,22,10,20,1,0,0,1,1,0,0,0,0,0,0
581,171,17,22,10,20,1,0,0,0,0,0,1,1,0,0,0
582,172,17,22,10,20,1,1,1,0,0,0,0,0,0,0,0
583,173,17,22,10,20,1,1,1,0,0,0,0,0,0,0,0
584,174,17,22,10,20,1,1,1,0,0,0,0,0,0,0,0
585,175,17,22,10,20,1,1,1,0,0,0,0,0,0,0,0
586,176,17,22,10,20,1,0,0,0,0,1,0,0,0,0,0
587,183,17,22,10,20,1,1,0,0,0,0,0,0,0,0,0
588,184,17,22,10,20,1,0,1,1,0,0,0,0,0,0,0
589,185,17,22,10,20,1,0,0,0,1,1,0,0,0,0,0
590,240,17,22,10,20,1,1,0,0,1,1,0,0,0,0,0
591,241,17,22,10,20,1,0,1,1,0,0,1,1,0,0,0
592,245,17,22,10,20,1,1,1,1,1,1,1,1,1,1,1
593,246,17,22,10,20,1,1,1,1,1,1,1,1,1,1,1
594,256,17,22,10,20,1,0,1,1,0,0,1,1,0,0,0
595,260,17,22,10,20,1,1,0,0,1,1,0,0,0,0,0
596,400,17,22,10,20,1,1,0,0,0,0,0,0,0,0,0
597,401,17,22,10,20,1,1,0,0,0,0,0,0,0,0,0
598,402,17,22,10,20,1,0,0,1,0,0,0,0,0,0,0
599,403,17,22,10,20,1,0,1,0,0,0,0,0,0,0,0
600,406,17,22,10,20,1,1,0,0,0,0,0,0,0,0,0
601,422,17,22,10,20,1,1,1,0,0,0,0,0,0,0,0
602,431,17,22,10,20,1,0,0,0,1,1,0,0,0,0,0
603,432,17,22,10,20,1,0,0,0,1,1,0,0,0,0,0
604,434,32,22,15,30,1,0,1,1,0,0,0,0,0,0,0
605,437,17,22,10,20,1,0,0,0,0,0,1,0,0,0,0
606,438,17,22,10,20,1,0,0,0,1,1,0,0,0,0,0
607,439,17,22,10,20,1,0,0,0,1,1,0,0,0,0,0
608,440,17,22,10,20,1,0,0,0,0,0,1,0,0,0,0
609,441,17,22,10,20,1,0,1,1,0,0,0,0,0,0,0
610,460,17,22,10,20,1,0,1,0,0,0,0,0,0,0,0
611,462,17,22,10,20,1,0,0,1,1,1,1,0,0,0,0
612,465,17,22,10,20,1,1,0,0,0,0,0,0,0,0,0
613,466,17,22,10,20,1,1,0,0,0,0,0,0,0,0,0
614,467,17,22,10,20,1,1,0,0,0,0,0,0,0,0,0
615,470,17,22,10,20,1,1,0,0,0,0,0,0,0,0,0
616,471,17,22,10,20,1,1,0,0,0,0,0,0,0,0,0
617,472,17,22,10,20,1,0,1,0,0,0,0,0,0,0,0
618,473,17,22,10,20,1,0,0,1,1,1,1,0,0,0,0
619,511,17,22,10,20,1,1,1,0,0,0,0,0,0,0,0
620,512,17,22,10,20,1,1,1,0,0,0,0,0,0,0,0
621,515,17,22,10,20,1,0,0,1,0,0,0,0,0,0,0
622,531,17,22,10,20,1,0,0,1,0,0,0,0,0,0,0
623,532,17,22,10,20,1,0,1,0,0,0,0,0,0,0,0
624,533,17,22,10,20,1,1,0,0,0,0,0,0,0,0,0
625,534,17,22,10,20,1,0,0,0,1,0,0,0,0,0,0
626,535,17,22,10,20,1,0,0,0,0,1,1,1,1,0,0
627,540,17,22,10,20,1,0,0,1,0,0,0,0,0,0,0
628,541,17,22,10,20,1,0,1,0,0,0,0,0,0,0,0
629,542,17,22,10,20,1,1,0,0,0,0,0,0,0,0,0
630,632,17,22,10,20,1,1,0,0,0,0,0,0,0,0,0
631,634,17,22,10,20,1,0,1,1,0,0,0,0,0,0,0
632,644,17,22,10,20,1,1,1,1,1,1,0,0,0,0,0
633,649,17,22,10,20,1,0,0,0,0,0,1,1,0,0,0
634,650,17,22,10,20,1,0,0,0,0,0,0,0,1,0,0
635,651,17,22,10,20,1,0,0,0,0,0,0,0,1,0,0
636,654,17,22,10,20,1,1,0,0,0,0,0,0,0,0,0
637,655,17,22,10,20,1,0,1,1,0,0,0,0,0,0,0
638,656,17,22,10,20,1,0,0,0,1,0,0,0,0,0,0
639,657,17,22,10,20,1,0,0,0,1,0,0,0,0,0,0
640,672,17,22,10,20,1,1,0,0,0,0,0,0,0,0,0
641,673,17,22,10,20,1,0,1,1,1,1,0,0,0,0,0
642,674,17,22,10,20,1,0,1,1,1,1,0,0,0,0,0
643,78,14,14,0,0,1,0,0,0,0,0,0,0,0,0,0
644,84,14,14,0,0,1,0,0,0,0,0,0,0,0,0,0
645,87,14,14,0,0,1,0,0,0,0,0,0,0,0,0,0
646,165,14,14,0,0,1,0,0,0,0,0,0,0,0,0,0
647,216,14,14,0,0,1,0,0,0,0,0,0,0,0,0,0
648,282,14,14,0,0,1,0,0,0,0,0,0,0,0,0,0
649,285,14,14,0,0,1,0,0,0,0,0,0,0,0,0,0
650,288,14,14,0,0,1,0,0,0,0,0,0,0,0,0,0
651,567,14,14,0,0,1,1,1,1,1,1,1,1,1,1,1
652,680,14,14,0,0,1,1,1,1,1,1,1,1,1,1,1
653,683,14,14,0,0,1,1,1,1,1,1,1,1,1,1,1
654,688,28,28,0,0,1,1,1,1,1,1,1,1,1,1,1
655,695,28,28,0,0,1,1,1,1,1,1,1,1,1,1,1
656,91,4,9,15,30,1,0,0,1,0,0,0,0,0,0,0
657,97,30,9,15,30,1,0,0,0,0,0,0,0,0,0,0
658,103,4,9,15,30,1,0,0,0,0,0,0,0,0,0,0
659,179,4,9,15,30,1,0,0,0,0,0,0,0,0,0,0
660,193,4,9,15,30,1,0,0,0,0,0,0,0,0,0,0
661,207,4,9,15,30,1,0,0,0,0,0,0,0,0,0,0
662,217,4,9,15,30,1,1,0,0,0,0,0,0,0,0,0
663,277,4,9,15,30,1,1,1,1,1,1,1,1,1,1,1
664,300,4,9,15,30,1,0,0,0,0,0,0,0,0,0,0
665,308,4,9,15,30,1,0,0,0,0,0,0,0,0,0,0
666,325,4,9,15,30,1,0,0,0,0,0,0,0,0,0,1
667,326,4,9,15,30,1,0,0,0,0,0,0,0,0,0,1
668,327,30,29,15,30,1,0,0,0,0,0,0,0,0,0,1
669,328,4,9,15,30,1,0,0,0,0,0,0,0,0,0,1
670,333,4,9,15,30,1,0,0,0,0,0,0,0,0,0,1
671,334,4,9,15,30,1,0,0,0,0,0,0,0,0,0,1
672,339,4,9,15,30,1,0,0,1,0,0,0,0,0,0,0
673,345,4,9,15,30,1,0,0,1,0,0,0,0,0,0,0
674,347,4,9,15,30,1,0,0,0,1,0,0,0,0,0,0
675,348,4,9,15,30,1,0,0,0,1,0,0,0,0,0,0
676,368,4,9,15,30,1,0,0,0,0,0,0,0,0,0,0
677,373,4,9,15,30,1,0,0,0,0,0,0,0,0,0,0
678,374,4,9,15,30,1,0,0,0,0,0,0,0,0,0,0
679,383,4,9,15,30,1,0,0,0,0,0,0,0,0,0,0
680,384,4,9,15,30,1,0,0,0,0,0,0,0,0,0,0
681,386,4,9,15,30,1,0,0,0,0,0,0,0,0,0,0
682,387,4,9,15,30,1,0,0,0,0,0,0,0,0,0,0
683,391,4,9,15,30,1,0,0,0,0,0,0,0,0,0,0
684,393,4,9,15,30,1,0,1,1,0,0,0,0,0,0,0
685,394,4,9,15,30,1,0,1,1,0,0,0,0,0,0,0
686,395,4,9,15,30,1,0,1,1,0,0,0,0,0,0,0
687,397,4,29,15,30,1,0,1,1,0,0,0,0,0,0,0
688,398,4,9,15,30,1,0,1,1,0,0,0,0,0,0,0
689,410,4,9,15,30,1,0,0,0,1,0,0,0,0,0,0
690,414,4,9,15,30,1,0,0,0,1,0,0,0,0,0,0
691,419,4,9,15,30,1,0,0,0,1,0,0,0,0,0,0
692,424,30,29,15,30,1,0,1,0,0,0,0,0,0,0,0
693,428,4,9,15,30,1,0,1,0,0,0,0,0,0,0,0
694,448,4,9,15,30,1,0,0,0,0,0,0,0,0,0,0
695,456,4,9,15,30,1,0,0,0,0,0,0,0,0,0,0
696,481,4,9,15,30,1,0,0,0,0,0,0,0,0,0,0
697,486,4,9,15,30,1,0,0,0,0,0,0,0,0,0,0
698,497,4,9,15,30,1,0,0,0,0,0,0,0,0,0,0
699,502,4,9,15,30,1,0,0,0,0,0,0,0,0,0,0
700,506,4,22,15,30,1,0,0,0,1,0,0,0,0,0,0
701,518,4,9,15,30,1,0,0,0,0,0,0,0,0,0,0
702,520,5,10,15,30,1,0,0,0,0,0,0,0,0,0,0
703,528,4,9,15,30,1,0,0,0,0,0,0,0,0,0,0
704,548,4,9,15,30,1,0,0,0,0,0,0,0,0,0,0
705,549,30,9,15,30,1,0,0,0,0,0,0,0,0,0,0
706,554,4,9,15,30,1,0,0,0,0,0,0,0,0,0,0
707,555,4,9,15,30,1,0,0,0,0,0,0,0,0,0,0
708,556,4,9,15,30,1,0,0,0,0,0,0,0,0,0,0
709,560,4,9,15,30,1,0,0,0,0,0,0,0,0,0,0
710,562,4,9,15,30,1,0,0,0,0,0,0,0,0,0,0
711,573,4,9,15,30,1,0,0,0,0,0,0,0,0,0,0
712,588,4,9,15,30,1,0,0,0,0,0,0,0,0,0,0
713,604,4,9,15,30,1,0,0,0,0,0,0,0,0,0,0
714,610,4,9,15,30,1,0,0,0,0,0,0,0,0,0,0
715,624,4,9,15,30,1,0,0,0,0,0,0,0,0,0,0
716,629,4,9,15,30,1,0,0,0,0,0,0,0,0,0,0
717,661,4,9,15,30,1,0,0,0,0,0,0,0,0,0,0
718,664,4,9,15,30,1,0,0,0,0,0,0,0,0,0,0
719,668,4,9,15,30,1,0,0,0,0,0,0,0,0,0,0
720,669,4,9,15,30,1,0,0,0,0,0,0,0,0,0,0
721,702,4,9,15,30,1,0,0,0,0,0,0,0,0,0,0
722,705,4,9,15,30,1,0,0,0,0,0,0,0,0,0,0
723,709,4,9,15,30,1,0,0,0,0,0,0,0,0,0,0
724,713,4,9,15,30,1,0,0,0,0,0,0,0,0,0,0
725,724,4,9,15,30,1,0,0,0,0,0,0,0,0,0,0
726,729,4,9,15,30,1,0,0,0,0,0,0,0,0,0,0
727,743,4,9,15,30,1,0,0,0,0,0,0,0,0,0,0
728,747,4,9,15,30,1,0,0,0,0,0,0,0,0,0,0
729,748,4,9,15,30,1,0,0,0,0,0,0,0,0,0,0
730,751,4,9,15,30,1,0,0,0,0,0,0,0,0,0,0
731,752,4,9,15,30,1,0,0,0,0,0,0,0,0,0,0
732,187,18,23,15,30,1,0,0,0,0,0,0,0,0,0,0
733,188,18,23,15,30,1,0,0,0,0,0,0,0,0,0,0
734,189,18,23,15,30,1,0,0,0,0,0,0,0,0,0,0
735,190,18,23,15,30,1,0,0,0,0,0,0,0,0,0,0
736,242,18,23,15,30,1,0,0,0,0,0,0,0,1,0,0
737,258,18,23,15,30,1,0,0,0,0,0,0,0,1,0,0
738,404,18,23,15,30,1,0,0,0,1,0,0,0,0,0,0
739,433,18,23,15,30,1,1,0,0,0,0,0,0,0,0,0
740,442,18,23,15,30,1,1,0,0,0,0,0,0,0,0,0
741,513,18,23,15,30,1,0,0,0,0,0,0,0,0,0,0
742,640,18,23,15,30,1,0,0,1,0,0,0,0,0,0,0
743,641,18,23,15,30,1,0,0,1,0,0,0,0,0,0,0
744,642,18,23,15,30,1,0,0,1,0,0,0,0,0,0,0
745,677,18,23,15,30,1,0,0,0,0,0,0,0,0,0,0
746,147,4,9,15,30,1,0,0,1,0,0,0,0,0,0,0
747,148,4,9,15,30,1,0,0,1,0,0,0,0,0,0,0
748,149,4,9,15,30,1,0,0,1,0,0,0,0,0,0,0
749,150,4,9,15,30,1,0,0,1,0,0,0,0,0,0,0
750,689,28,28,0,0,1,0,0,0,0,0,0,0,0,0,0
751,696,28,28,0,0,1,0,0,0,0,0,0,0,0,0,0
