ID,EnemyID1,EnemyID2,EnemyID3,LvMin,LvMax
0,0,0,0,0,0
1,3773,0,0,0,0
2,3771,0,0,57,60
3,3771,0,0,57,60
4,3775,0,0,55,57
5,4106,0,0,0,0
6,4106,0,0,0,0
7,0,0,0,0,0
8,0,0,0,0,0
9,0,0,0,0,0
10,3046,0,0,0,0
11,3978,0,0,16,18
12,0,0,0,0,0
13,3899,0,0,56,59
14,3793,0,0,55,55
15,4101,0,0,0,0
16,4105,0,0,0,0
17,4105,0,0,0,0
18,443,0,0,0,0
19,444,0,0,0,0
20,445,0,0,0,0
21,446,0,0,0,0
22,443,0,0,0,0
23,444,0,0,0,0
24,445,0,0,0,0
25,446,0,0,0,0
26,447,0,0,0,0
27,450,0,0,0,0
28,451,0,0,0,0
29,452,0,0,0,0
30,453,0,0,0,0
31,452,0,0,0,0
32,447,0,0,0,0
33,452,0,0,0,0
34,447,0,0,0,0
35,458,0,0,0,0
36,459,0,0,0,0
37,459,0,0,0,0
38,3768,0,0,0,0
39,4055,0,0,0,0
40,4056,0,0,0,0
41,4057,0,0,0,0
42,4058,0,0,0,0
43,4059,0,0,0,0
44,4059,0,0,0,0
45,4059,0,0,0,0
46,2574,0,0,0,0
47,4066,0,0,0,0
48,4066,0,0,0,0
49,4105,0,0,0,0
50,4102,0,0,0,0
51,3770,0,0,0,0
52,3774,0,0,61,64
53,3774,0,0,61,64
54,3790,0,0,64,66
55,3787,0,0,0,0
56,3792,0,0,59,61
57,3792,0,0,59,61
58,4101,0,0,0,0
59,4105,0,0,0,0
60,4105,0,0,0,0
61,4102,0,0,0,0
62,3769,0,0,0,0
63,3778,0,0,0,0
64,3782,0,0,50,50
65,3783,0,0,50,50
66,3990,0,0,35,35
67,3991,0,0,35,35
68,3991,0,0,35,35
69,3991,0,0,31,31
70,3992,0,0,36,38
71,3992,0,0,38,38
72,3992,0,0,36,38
73,3992,0,0,31,31
74,3986,0,0,35,38
75,3986,0,0,33,35
76,3986,0,0,34,36
77,3986,0,0,34,36
78,3986,0,0,34,36
79,3986,0,0,33,35
80,3986,0,0,36,36
81,3987,0,0,33,37
82,3987,0,0,33,37
83,3987,0,0,34,38
84,3781,0,0,38,41
85,3988,0,0,38,41
86,3989,0,0,34,37
87,3989,0,0,34,37
88,3989,0,0,34,37
89,4105,0,0,0,0
90,4102,0,0,0,0
91,4106,0,0,0,0
92,0,0,0,0,0
93,431,0,0,0,0
94,432,0,0,0,0
95,0,0,0,0,0
96,620,0,0,0,0
97,621,0,0,0,0
98,646,0,0,0,0
99,647,0,0,0,0
100,648,0,0,0,0
101,649,0,0,0,0
102,650,0,0,0,0
103,651,0,0,0,0
104,3876,0,0,0,0
105,652,0,0,0,0
106,667,0,0,0,0
107,725,0,0,0,0
108,726,0,0,0,0
109,797,0,0,0,0
110,348,0,0,0,0
111,350,0,0,0,0
112,349,0,0,0,0
113,351,0,0,0,0
114,352,0,0,0,0
115,353,0,0,0,0
116,357,0,0,0,0
117,355,0,0,0,0
118,356,0,0,0,0
119,488,0,0,0,0
120,489,0,0,0,0
121,490,0,0,0,0
122,491,0,0,0,0
123,501,0,0,0,0
124,504,0,0,0,0
125,500,0,0,0,0
126,503,0,0,0,0
127,502,0,0,0,0
128,505,0,0,0,0
129,511,0,0,0,0
130,510,0,0,0,0
131,516,0,0,0,0
132,520,0,0,0,0
133,521,0,0,0,0
134,522,0,0,0,0
135,533,0,0,0,0
136,534,0,0,0,0
137,535,0,0,0,0
138,536,0,0,0,0
139,537,0,0,0,0
140,539,0,0,0,0
141,550,0,0,0,0
142,549,0,0,0,0
143,551,0,0,0,0
144,553,0,0,0,0
145,559,0,0,0,0
146,567,0,0,0,0
147,566,0,0,0,0
148,575,0,0,0,0
149,573,0,0,0,0
150,574,0,0,0,0
151,584,0,0,0,0
152,581,0,0,0,0
153,583,0,0,0,0
154,580,0,0,0,0
155,585,0,0,0,0
156,582,0,0,0,0
157,586,0,0,0,0
158,589,0,0,0,0
159,590,0,0,0,0
160,597,0,0,0,0
161,604,0,0,0,0
162,2111,0,0,0,0
163,605,0,0,0,0
164,606,0,0,0,0
165,636,0,0,0,0
166,637,0,0,0,0
167,635,0,0,0,0
168,638,0,0,0,0
169,641,0,0,0,0
170,640,0,0,0,0
171,643,0,0,0,0
172,658,0,0,0,0
173,659,0,0,0,0
174,668,0,0,0,0
175,668,0,0,0,0
176,669,0,0,0,0
177,670,0,0,0,0
178,672,0,0,0,0
179,682,0,0,0,0
180,708,0,0,0,0
181,709,0,0,0,0
182,719,0,0,0,0
183,718,0,0,0,0
184,720,0,0,0,0
185,722,0,0,0,0
186,736,0,0,0,0
187,737,0,0,0,0
188,738,0,0,0,0
189,748,0,0,0,0
190,749,0,0,0,0
191,781,0,0,0,0
192,777,0,0,0,0
193,778,0,0,0,0
194,780,0,0,0,0
195,779,0,0,0,0
196,789,0,0,0,0
197,788,0,0,0,0
198,786,0,0,0,0
199,790,0,0,0,0
200,787,0,0,0,0
201,795,0,0,0,0
202,802,0,0,0,0
203,804,0,0,0,0
204,803,0,0,0,0
205,817,0,0,0,0
206,815,0,0,0,0
207,1755,0,0,0,0
208,1982,0,0,0,0
209,4047,0,0,0,0
210,1754,0,0,0,0
211,2060,0,0,0,0
212,1817,0,0,0,0
213,2050,0,0,0,0
214,1731,0,0,0,0
215,1722,0,0,0,0
216,1726,0,0,0,0
217,1730,0,0,0,0
218,1706,0,0,0,0
219,1838,0,0,0,0
220,1789,0,0,0,0
221,1959,0,0,0,0
222,2117,0,0,0,0
223,2139,0,0,0,0
224,2011,0,0,0,0
225,2017,0,0,0,0
226,1957,0,0,0,0
227,1928,3781,0,0,0
228,1904,1898,0,0,0
229,2089,0,0,0,0
230,2059,0,0,0,0
231,1823,0,0,0,0
232,1883,0,0,0,0
233,1890,0,0,0,0
234,1861,0,0,36,41
235,2066,0,0,0,0
236,1718,0,0,0,0
237,3880,0,0,0,0
238,3881,0,0,0,0
239,2129,0,0,0,0
240,2120,2119,0,0,0
241,1918,0,0,0,0
242,2107,2095,0,0,0
243,1926,1923,0,0,0
244,2094,0,0,0,0
245,1741,0,0,0,0
246,3808,0,0,0,0
247,1862,0,0,31,36
248,2045,0,0,0,0
249,1759,0,0,9,11
250,1704,0,0,9,9
251,1705,0,0,45,45
252,1758,0,0,8,8
253,1758,0,0,7,7
254,1758,0,0,8,8
255,1758,0,0,7,7
256,4035,0,0,49,49
257,4035,0,0,48,48
258,4035,0,0,49,49
259,1704,0,0,9,9
260,1708,0,0,10,10
261,1845,0,0,6,8
262,1845,0,0,5,7
263,2013,0,0,6,8
264,2013,0,0,5,7
265,2016,0,0,45,45
266,2016,0,0,41,41
267,1768,0,0,47,47
268,1768,0,0,47,47
269,1758,0,0,8,8
270,1758,0,0,8,8
271,1758,0,0,7,7
272,1758,0,0,8,8
273,1758,0,0,6,6
274,1758,0,0,9,9
275,1758,0,0,9,9
276,1761,0,0,42,42
277,1761,0,0,46,46
278,1761,0,0,45,45
279,1761,0,0,46,46
280,1761,0,0,47,47
281,1761,0,0,47,47
282,1759,0,0,8,8
283,1761,0,0,47,47
284,1765,0,0,42,42
285,1765,0,0,47,47
286,1765,0,0,47,47
287,1871,0,0,6,8
288,1871,0,0,5,7
289,1879,0,0,29,29
290,3893,0,0,48,48
291,1715,0,0,37,37
292,1715,0,0,38,38
293,1715,0,0,39,39
294,1863,0,0,10,10
295,1864,0,0,11,11
296,1864,0,0,12,12
297,1792,0,0,12,12
298,1792,0,0,12,12
299,1874,0,0,11,11
300,1874,0,0,12,12
301,1905,0,0,10,10
302,1865,0,0,21,23
303,1865,0,0,21,23
304,1865,0,0,21,25
305,1865,0,0,22,24
306,1865,0,0,23,23
307,1794,0,0,26,29
308,2075,0,0,23,25
309,2075,0,0,25,25
310,1910,0,0,29,31
311,2099,0,0,24,24
312,2099,0,0,23,26
313,2099,0,0,22,25
314,2099,0,0,21,24
315,2099,0,0,25,27
316,1833,0,0,34,38
317,1833,0,0,34,38
318,1833,0,0,34,38
319,1833,0,0,34,38
320,1833,0,0,34,38
321,1857,0,0,31,34
322,1784,0,0,38,41
323,1783,0,0,38,40
324,1794,0,0,29,31
325,1947,0,0,39,41
326,1868,0,0,60,60
327,1868,0,0,60,60
328,3905,0,0,57,59
329,3906,0,0,55,57
330,3906,0,0,55,57
331,3907,0,0,56,56
332,2126,2124,0,0,0
333,2126,2124,0,0,0
334,2126,2124,0,0,0
335,2126,2124,0,0,0
336,2101,0,0,31,31
337,2101,0,0,31,33
338,3879,0,0,59,59
339,3879,0,0,59,59
340,3904,0,0,56,56
341,3904,0,0,56,56
342,3904,0,0,56,56
343,1947,0,0,39,39
344,1947,0,0,40,40
345,2091,0,0,43,46
346,2091,0,0,43,46
347,2083,0,0,32,35
348,2084,0,0,35,35
349,2084,0,0,32,35
350,1896,0,0,55,55
351,1896,0,0,55,55
352,1998,0,0,1,1
353,2018,0,0,2,2
354,2019,0,0,3,3
355,1998,0,0,1,1
356,2019,0,0,3,3
357,2031,1998,0,2,2
358,2019,0,0,4,4
359,2031,1998,0,2,2
360,1802,0,0,5,7
361,1802,0,0,6,6
362,1802,0,0,7,7
363,1802,0,0,7,9
364,1814,0,0,4,6
365,1814,0,0,4,6
366,1807,0,0,15,19
367,1807,0,0,15,19
368,1807,0,0,15,19
369,1807,0,0,15,19
370,2048,0,0,54,56
371,2048,0,0,51,53
372,2048,0,0,53,55
373,2047,0,0,49,51
374,2047,0,0,50,50
375,1728,0,0,51,51
376,1828,0,0,3,6
377,1828,0,0,4,6
378,1828,0,0,5,7
379,1828,0,0,6,8
380,1828,0,0,2,2
381,1852,0,0,1,1
382,1852,0,0,3,5
383,1830,0,0,19,21
384,1832,0,0,21,23
385,1836,0,0,41,44
386,1845,0,0,1,3
387,1845,0,0,2,4
388,1845,0,0,3,3
389,1845,0,0,5,7
390,1845,0,0,3,6
391,1845,0,0,6,8
392,1846,0,0,11,13
393,1774,0,0,5,8
394,1774,0,0,8,8
395,1776,0,0,6,9
396,1777,0,0,11,13
397,1779,0,0,13,16
398,2108,0,0,1,4
399,2108,0,0,3,6
400,2109,0,0,1,1
401,2109,0,0,2,2
402,2108,0,0,2,5
403,2110,0,0,11,15
404,2132,0,0,6,9
405,2133,0,0,3,6
406,2133,0,0,2,2
407,2133,0,0,2,2
408,2133,0,0,6,9
409,2134,0,0,2,2
410,2134,0,0,6,9
411,2136,0,0,21,23
412,2137,0,0,21,23
413,2137,0,0,21,23
414,2137,0,0,21,23
415,2138,0,0,21,23
416,2019,2019,1986,2,5
417,1985,1985,2018,10,10
418,1985,1985,2018,8,8
419,1985,1985,2018,9,11
420,1985,1985,2018,8,10
421,1986,2019,0,2,4
422,1986,2019,0,3,5
423,1986,2019,2019,2,4
424,1986,2019,2019,3,5
425,2019,1986,2019,3,6
426,1986,0,0,6,6
427,1986,0,0,3,3
428,1986,0,0,3,3
429,1986,0,0,2,2
430,1989,2022,2022,13,16
431,2019,0,0,2,2
432,2019,0,0,3,3
433,2019,0,0,2,2
434,2019,0,0,1,3
435,2019,1998,2031,3,5
436,2019,2031,1998,2,5
437,1936,0,0,6,6
438,1937,0,0,6,6
439,1935,0,0,8,8
440,3831,0,0,7,7
441,1942,0,0,20,20
442,1947,0,0,31,31
443,1947,0,0,36,36
444,1948,0,0,31,31
445,1949,0,0,31,31
446,1971,0,0,9,11
447,1971,0,0,9,11
448,1972,0,0,16,16
449,1973,0,0,13,15
450,1962,0,0,25,27
451,1962,0,0,30,30
452,1962,0,0,21,25
453,1963,0,0,28,28
454,1974,0,0,21,23
455,1966,0,0,45,45
456,2081,0,0,21,26
457,2081,0,0,26,31
458,2082,0,0,21,26
459,2082,0,0,26,31
460,2051,0,0,11,14
461,2051,0,0,12,14
462,2054,0,0,11,11
463,2053,0,0,12,12
464,2055,0,0,23,25
465,2055,0,0,21,23
466,2056,0,0,24,24
467,2056,0,0,21,25
468,2042,0,0,4,6
469,2042,0,0,5,5
470,2042,0,0,6,6
471,2042,0,0,7,7
472,2042,0,0,6,8
473,2042,0,0,4,6
474,2042,0,0,5,5
475,2042,0,0,4,6
476,2042,0,0,6,9
477,1872,0,0,5,7
478,1871,0,0,2,4
479,1871,0,0,3,6
480,1871,0,0,4,4
481,1871,0,0,5,5
482,1871,0,0,2,4
483,1871,0,0,3,5
484,1871,0,0,4,6
485,1875,0,0,16,20
486,1875,0,0,11,13
487,2062,0,0,10,10
488,2062,0,0,4,6
489,2062,0,0,5,7
490,2062,0,0,5,7
491,2062,0,0,7,7
492,2062,0,0,7,7
493,2062,0,0,10,10
494,2062,0,0,6,6
495,2062,0,0,8,10
496,2062,0,0,9,11
497,2062,0,0,8,8
498,2062,0,0,4,6
499,2062,0,0,6,8
500,2063,0,0,13,15
501,1909,0,0,17,17
502,1911,0,0,24,24
503,2096,0,0,3,5
504,2096,0,0,6,8
505,2096,0,0,10,10
506,2096,0,0,1,3
507,2096,0,0,2,4
508,2096,0,0,3,5
509,2096,0,0,4,6
510,2096,0,0,6,8
511,2096,0,0,8,11
512,2096,0,0,7,9
513,2098,0,0,11,14
514,1903,0,0,52,55
515,2030,1997,0,8,8
516,2030,1997,0,9,9
517,2021,0,0,12,12
518,2030,1999,2000,5,8
519,2021,0,0,11,11
520,1814,0,0,6,10
521,1805,0,0,11,13
522,1807,0,0,13,16
523,1839,1839,1828,8,10
524,1840,1840,1830,13,16
525,1834,0,0,36,36
526,1834,0,0,35,38
527,1845,0,0,7,9
528,1777,0,0,11,13
529,1783,0,0,37,37
530,1783,0,0,37,37
531,1800,0,0,4,6
532,1800,0,0,9,11
533,1800,0,0,6,9
534,1800,0,0,5,8
535,1800,0,0,9,11
536,1800,0,0,10,10
537,1988,2021,1988,12,14
538,1989,0,0,13,13
539,1995,0,0,36,36
540,2028,0,0,35,35
541,2013,0,0,8,10
542,1935,0,0,8,8
543,1931,0,0,10,10
544,1931,0,0,8,8
545,1931,0,0,9,9
546,1931,0,0,10,10
547,1931,0,0,8,8
548,1931,0,0,8,10
549,1931,0,0,9,9
550,3831,0,0,8,10
551,3831,0,0,10,10
552,1900,0,0,42,42
553,2067,0,0,8,8
554,2083,0,0,38,40
555,2084,0,0,38,40
556,2051,0,0,13,16
557,2053,0,0,11,11
558,2053,0,0,12,12
559,2051,0,0,12,12
560,2051,0,0,12,12
561,2051,0,0,13,13
562,2043,0,0,11,11
563,2043,0,0,11,13
564,2043,0,0,12,14
565,2043,0,0,11,13
566,2043,0,0,11,13
567,2043,0,0,12,14
568,2043,0,0,12,15
569,1818,0,0,30,30
570,1872,0,0,9,11
571,1876,0,0,11,13
572,1875,0,0,16,20
573,1875,0,0,11,14
574,1875,0,0,11,13
575,1878,0,0,25,27
576,4026,0,0,39,41
577,4028,0,0,40,40
578,4028,0,0,39,41
579,1885,0,0,10,10
580,1885,0,0,9,9
581,1885,0,0,9,11
582,2062,0,0,9,9
583,2063,0,0,14,14
584,2063,0,0,13,13
585,2063,0,0,14,14
586,2063,0,0,15,15
587,2063,0,0,14,14
588,2063,0,0,18,20
589,2064,0,0,49,49
590,2122,2119,0,22,22
591,2122,2119,0,22,22
592,2122,2119,0,22,22
593,1988,2021,0,19,21
594,2033,2002,2033,14,16
595,1752,0,0,40,40
596,1753,0,0,40,40
597,1832,1847,0,23,23
598,1835,0,0,43,45
599,1835,0,0,43,43
600,1843,1843,1836,41,43
601,1843,1843,1836,41,43
602,1846,0,0,19,21
603,1846,0,0,20,20
604,1847,0,0,21,23
605,1847,0,0,22,22
606,1848,0,0,32,34
607,1848,0,0,33,33
608,4031,0,0,36,38
609,4031,0,0,35,35
610,4033,0,0,33,35
611,4033,0,0,33,35
612,1947,0,0,32,32
613,1948,0,0,32,32
614,1948,0,0,31,31
615,1948,0,0,32,32
616,1949,0,0,32,32
617,2080,0,0,23,23
618,2081,0,0,23,25
619,2081,0,0,23,23
620,2080,0,0,23,23
621,2081,0,0,23,23
622,4026,0,0,31,33
623,4027,0,0,46,46
624,4027,0,0,47,47
625,1835,0,0,43,43
626,1835,0,0,43,45
627,1849,0,0,41,43
628,1849,0,0,41,41
629,1849,0,0,41,43
630,4032,0,0,43,43
631,4032,0,0,43,43
632,4032,0,0,43,43
633,1782,0,0,43,43
634,3850,3853,0,41,41
635,3850,3847,0,41,41
636,3851,3848,3854,0,0
637,3855,3849,3852,0,0
638,3847,3853,3853,41,43
639,3845,0,0,42,42
640,3845,0,0,42,42
641,3846,0,0,43,43
642,3846,0,0,42,42
643,3846,0,0,43,43
644,3845,0,0,43,43
645,1948,0,0,43,43
646,1824,0,0,30,30
647,4025,0,0,39,41
648,4027,0,0,44,46
649,4027,0,0,47,49
650,4027,0,0,45,45
651,1893,0,0,49,49
652,1896,0,0,51,51
653,1896,0,0,51,51
654,1896,0,0,51,51
655,1896,0,0,51,51
656,2090,0,0,49,49
657,1727,0,0,49,49
658,1827,0,0,6,9
659,1852,0,0,5,7
660,1896,0,0,51,51
661,1719,0,0,50,50
662,1719,0,0,48,50
663,3882,0,0,60,60
664,3883,0,0,60,60
665,1721,0,0,58,58
666,1724,0,0,58,58
667,1837,0,0,57,59
668,1837,0,0,56,59
669,3884,0,0,65,65
670,3893,0,0,50,50
671,1740,0,0,59,59
672,1773,0,0,0,0
673,3810,0,0,0,0
674,1713,0,0,51,51
675,1712,0,0,55,55
676,4035,0,0,47,47
677,1770,0,0,38,41
678,3915,0,0,31,34
679,1770,0,0,38,41
680,3836,0,0,56,59
681,3836,0,0,56,59
682,3836,0,0,58,60
683,1805,0,0,18,21
684,1808,0,0,26,28
685,1811,0,0,31,33
686,1984,0,0,43,46
687,1984,0,0,43,46
688,1984,0,0,47,49
689,1984,0,0,47,49
690,1984,0,0,47,49
691,1727,0,0,48,48
692,1705,0,0,45,45
693,1705,0,0,47,47
694,1852,0,0,9,11
695,1829,0,0,16,19
696,1846,1840,0,18,21
697,1891,0,0,22,24
698,4032,0,0,41,43
699,4032,0,0,48,51
700,2108,0,0,4,7
701,2108,0,0,4,7
702,2110,0,0,15,18
703,2110,0,0,11,11
704,2110,0,0,12,12
705,2132,0,0,5,8
706,2132,0,0,5,8
707,2135,0,0,11,13
708,2135,0,0,11,13
709,2135,0,0,11,13
710,2135,0,0,11,13
711,2135,0,0,11,13
712,2135,0,0,11,13
713,2136,0,0,29,31
714,2137,0,0,29,31
715,2137,0,0,29,31
716,2137,0,0,29,31
717,2138,0,0,29,31
718,2021,1988,0,17,19
719,2024,1991,0,27,29
720,2019,0,0,6,8
721,2018,1985,0,6,8
722,2018,1985,0,5,8
723,2021,1988,0,11,11
724,2021,2002,0,11,11
725,2024,1993,2026,26,28
726,2022,1989,2022,11,11
727,2016,0,0,47,50
728,1768,0,0,50,50
729,1768,0,0,50,50
730,1931,0,0,8,11
731,1931,0,0,8,11
732,1931,0,0,8,11
733,1931,0,0,8,11
734,1931,0,0,8,11
735,1932,0,0,7,9
736,1932,0,0,7,9
737,1932,0,0,7,9
738,1941,0,0,11,13
739,1940,0,0,12,12
740,1943,0,0,11,11
741,1943,0,0,11,11
742,1943,0,0,11,11
743,1946,0,0,27,27
744,1946,0,0,29,29
745,1946,0,0,21,24
746,1944,0,0,21,24
747,1947,0,0,39,41
748,1947,1956,0,39,41
749,1952,0,0,39,41
750,1948,0,0,31,33
751,1960,0,0,19,21
752,1972,0,0,16,18
753,1962,0,0,22,22
754,1963,0,0,22,22
755,2069,0,0,22,22
756,2081,0,0,21,24
757,2085,0,0,45,47
758,2086,0,0,45,47
759,2051,0,0,11,13
760,2051,0,0,11,13
761,2051,0,0,12,14
762,2055,0,0,23,25
763,3974,0,0,47,50
764,1768,0,0,47,50
765,1768,0,0,46,46
766,3999,0,0,26,29
767,1818,0,0,21,24
768,1818,0,0,21,24
769,3914,0,0,31,33
770,1876,0,0,11,11
771,1878,0,0,24,26
772,1881,0,0,56,59
773,1887,0,0,11,11
774,1887,0,0,11,11
775,1887,0,0,11,11
776,1896,0,0,60,60
777,1715,0,0,40,40
778,2119,0,0,22,24
779,2119,0,0,22,24
780,2119,0,0,22,24
781,2122,0,0,28,30
782,2122,0,0,28,31
783,2122,0,0,28,31
784,2131,2128,0,51,54
785,2131,2128,0,51,54
786,1913,0,0,32,34
787,1908,0,0,11,14
788,1911,0,0,28,31
789,1911,0,0,28,31
790,2102,0,0,31,34
791,2102,0,0,31,34
792,3916,0,0,18,21
793,4048,0,0,48,48
794,1802,0,0,8,11
795,1815,0,0,18,21
796,1808,0,0,21,25
797,1808,0,0,22,26
798,1810,0,0,27,30
799,1811,0,0,32,36
800,1811,0,0,32,36
801,1811,0,0,33,36
802,1813,0,0,35,39
803,2049,0,0,52,55
804,1829,0,0,16,19
805,1831,0,0,28,28
806,1845,0,0,8,11
807,1846,0,0,15,18
808,1846,0,0,15,19
809,1847,0,0,22,25
810,1848,0,0,31,34
811,1848,0,0,38,41
812,1774,1785,0,7,11
813,1787,0,0,12,14
814,1777,1787,0,17,21
815,1780,0,0,25,29
816,1784,0,0,33,36
817,1788,0,0,27,31
818,1783,0,0,33,36
819,1783,0,0,33,36
820,1783,0,0,31,35
821,2110,0,0,13,15
822,2110,0,0,13,17
823,2110,0,0,13,15
824,2110,0,0,15,18
825,2111,0,0,21,23
826,2111,0,0,21,24
827,2111,0,0,22,25
828,2111,0,0,22,25
829,2112,0,0,21,23
830,2113,0,0,21,23
831,2114,0,0,21,23
832,2111,0,0,23,26
833,2111,0,0,21,23
834,2116,0,0,51,53
835,2116,0,0,51,53
836,2135,0,0,16,18
837,2135,0,0,16,18
838,2136,0,0,21,24
839,2136,0,0,21,24
840,2136,0,0,21,24
841,2136,0,0,22,25
842,2136,0,0,21,23
843,2019,1986,0,8,11
844,2022,1989,0,15,17
845,2028,1995,0,31,35
846,2019,1986,1998,8,11
847,2022,1989,2003,12,15
848,2025,1992,2006,21,25
849,2028,1995,2009,31,34
850,2022,2002,0,14,16
851,2028,2009,0,31,35
852,1931,0,0,8,11
853,1931,0,0,8,11
854,1939,0,0,13,16
855,1939,0,0,19,21
856,1939,0,0,16,19
857,1939,0,0,16,20
858,1939,0,0,16,20
859,1939,0,0,12,15
860,1944,0,0,23,27
861,1944,0,0,22,26
862,1947,0,0,33,38
863,1947,0,0,33,38
864,1947,0,0,38,41
865,1947,0,0,36,40
866,1927,0,0,48,48
867,1927,0,0,49,49
868,1899,0,0,48,51
869,1900,0,0,48,51
870,1902,0,0,55,58
871,1972,0,0,18,21
872,1972,0,0,18,21
873,1972,0,0,18,21
874,1960,0,0,19,21
875,1960,0,0,11,14
876,1962,0,0,25,29
877,1964,0,0,37,40
878,1964,0,0,37,40
879,1964,0,0,33,33
880,1971,0,0,8,10
881,1976,0,0,31,34
882,2083,0,0,32,35
883,2083,0,0,31,31
884,2083,0,0,34,37
885,2084,0,0,33,36
886,2084,0,0,35,39
887,2051,0,0,11,14
888,2051,0,0,12,17
889,2051,0,0,13,17
890,2051,0,0,13,17
891,2051,0,0,14,14
892,2055,0,0,21,24
893,2055,0,0,22,25
894,2055,0,0,23,26
895,2057,0,0,33,37
896,2042,0,0,8,11
897,2043,0,0,17,20
898,2043,0,0,17,20
899,2044,0,0,21,24
900,1818,0,0,26,31
901,1818,0,0,27,27
902,1819,0,0,38,41
903,1819,0,0,31,33
904,1819,0,0,32,34
905,1826,0,0,15,19
906,1876,0,0,16,21
907,1876,0,0,18,21
908,1875,0,0,17,21
909,1889,0,0,21,25
910,1889,0,0,21,24
911,1889,0,0,21,25
912,1894,0,0,45,45
913,1894,0,0,47,47
914,1896,0,0,56,56
915,1896,0,0,55,55
916,2062,0,0,9,11
917,2062,0,0,9,11
918,2063,0,0,18,20
919,2063,0,0,18,21
920,2063,0,0,18,21
921,2063,0,0,13,15
922,2063,0,0,13,15
923,2122,0,0,28,31
924,2122,0,0,28,31
925,2122,0,0,28,31
926,1908,0,0,20,20
927,1913,0,0,38,41
928,1913,0,0,37,41
929,1923,0,0,22,25
930,1923,0,0,23,26
931,1925,0,0,32,38
932,2090,0,0,43,43
933,2090,0,0,45,45
934,2090,0,0,47,47
935,1897,0,0,20,20
936,1897,0,0,16,18
937,1897,0,0,18,20
938,1760,0,0,0,0
939,1933,0,0,10,10
940,4166,0,0,0,0
941,4163,0,0,0,0
942,4164,0,0,0,0
943,4101,0,0,0,0
944,4101,0,0,0,0
945,4105,0,0,0,0
946,4105,0,0,0,0
947,4102,0,0,0,0
948,4102,0,0,0,0
949,4106,0,0,0,0
950,4048,0,0,48,48
951,4048,0,0,48,48
952,0,0,0,0,0
953,0,0,0,0,0
954,0,0,0,0,0
955,0,0,0,0,0
956,0,0,0,0,0
957,0,0,0,0,0
958,0,0,0,0,0
959,0,0,0,0,0
960,0,0,0,0,0
961,0,0,0,0,0
962,0,0,0,0,0
963,0,0,0,0,0
964,0,0,0,0,0
965,0,0,0,0,0
966,0,0,0,0,0
967,0,0,0,0,0
968,0,0,0,0,0
969,0,0,0,0,0
970,0,0,0,0,0
971,0,0,0,0,0
972,0,0,0,0,0
973,0,0,0,0,0
974,0,0,0,0,0
975,0,0,0,0,0
976,0,0,0,0,0
977,0,0,0,0,0
978,0,0,0,0,0
979,0,0,0,0,0
980,0,0,0,0,0
981,0,0,0,0,0
982,0,0,0,0,0
983,0,0,0,0,0
984,0,0,0,0,0
985,0,0,0,0,0
986,0,0,0,0,0
987,0,0,0,0,0
988,0,0,0,0,0
989,0,0,0,0,0
990,0,0,0,0,0
991,0,0,0,0,0
992,0,0,0,0,0
993,0,0,0,0,0
994,0,0,0,0,0
995,0,0,0,0,0
996,859,0,0,0,0
997,860,0,0,0,0
998,861,0,0,0,0
999,862,0,0,0,0
1000,868,0,0,0,0
1001,869,0,0,0,0
1002,863,0,0,0,0
1003,954,0,0,0,0
1004,954,0,0,0,0
1005,955,0,0,0,0
1006,956,0,0,0,0
1007,957,0,0,0,0
1008,1002,0,0,0,0
1009,1003,0,0,0,0
1010,1005,0,0,0,0
1011,1004,0,0,0,0
1012,1025,0,0,0,0
1013,1026,0,0,0,0
1014,1027,0,0,0,0
1015,1028,0,0,0,0
1016,1029,0,0,0,0
1017,1030,0,0,0,0
1018,1089,0,0,0,0
1019,1091,0,0,0,0
1020,1090,0,0,0,0
1021,1090,0,0,0,0
1022,1090,0,0,0,0
1023,1132,0,0,0,0
1024,1133,0,0,0,0
1025,1134,0,0,0,0
1026,1135,0,0,0,0
1027,1136,0,0,0,0
1028,1137,0,0,0,0
1029,1138,0,0,0,0
1030,1139,0,0,0,0
1031,1140,0,0,0,0
1032,1141,0,0,0,0
1033,1142,0,0,0,0
1034,1143,0,0,0,0
1035,1144,0,0,0,0
1036,1145,0,0,0,0
1037,1146,0,0,0,0
1038,1147,0,0,0,0
1039,1148,0,0,0,0
1040,1149,0,0,0,0
1041,1150,0,0,0,0
1042,1151,0,0,0,0
1043,1152,0,0,0,0
1044,1153,0,0,0,0
1045,1154,0,0,0,0
1046,1155,0,0,0,0
1047,1156,0,0,0,0
1048,1157,0,0,0,0
1049,1158,0,0,0,0
1050,1159,0,0,0,0
1051,1160,0,0,0,0
1052,1161,0,0,0,0
1053,1162,0,0,0,0
1054,1165,0,0,0,0
1055,1163,0,0,0,0
1056,1164,0,0,0,0
1057,1167,0,0,0,0
1058,1167,0,0,0,0
1059,1168,0,0,0,0
1060,1166,0,0,0,0
1061,1169,0,0,0,0
1062,1170,0,0,0,0
1063,1171,0,0,0,0
1064,1172,0,0,0,0
1065,1173,0,0,0,0
1066,1174,0,0,0,0
1067,1175,0,0,0,0
1068,1176,0,0,0,0
1069,1177,0,0,0,0
1070,1178,0,0,0,0
1071,1179,0,0,0,0
1072,1180,0,0,0,0
1073,1181,0,0,0,0
1074,1182,0,0,0,0
1075,1183,0,0,0,0
1076,1184,0,0,0,0
1077,1185,0,0,0,0
1078,1186,0,0,0,0
1079,1187,0,0,0,0
1080,1188,0,0,0,0
1081,1189,0,0,0,0
1082,1190,0,0,0,0
1083,1191,0,0,0,0
1084,1192,0,0,0,0
1085,1193,0,0,0,0
1086,1194,0,0,0,0
1087,1195,0,0,0,0
1088,1196,0,0,0,0
1089,1198,0,0,0,0
1090,1199,0,0,0,0
1091,1200,0,0,0,0
1092,1201,0,0,0,0
1093,1202,0,0,0,0
1094,1205,0,0,0,0
1095,1203,0,0,0,0
1096,1206,0,0,0,0
1097,1207,0,0,0,0
1098,1208,0,0,0,0
1099,1209,0,0,0,0
1100,1210,0,0,0,0
1101,1211,0,0,0,0
1102,1212,0,0,0,0
1103,1213,0,0,0,0
1104,1213,0,0,0,0
1105,1214,0,0,0,0
1106,1215,0,0,0,0
1107,1216,0,0,0,0
1108,1217,0,0,0,0
1109,1218,0,0,0,0
1110,1219,0,0,0,0
1111,1220,0,0,0,0
1112,1222,0,0,0,0
1113,1223,0,0,0,0
1114,1224,0,0,0,0
1115,1225,0,0,0,0
1116,1226,0,0,0,0
1117,1227,0,0,0,0
1118,1228,0,0,0,0
1119,1229,0,0,0,0
1120,1230,0,0,0,0
1121,1231,0,0,0,0
1122,1232,0,0,0,0
1123,1234,0,0,0,0
1124,1235,0,0,0,0
1125,1237,0,0,0,0
1126,1238,0,0,0,0
1127,1236,0,0,0,0
1128,1691,0,0,0,0
1129,1692,0,0,0,0
1130,1124,0,0,0,0
1131,0,0,0,0,0
1132,358,0,0,0,0
1133,359,0,0,0,0
1134,360,0,0,0,0
1135,361,0,0,0,0
1136,362,0,0,0,0
1137,363,0,0,0,0
1138,370,0,0,0,0
1139,371,0,0,0,0
1140,372,0,0,0,0
1141,373,0,0,0,0
1142,374,0,0,0,0
1143,375,0,0,0,0
1144,3040,0,0,0,0
1145,3044,0,0,0,0
1146,3047,0,0,0,0
1147,3062,0,0,0,0
1148,3063,0,0,0,0
1149,3094,0,0,0,0
1150,3103,0,0,0,0
1151,3104,0,0,0,0
1152,3114,0,0,0,0
1153,3117,0,0,0,0
1154,3127,0,0,0,0
1155,3814,0,0,0,0
1156,3154,0,0,0,0
1157,3155,0,0,56,61
1158,3156,0,0,51,56
1159,3161,0,0,0,0
1160,3173,0,0,0,0
1161,3185,0,0,0,0
1162,3203,0,0,0,0
1163,3216,0,0,0,0
1164,3811,0,0,0,0
1165,3225,0,0,0,0
1166,3231,0,0,0,0
1167,3237,0,0,0,0
1168,3238,0,0,0,0
1169,3239,0,0,0,0
1170,3240,0,0,0,0
1171,3248,0,0,0,0
1172,3245,0,0,0,0
1173,3251,0,0,0,0
1174,2061,0,0,0,0
1175,2046,0,0,44,44
1176,3262,0,0,0,0
1177,3271,0,0,0,0
1178,3276,0,0,0,0
1179,3277,0,0,0,0
1180,3280,0,0,0,0
1181,3282,0,0,0,0
1182,3284,0,0,0,0
1183,3285,0,0,0,0
1184,3289,0,0,0,0
1185,3295,0,0,0,0
1186,3297,3296,0,0,0
1187,3301,0,0,0,0
1188,3034,0,0,23,25
1189,3036,0,0,24,24
1190,3038,0,0,36,38
1191,3041,0,0,23,25
1192,3042,0,0,23,23
1193,3045,0,0,24,24
1194,4000,0,0,20,20
1195,3998,0,0,20,20
1196,4000,0,0,20,20
1197,4000,0,0,20,20
1198,3998,0,0,20,20
1199,3060,0,0,50,50
1200,3061,0,0,53,56
1201,3061,0,0,58,61
1202,3967,0,0,28,31
1203,3967,0,0,28,31
1204,3068,0,0,28,31
1205,3068,0,0,28,31
1206,3068,0,0,28,31
1207,3068,0,0,28,31
1208,3070,0,0,28,31
1209,3070,0,0,28,31
1210,3969,0,0,28,31
1211,3969,0,0,28,31
1212,3970,0,0,28,31
1213,3971,0,0,28,31
1214,3071,0,0,48,51
1215,3972,0,0,48,51
1216,3968,0,0,48,51
1217,3968,0,0,48,51
1218,3973,0,0,30,30
1219,3073,0,0,8,8
1220,3074,0,0,11,13
1221,3074,0,0,11,13
1222,3074,0,0,11,13
1223,3074,0,0,11,11
1224,3074,0,0,12,12
1225,3074,0,0,12,12
1226,3074,0,0,17,17
1227,3074,0,0,18,21
1228,3074,0,0,18,21
1229,3074,0,0,18,21
1230,3074,0,0,18,21
1231,3074,0,0,18,21
1232,3074,0,0,18,21
1233,3076,3090,0,22,22
1234,3076,0,0,21,23
1235,3076,0,0,21,23
1236,3076,0,0,22,22
1237,3076,0,0,22,22
1238,3076,0,0,22,22
1239,3076,0,0,21,23
1240,3076,3090,0,21,23
1241,3076,0,0,26,28
1242,3076,0,0,26,28
1243,3078,0,0,38,38
1244,3078,0,0,38,38
1245,3079,0,0,44,46
1246,3079,0,0,44,46
1247,3079,0,0,47,49
1248,3079,0,0,49,51
1249,3079,0,0,49,51
1250,3079,0,0,50,50
1251,3081,0,0,51,53
1252,3082,0,0,51,53
1253,3083,0,0,51,53
1254,3084,0,0,47,50
1255,3084,0,0,47,50
1256,3085,0,0,56,59
1257,3088,0,0,11,13
1258,3088,0,0,11,13
1259,3088,0,0,11,13
1260,3088,0,0,13,15
1261,3088,0,0,13,15
1262,3089,0,0,18,21
1263,3089,0,0,18,21
1264,3089,0,0,18,21
1265,3089,0,0,18,21
1266,3089,0,0,18,21
1267,3089,0,0,18,21
1268,3090,0,0,21,21
1269,3090,0,0,21,21
1270,3090,0,0,21,23
1271,3090,0,0,21,23
1272,3090,0,0,21,21
1273,3090,0,0,22,22
1274,3092,0,0,51,53
1275,3093,0,0,51,53
1276,3095,0,0,7,9
1277,3095,0,0,9,9
1278,3096,0,0,16,18
1279,3096,0,0,16,18
1280,3096,0,0,18,20
1281,3097,0,0,22,24
1282,3097,0,0,29,29
1283,3098,0,0,41,44
1284,3098,0,0,46,46
1285,3098,0,0,46,46
1286,3099,0,0,10,10
1287,3100,0,0,11,13
1288,3100,0,0,11,13
1289,3101,0,0,22,22
1290,3101,0,0,22,22
1291,3108,0,0,27,29
1292,3108,0,0,29,31
1293,3108,0,0,29,31
1294,3109,0,0,47,49
1295,3107,0,0,20,20
1296,3107,0,0,20,20
1297,3107,0,0,20,20
1298,3112,0,0,31,34
1299,3113,0,0,40,40
1300,3118,0,0,33,35
1301,3120,0,0,20,20
1302,3123,0,0,24,24
1303,3123,0,0,24,24
1304,3123,0,0,27,29
1305,3126,0,0,41,43
1306,3128,0,0,12,14
1307,3128,0,0,12,14
1308,3128,0,0,13,15
1309,3128,0,0,18,20
1310,3128,0,0,20,20
1311,3130,0,0,21,24
1312,3132,0,0,36,36
1313,3131,0,0,37,39
1314,3133,0,0,46,46
1315,3133,0,0,47,49
1316,3137,0,0,11,11
1317,3137,0,0,12,12
1318,3137,0,0,12,12
1319,3137,0,0,12,12
1320,3138,0,0,21,21
1321,3138,0,0,21,21
1322,3140,0,0,41,43
1323,3140,0,0,41,43
1324,3141,3147,0,42,44
1325,3140,0,0,44,46
1326,3142,0,0,60,60
1327,3142,0,0,60,60
1328,3151,0,0,23,23
1329,3151,0,0,24,24
1330,3153,3147,0,46,49
1331,3152,0,0,31,33
1332,3153,0,0,42,44
1333,3158,0,0,11,13
1334,3158,0,0,14,16
1335,3158,0,0,16,18
1336,3158,0,0,18,21
1337,3159,0,0,33,33
1338,3160,0,0,43,45
1339,3160,0,0,43,45
1340,3163,0,0,16,18
1341,3163,0,0,20,20
1342,3163,0,0,18,20
1343,3163,0,0,18,20
1344,3165,0,0,14,14
1345,3166,0,0,14,14
1346,3167,0,0,14,14
1347,3168,0,0,14,14
1348,3170,0,0,44,44
1349,3172,0,0,32,32
1350,3172,0,0,32,32
1351,3171,0,0,22,22
1352,3172,0,0,31,31
1353,3175,0,0,19,21
1354,3176,0,0,7,7
1355,3177,0,0,11,11
1356,3179,0,0,22,24
1357,3180,0,0,22,24
1358,3179,0,0,22,24
1359,3180,0,0,22,24
1360,3180,0,0,23,23
1361,3182,0,0,40,40
1362,3183,0,0,22,24
1363,3184,0,0,61,66
1364,3187,0,0,39,41
1365,3187,0,0,38,40
1366,3188,0,0,19,21
1367,3188,0,0,19,21
1368,3189,0,0,46,48
1369,3191,0,0,23,25
1370,3191,0,0,23,25
1371,3191,0,0,23,25
1372,3191,0,0,23,25
1373,3192,0,0,18,20
1374,3193,0,0,41,43
1375,3198,0,0,43,46
1376,3198,0,0,48,51
1377,3199,0,0,54,57
1378,3200,0,0,23,25
1379,3200,0,0,23,25
1380,3200,0,0,23,25
1381,3200,0,0,23,25
1382,3201,0,0,44,44
1383,3201,0,0,44,44
1384,3201,0,0,44,44
1385,3201,0,0,44,44
1386,3201,0,0,50,50
1387,3204,0,0,21,21
1388,3204,0,0,28,31
1389,3204,0,0,28,31
1390,3204,0,0,28,31
1391,3204,0,0,28,31
1392,3204,0,0,28,31
1393,3205,0,0,31,34
1394,3205,0,0,31,34
1395,3206,0,0,47,49
1396,3206,0,0,46,48
1397,3206,0,0,47,49
1398,3207,0,0,51,53
1399,3210,0,0,12,12
1400,3210,0,0,13,15
1401,3210,0,0,15,15
1402,3211,0,0,27,27
1403,3211,0,0,27,27
1404,3214,0,0,47,47
1405,3214,0,0,47,47
1406,3211,0,0,27,30
1407,3211,0,0,29,31
1408,3211,0,0,29,31
1409,3212,0,0,33,36
1410,3212,0,0,36,36
1411,3212,0,0,36,38
1412,3213,0,0,38,40
1413,3213,0,0,40,40
1414,3214,0,0,41,43
1415,3215,0,0,51,51
1416,3217,0,0,22,22
1417,3217,0,0,22,22
1418,3217,0,0,22,24
1419,3217,0,0,23,23
1420,3217,0,0,23,23
1421,3218,0,0,22,24
1422,3219,0,0,22,22
1423,3217,0,0,23,23
1424,3219,0,0,22,22
1425,3217,0,0,23,23
1426,3217,0,0,23,25
1427,3217,0,0,26,26
1428,3224,0,0,51,53
1429,3224,0,0,60,60
1430,3226,0,0,9,11
1431,3227,0,0,12,14
1432,3233,3229,0,12,14
1433,3227,3233,0,12,14
1434,3230,0,0,36,38
1435,3230,0,0,36,38
1436,3230,0,0,36,38
1437,3233,0,0,11,13
1438,3233,3235,0,14,16
1439,3235,0,0,14,14
1440,3246,0,0,12,14
1441,3246,0,0,14,14
1442,3246,0,0,19,21
1443,3247,0,0,23,23
1444,3247,0,0,23,23
1445,3247,0,0,27,29
1446,3247,0,0,29,30
1447,3241,0,0,26,28
1448,3243,0,0,31,33
1449,3243,0,0,31,33
1450,3241,0,0,28,30
1451,3250,0,0,46,48
1452,3250,0,0,46,48
1453,3250,0,0,46,48
1454,3250,0,0,48,50
1455,3252,0,0,8,10
1456,3253,0,0,11,11
1457,3253,0,0,11,11
1458,3253,0,0,11,11
1459,3253,0,0,11,13
1460,3254,0,0,23,23
1461,3254,0,0,23,23
1462,3254,0,0,26,28
1463,3254,0,0,26,28
1464,3258,0,0,41,43
1465,3265,0,0,47,49
1466,3268,0,0,13,15
1467,3268,0,0,12,12
1468,3268,0,0,19,21
1469,3268,0,0,19,21
1470,3269,0,0,24,26
1471,3270,0,0,31,33
1472,3269,0,0,26,31
1473,3270,0,0,34,36
1474,3270,0,0,34,36
1475,3270,0,0,35,37
1476,3270,0,0,35,37
1477,4065,0,0,36,38
1478,3272,0,0,21,23
1479,3272,0,0,23,23
1480,3272,0,0,23,23
1481,3273,0,0,56,58
1482,3274,0,0,44,46
1483,3274,0,0,49,51
1484,3275,0,0,55,55
1485,3275,0,0,59,61
1486,3278,0,0,12,12
1487,3278,0,0,12,12
1488,3278,0,0,12,12
1489,3278,0,0,12,12
1490,3278,0,0,12,12
1491,3278,0,0,12,12
1492,3278,0,0,12,12
1493,3278,0,0,12,12
1494,3278,0,0,12,12
1495,3279,0,0,39,41
1496,3281,0,0,60,60
1497,3283,3171,0,22,22
1498,3885,0,0,41,43
1499,3286,0,0,12,12
1500,3286,0,0,12,12
1501,3288,0,0,33,36
1502,3288,0,0,34,36
1503,3291,0,0,17,20
1504,3292,0,0,22,22
1505,3292,0,0,22,24
1506,3292,0,0,23,23
1507,3293,0,0,38,41
1508,3293,0,0,36,38
1509,3293,0,0,36,38
1510,3294,0,0,12,12
1511,3210,3294,0,12,15
1512,3294,3210,0,12,15
1513,3903,0,0,26,30
1514,3903,0,0,26,30
1515,3298,0,0,33,36
1516,3298,0,0,33,36
1517,3813,0,0,36,39
1518,3298,0,0,36,39
1519,3298,0,0,37,37
1520,3299,0,0,41,43
1521,3299,0,0,46,49
1522,3300,0,0,60,60
1523,492,0,0,0,0
1524,496,0,0,0,0
1525,499,0,0,0,0
1526,506,0,0,0,0
1527,578,0,0,0,0
1528,579,0,0,0,0
1529,592,0,0,0,0
1530,593,0,0,0,0
1531,591,0,0,0,0
1532,598,0,0,0,0
1533,615,0,0,0,0
1534,654,0,0,0,0
1535,655,0,0,0,0
1536,657,0,0,0,0
1537,656,0,0,0,0
1538,666,0,0,0,0
1539,671,0,0,0,0
1540,683,0,0,0,0
1541,684,0,0,0,0
1542,700,0,0,0,0
1543,701,0,0,0,0
1544,702,0,0,0,0
1545,711,0,0,0,0
1546,715,0,0,0,0
1547,716,0,0,0,0
1548,717,0,0,0,0
1549,728,0,0,0,0
1550,727,0,0,0,0
1551,735,0,0,0,0
1552,758,0,0,0,0
1553,764,0,0,0,0
1554,763,0,0,0,0
1555,765,0,0,0,0
1556,766,0,0,0,0
1557,770,0,0,0,0
1558,771,0,0,0,0
1559,772,0,0,0,0
1560,773,0,0,0,0
1561,774,0,0,0,0
1562,775,0,0,0,0
1563,791,0,0,0,0
1564,793,0,0,0,0
1565,794,0,0,0,0
1566,799,0,0,0,0
1567,800,0,0,0,0
1568,810,0,0,0,0
1569,812,0,0,0,0
1570,813,0,0,0,0
1571,814,0,0,0,0
1572,3283,0,0,22,22
1573,3147,0,0,46,49
1574,3048,0,0,26,26
1575,3049,0,0,27,27
1576,3270,0,0,34,36
1577,4078,0,0,0,0
1578,4082,0,0,0,0
1579,4083,0,0,0,0
1580,4084,0,0,0,0
1581,4086,0,0,0,0
1582,4101,0,0,0,0
1583,4101,0,0,0,0
1584,4105,0,0,0,0
1585,4105,0,0,0,0
1586,4102,0,0,0,0
1587,4102,0,0,0,0
1588,4106,0,0,0,0
1589,4106,0,0,0,0
1590,0,0,0,0,0
1591,0,0,0,0,0
1592,843,0,0,0,0
1593,0,0,0,0,0
1594,845,0,0,0,0
1595,847,0,0,0,0
1596,0,0,0,0,0
1597,848,0,0,0,0
1598,844,0,0,0,0
1599,846,0,0,0,0
1600,0,0,0,0,0
1601,977,0,0,0,0
1602,978,0,0,0,0
1603,979,0,0,0,0
1604,980,0,0,0,0
1605,0,0,0,0,0
1606,989,0,0,0,0
1607,990,0,0,0,0
1608,993,0,0,0,0
1609,991,0,0,0,0
1610,0,0,0,0,0
1611,1040,0,0,0,0
1612,1042,0,0,0,0
1613,1041,0,0,0,0
1614,0,0,0,0,0
1615,1075,0,0,0,0
1616,1076,0,0,0,0
1617,1080,0,0,0,0
1618,1077,0,0,0,0
1619,1078,0,0,0,0
1620,1079,0,0,0,0
1621,0,0,0,0,0
1622,1239,0,0,0,0
1623,0,0,0,0,0
1624,1240,0,0,0,0
1625,1241,0,0,0,0
1626,0,0,0,0,0
1627,1242,0,0,0,0
1628,1243,0,0,0,0
1629,0,0,0,0,0
1630,4067,0,0,0,0
1631,0,0,0,0,0
1632,1244,0,0,0,0
1633,0,0,0,0,0
1634,1245,0,0,0,0
1635,0,0,0,0,0
1636,1246,0,0,0,0
1637,0,0,0,0,0
1638,1247,0,0,0,0
1639,0,0,0,0,0
1640,876,0,0,0,0
1641,0,0,0,0,0
1642,1248,0,0,0,0
1643,0,0,0,0,0
1644,1249,0,0,0,0
1645,0,0,0,0,0
1646,1250,0,0,0,0
1647,0,0,0,0,0
1648,1251,0,0,0,0
1649,0,0,0,0,0
1650,1252,0,0,0,0
1651,1253,0,0,0,0
1652,0,0,0,0,0
1653,1262,0,0,0,0
1654,0,0,0,0,0
1655,1263,0,0,0,0
1656,0,0,0,0,0
1657,1264,0,0,0,0
1658,0,0,0,0,0
1659,1265,0,0,0,0
1660,0,0,0,0,0
1661,1266,0,0,0,0
1662,1267,0,0,0,0
1663,0,0,0,0,0
1664,1268,0,0,0,0
1665,1269,0,0,0,0
1666,0,0,0,0,0
1667,1270,0,0,0,0
1668,1271,0,0,0,0
1669,0,0,0,0,0
1670,1272,0,0,0,0
1671,0,0,0,0,0
1672,4068,0,0,0,0
1673,1272,0,0,0,0
1674,0,0,0,0,0
1675,1273,0,0,0,0
1676,1274,0,0,0,0
1677,0,0,0,0,0
1678,1275,0,0,0,0
1679,0,0,0,0,0
1680,1276,0,0,0,0
1681,0,0,0,0,0
1682,1277,0,0,0,0
1683,0,0,0,0,0
1684,1280,0,0,0,0
1685,1278,0,0,0,0
1686,1279,0,0,0,0
1687,0,0,0,0,0
1688,1281,0,0,0,0
1689,1282,0,0,0,0
1690,0,0,0,0,0
1691,1283,0,0,0,0
1692,0,0,0,0,0
1693,1284,0,0,0,0
1694,0,0,0,0,0
1695,1285,0,0,0,0
1696,1286,0,0,0,0
1697,0,0,0,0,0
1698,1289,0,0,0,0
1699,1288,0,0,0,0
1700,887,0,0,0,0
1701,0,0,0,0,0
1702,1290,0,0,0,0
1703,0,0,0,0,0
1704,1291,0,0,0,0
1705,1292,0,0,0,0
1706,0,0,0,0,0
1707,1293,0,0,0,0
1708,0,0,0,0,0
1709,1294,0,0,0,0
1710,0,0,0,0,0
1711,1295,0,0,0,0
1712,0,0,0,0,0
1713,1296,0,0,0,0
1714,0,0,0,0,0
1715,1296,0,0,0,0
1716,0,0,0,0,0
1717,1297,0,0,0,0
1718,0,0,0,0,0
1719,1298,0,0,0,0
1720,1299,0,0,0,0
1721,1300,0,0,0,0
1722,0,0,0,0,0
1723,1303,0,0,0,0
1724,1302,0,0,0,0
1725,1301,0,0,0,0
1726,1304,0,0,0,0
1727,0,0,0,0,0
1728,1306,0,0,0,0
1729,1305,0,0,0,0
1730,0,0,0,0,0
1731,1307,0,0,0,0
1732,0,0,0,0,0
1733,1308,0,0,0,0
1734,0,0,0,0,0
1735,1309,0,0,0,0
1736,0,0,0,0,0
1737,1310,0,0,0,0
1738,0,0,0,0,0
1739,1312,0,0,0,0
1740,1312,0,0,0,0
1741,1311,0,0,0,0
1742,0,0,0,0,0
1743,1314,0,0,0,0
1744,0,0,0,0,0
1745,1315,0,0,0,0
1746,0,0,0,0,0
1747,1316,0,0,0,0
1748,0,0,0,0,0
1749,1317,0,0,0,0
1750,0,0,0,0,0
1751,1318,0,0,0,0
1752,0,0,0,0,0
1753,1319,0,0,0,0
1754,0,0,0,0,0
1755,1320,0,0,0,0
1756,0,0,0,0,0
1757,1321,0,0,0,0
1758,0,0,0,0,0
1759,1322,0,0,0,0
1760,0,0,0,0,0
1761,1323,0,0,0,0
1762,0,0,0,0,0
1763,891,0,0,0,0
1764,904,0,0,0,0
1765,1324,0,0,0,0
1766,0,0,0,0,0
1767,1325,0,0,0,0
1768,0,0,0,0,0
1769,1326,0,0,0,0
1770,0,0,0,0,0
1771,1327,0,0,0,0
1772,907,0,0,0,0
1773,0,0,0,0,0
1774,1328,0,0,0,0
1775,0,0,0,0,0
1776,1329,0,0,0,0
1777,1330,0,0,0,0
1778,0,0,0,0,0
1779,1331,0,0,0,0
1780,1332,0,0,0,0
1781,1333,0,0,0,0
1782,0,0,0,0,0
1783,1334,0,0,0,0
1784,1335,0,0,0,0
1785,0,0,0,0,0
1786,1336,0,0,0,0
1787,1335,0,0,0,0
1788,0,0,0,0,0
1789,905,0,0,0,0
1790,1337,0,0,0,0
1791,0,0,0,0,0
1792,1338,0,0,0,0
1793,0,0,0,0,0
1794,1339,0,0,0,0
1795,0,0,0,0,0
1796,1340,0,0,0,0
1797,0,0,0,0,0
1798,1342,0,0,0,0
1799,1343,0,0,0,0
1800,1344,0,0,0,0
1801,0,0,0,0,0
1802,1697,0,0,0,0
1803,0,0,0,0,0
1804,1689,0,0,0,0
1805,497,0,0,0,0
1806,509,0,0,0,0
1807,523,0,0,0,0
1808,526,0,0,0,0
1809,527,0,0,0,0
1810,552,0,0,0,0
1811,560,0,0,0,0
1812,562,0,0,0,0
1813,561,0,0,17,21
1814,563,0,0,0,0
1815,564,0,0,0,0
1816,565,0,0,0,0
1817,568,0,0,0,0
1818,569,0,0,0,0
1819,594,0,0,0,0
1820,596,0,0,0,0
1821,595,0,0,0,0
1822,599,0,0,0,0
1823,611,0,0,0,0
1824,612,0,0,0,0
1825,616,0,0,0,0
1826,619,0,0,0,0
1827,622,0,0,0,0
1828,624,0,0,0,0
1829,623,0,0,0,0
1830,625,0,0,0,0
1831,626,0,0,0,0
1832,627,0,0,0,0
1833,645,0,0,0,0
1834,644,0,0,0,0
1835,653,0,0,0,0
1836,687,0,0,0,0
1837,688,0,0,0,0
1838,690,0,0,0,0
1839,691,0,0,0,0
1840,689,0,0,0,0
1841,699,0,0,0,0
1842,710,0,0,0,0
1843,731,0,0,0,0
1844,733,0,0,0,0
1845,739,0,0,0,0
1846,741,0,0,0,0
1847,742,0,0,0,0
1848,750,0,0,0,0
1849,753,0,0,0,0
1850,754,0,0,0,0
1851,759,0,0,0,0
1852,760,0,0,0,0
1853,762,0,0,0,0
1854,782,0,0,0,0
1855,783,0,0,0,0
1856,784,0,0,0,0
1857,785,0,0,0,0
1858,807,0,0,0,0
1859,809,0,0,0,0
1860,369,0,0,0,0
1861,367,0,0,0,0
1862,368,0,0,0,0
1863,364,0,0,0,0
1864,365,0,0,0,0
1865,366,0,0,0,0
1866,381,0,0,0,0
1867,378,0,0,0,0
1868,379,0,0,0,0
1869,376,0,0,0,0
1870,380,0,0,0,0
1871,377,0,0,0,0
1872,3373,0,0,20,21
1873,3373,0,0,20,21
1874,3373,0,0,20,21
1875,3318,0,0,31,31
1876,3318,0,0,31,31
1877,3303,0,0,20,21
1878,3317,0,0,0,0
1879,3675,0,0,0,0
1880,3312,0,0,55,55
1881,3313,0,0,0,0
1882,3641,0,0,30,30
1883,3644,0,0,0,0
1884,4043,0,0,51,53
1885,3352,0,0,0,0
1886,3373,0,0,21,21
1887,3373,0,0,21,23
1888,3387,0,0,40,40
1889,3391,0,0,0,0
1890,3611,0,0,0,0
1891,3328,0,0,58,61
1892,3328,0,0,58,61
1893,3328,0,0,58,61
1894,3302,0,0,18,21
1895,3302,0,0,18,20
1896,3302,0,0,18,20
1897,3302,0,0,20,20
1898,3302,0,0,20,20
1899,3302,0,0,20,20
1900,3302,0,0,18,21
1901,3302,0,0,19,21
1902,3309,0,0,45,47
1903,3309,0,0,45,47
1904,3310,0,0,55,56
1905,3307,0,0,26,26
1906,3311,0,0,0,0
1907,3307,0,0,30,30
1908,3307,0,0,30,30
1909,3307,0,0,22,22
1910,3558,0,0,55,58
1911,3559,0,0,55,58
1912,3560,0,0,0,0
1913,3330,0,0,0,0
1914,3583,0,0,0,0
1915,3606,0,0,0,0
1916,3626,0,0,21,21
1917,3626,0,0,21,21
1918,3631,0,0,0,0
1919,3624,0,0,25,27
1920,3628,0,0,31,33
1921,3732,0,0,0,0
1922,3435,0,0,51,51
1923,3655,0,0,0,0
1924,3652,0,0,55,55
1925,3648,0,0,21,23
1926,3648,0,0,21,23
1927,3648,0,0,21,21
1928,3966,0,0,0,0
1929,3393,0,0,19,21
1930,3393,0,0,19,21
1931,3393,0,0,18,21
1932,3393,0,0,18,21
1933,3406,0,0,21,21
1934,3438,0,0,20,20
1935,3438,0,0,20,20
1936,3438,0,0,20,20
1937,3441,0,0,42,46
1938,3612,0,0,20,20
1939,3612,0,0,20,20
1940,3617,0,0,0,0
1941,3608,0,0,60,60
1942,3620,0,0,55,55
1943,3618,0,0,50,50
1944,3622,0,0,0,0
1945,3593,0,0,0,0
1946,3591,0,0,48,48
1947,3591,0,0,48,48
1948,3767,0,0,0,0
1949,3636,0,0,35,39
1950,3639,0,0,0,0
1951,3712,0,0,0,0
1952,3696,0,0,0,0
1953,3689,0,0,0,0
1954,3708,0,0,0,0
1955,3668,0,0,0,0
1956,3661,0,0,0,0
1957,3512,0,0,28,31
1958,3512,0,0,27,27
1959,3526,0,0,0,0
1960,3578,0,0,25,27
1961,3579,0,0,25,27
1962,3580,0,0,25,27
1963,3581,0,0,25,27
1964,3582,0,0,0,0
1965,3550,0,0,21,26
1966,3551,0,0,26,31
1967,3586,0,0,40,40
1968,3586,0,0,40,40
1969,3589,0,0,0,0
1970,3585,0,0,0,0
1971,3678,0,0,19,21
1972,3678,0,0,19,21
1973,3678,0,0,19,21
1974,3678,0,0,18,21
1975,3678,0,0,18,21
1976,3672,0,0,41,43
1977,3672,0,0,41,43
1978,3672,0,0,41,43
1979,3756,3748,0,48,51
1980,3734,0,0,26,28
1981,3734,0,0,26,28
1982,3734,0,0,26,28
1983,3734,0,0,26,28
1984,3741,3734,0,26,28
1985,3741,3734,0,26,28
1986,3741,3734,0,26,28
1987,3741,3734,0,26,28
1988,3739,0,0,0,0
1989,3751,0,0,0,0
1990,3600,0,0,0,0
1991,3710,0,0,51,51
1992,3710,0,0,51,51
1993,3709,0,0,47,47
1994,3709,0,0,45,45
1995,3709,0,0,48,48
1996,3709,0,0,50,50
1997,3709,0,0,48,48
1998,3711,0,0,48,48
1999,3351,0,0,0,0
2000,3350,0,0,59,59
2001,3348,0,0,31,33
2002,3348,0,0,31,33
2003,3348,0,0,31,33
2004,3348,0,0,31,33
2005,3536,0,0,0,0
2006,3464,0,0,60,60
2007,3465,0,0,60,60
2008,3467,0,0,58,61
2009,3468,0,0,58,61
2010,3472,0,0,58,61
2011,3463,0,0,0,0
2012,3662,0,0,0,0
2013,3315,0,0,45,47
2014,3315,0,0,45,47
2015,3506,0,0,25,28
2016,3908,0,0,27,31
2017,3908,0,0,27,31
2018,3506,0,0,25,28
2019,3506,0,0,24,28
2020,3506,0,0,24,28
2021,3510,0,0,41,46
2022,3510,0,0,41,46
2023,3505,0,0,18,21
2024,3507,0,0,21,25
2025,3474,0,0,38,41
2026,3476,0,0,42,46
2027,3478,0,0,51,55
2028,3478,0,0,51,54
2029,3645,0,0,60,60
2030,3641,0,0,28,31
2031,3641,0,0,30,30
2032,3643,0,0,48,51
2033,3643,0,0,48,51
2034,4003,0,0,45,48
2035,4003,0,0,41,45
2036,4043,0,0,51,54
2037,4043,0,0,52,55
2038,4043,0,0,51,54
2039,4043,0,0,51,55
2040,4043,0,0,52,55
2041,4043,0,0,52,55
2042,4043,0,0,52,55
2043,4043,0,0,52,55
2044,4043,0,0,52,55
2045,4043,0,0,51,55
2046,4043,0,0,53,55
2047,4043,0,0,52,55
2048,4043,0,0,53,55
2049,4006,0,0,31,35
2050,4006,0,0,31,35
2051,4006,0,0,31,35
2052,4006,0,0,32,36
2053,4004,0,0,31,35
2054,4004,0,0,31,35
2055,4004,0,0,31,35
2056,4005,0,0,22,26
2057,4005,0,0,22,26
2058,4005,0,0,23,27
2059,4005,0,0,23,27
2060,3380,0,0,33,36
2061,3380,0,0,31,35
2062,3380,0,0,31,35
2063,3380,0,0,33,36
2064,3380,0,0,31,35
2065,3380,0,0,33,36
2066,3373,0,0,21,23
2067,3373,0,0,27,31
2068,3373,0,0,21,23
2069,3373,0,0,27,31
2070,3373,0,0,21,23
2071,3373,0,0,27,31
2072,3373,0,0,21,23
2073,3373,0,0,21,23
2074,3373,0,0,27,31
2075,3373,0,0,21,23
2076,3373,0,0,21,24
2077,3373,0,0,21,23
2078,3373,0,0,21,23
2079,3373,0,0,21,23
2080,4043,0,0,52,56
2081,4043,0,0,52,56
2082,4043,0,0,52,56
2083,4043,0,0,52,56
2084,3359,0,0,45,48
2085,3359,0,0,45,48
2086,3359,0,0,45,48
2087,3359,0,0,41,46
2088,4043,0,0,52,55
2089,4043,0,0,52,55
2090,4043,0,0,52,55
2091,4043,0,0,52,55
2092,4002,0,0,45,48
2093,4002,0,0,41,46
2094,4002,0,0,41,46
2095,4002,0,0,41,46
2096,4002,0,0,41,46
2097,4002,0,0,41,46
2098,4002,0,0,41,46
2099,3387,0,0,38,41
2100,3387,0,0,39,41
2101,3322,0,0,45,49
2102,3328,0,0,55,57
2103,3328,0,0,55,57
2104,3328,0,0,55,59
2105,3302,0,0,15,18
2106,3302,0,0,15,18
2107,3303,0,0,21,24
2108,3303,0,0,25,31
2109,3303,0,0,21,24
2110,3303,0,0,25,31
2111,3304,0,0,33,36
2112,3304,0,0,33,36
2113,3304,0,0,33,35
2114,3305,0,0,41,44
2115,3307,0,0,26,31
2116,3307,0,0,26,31
2117,3307,0,0,26,31
2118,3307,0,0,24,26
2119,3309,0,0,41,41
2120,3309,0,0,43,45
2121,3309,0,0,41,41
2122,3309,0,0,43,45
2123,3310,0,0,55,56
2124,3920,0,0,15,19
2125,3548,0,0,21,24
2126,3548,0,0,21,24
2127,3547,0,0,18,21
2128,3547,0,0,17,19
2129,3543,0,0,17,21
2130,3544,0,0,22,26
2131,3553,0,0,22,26
2132,3553,0,0,22,26
2133,3559,0,0,51,55
2134,3604,0,0,18,21
2135,3604,0,0,18,21
2136,3604,0,0,18,21
2137,3605,0,0,27,31
2138,3605,0,0,27,31
2139,3605,0,0,29,31
2140,3605,0,0,27,31
2141,3605,0,0,28,31
2142,3605,0,0,29,31
2143,3605,0,0,29,31
2144,3486,0,0,17,20
2145,3480,0,0,11,16
2146,3487,0,0,17,20
2147,3488,0,0,22,26
2148,3488,0,0,23,28
2149,3488,0,0,23,29
2150,3488,0,0,22,25
2151,3483,0,0,21,23
2152,3483,0,0,21,23
2153,3488,0,0,22,26
2154,3498,0,0,18,21
2155,3498,0,0,18,21
2156,3624,0,0,23,26
2157,3624,0,0,25,28
2158,3625,0,0,21,21
2159,3627,0,0,35,39
2160,3627,0,0,37,40
2161,3726,0,0,16,20
2162,3726,0,0,16,20
2163,3726,0,0,16,20
2164,3726,0,0,16,20
2165,3726,0,0,17,21
2166,3726,0,0,17,21
2167,3726,0,0,17,21
2168,3727,0,0,22,24
2169,3727,0,0,22,24
2170,3727,0,0,22,25
2171,3729,0,0,11,16
2172,3729,0,0,15,18
2173,3729,0,0,18,21
2174,3730,0,0,21,23
2175,3730,0,0,21,23
2176,3730,0,0,21,23
2177,3730,0,0,21,23
2178,3900,0,0,24,27
2179,3900,0,0,24,27
2180,3900,0,0,25,29
2181,3900,0,0,25,28
2182,3759,0,0,24,27
2183,3759,0,0,24,27
2184,3759,0,0,25,29
2185,3759,0,0,25,28
2186,3413,0,0,31,34
2187,3413,0,0,32,35
2188,3413,0,0,31,34
2189,3413,0,0,32,35
2190,3433,0,0,41,46
2191,3433,0,0,41,46
2192,3433,0,0,41,46
2193,3433,0,0,41,46
2194,3424,0,0,17,20
2195,3424,0,0,17,21
2196,3424,0,0,18,21
2197,3420,0,0,33,37
2198,3420,0,0,33,37
2199,3420,0,0,33,37
2200,3646,3653,0,16,21
2201,3647,0,0,23,26
2202,3654,0,0,22,25
2203,3648,0,0,21,23
2204,3648,0,0,26,31
2205,3648,0,0,22,25
2206,3648,0,0,21,23
2207,3648,0,0,26,31
2208,3650,0,0,43,47
2209,3650,0,0,43,47
2210,3962,0,0,21,24
2211,3962,0,0,21,24
2212,3962,0,0,21,24
2213,3963,0,0,31,34
2214,3963,0,0,31,34
2215,3452,0,0,21,25
2216,3444,0,0,18,21
2217,3444,0,0,18,21
2218,3444,0,0,18,20
2219,3444,0,0,18,20
2220,3965,0,0,41,46
2221,3965,0,0,41,46
2222,3965,0,0,41,46
2223,3965,0,0,41,46
2224,3965,0,0,41,46
2225,3393,0,0,17,21
2226,3393,0,0,18,20
2227,3393,0,0,18,21
2228,3393,0,0,18,21
2229,3393,0,0,18,21
2230,3393,0,0,18,21
2231,3393,0,0,18,21
2232,3393,0,0,18,21
2233,3393,0,0,18,21
2234,3393,0,0,18,21
2235,3393,0,0,18,21
2236,3393,0,0,18,21
2237,3393,0,0,18,21
2238,3393,0,0,18,20
2239,3393,0,0,18,21
2240,3393,0,0,18,21
2241,3393,0,0,18,21
2242,3424,0,0,18,21
2243,3424,0,0,18,21
2244,3406,0,0,21,23
2245,3406,0,0,21,23
2246,3406,0,0,21,23
2247,3406,0,0,21,23
2248,3438,0,0,18,21
2249,3438,0,0,18,21
2250,3612,0,0,19,21
2251,3612,0,0,16,21
2252,3612,0,0,19,21
2253,3612,0,0,18,21
2254,3612,0,0,19,21
2255,3614,0,0,23,27
2256,3614,0,0,22,25
2257,3614,0,0,29,31
2258,3614,0,0,25,28
2259,3614,0,0,23,27
2260,3614,0,0,24,26
2261,3615,0,0,35,38
2262,3615,0,0,35,38
2263,3615,0,0,39,41
2264,3615,0,0,35,38
2265,3608,0,0,60,60
2266,3618,0,0,48,48
2267,3618,0,0,48,48
2268,3591,0,0,41,43
2269,3590,0,0,35,41
2270,3590,0,0,35,41
2271,3763,0,0,26,31
2272,3763,0,0,25,28
2273,3763,0,0,25,30
2274,3763,0,0,25,30
2275,3636,0,0,38,41
2276,3636,0,0,38,41
2277,3636,0,0,40,40
2278,3636,0,0,35,39
2279,3636,0,0,38,41
2280,3636,0,0,35,39
2281,3636,0,0,38,41
2282,3637,0,0,48,51
2283,3637,0,0,48,51
2284,3637,0,0,48,51
2285,3640,0,0,58,61
2286,3640,0,0,58,61
2287,3697,0,0,58,61
2288,3691,0,0,25,29
2289,3693,0,0,41,46
2290,3693,0,0,41,46
2291,3681,0,0,18,21
2292,3683,0,0,16,21
2293,3683,0,0,16,21
2294,3682,0,0,16,18
2295,3682,0,0,16,21
2296,3684,0,0,16,21
2297,3681,0,0,19,21
2298,3685,0,0,25,30
2299,3686,0,0,25,28
2300,3701,0,0,28,31
2301,3701,0,0,28,31
2302,3701,0,0,28,31
2303,3702,0,0,38,41
2304,3702,0,0,38,41
2305,3703,0,0,47,51
2306,3703,0,0,47,51
2307,3704,0,0,58,61
2308,3663,0,0,16,19
2309,3663,0,0,16,19
2310,3663,0,0,19,21
2311,3664,0,0,14,18
2312,3664,0,0,16,19
2313,3663,0,0,16,20
2314,3665,0,0,16,18
2315,3666,0,0,21,24
2316,3667,0,0,23,27
2317,3666,0,0,23,27
2318,3667,3913,0,21,24
2319,3664,0,0,14,20
2320,3657,0,0,15,19
2321,3657,0,0,15,19
2322,3657,0,0,15,19
2323,3657,0,0,15,19
2324,3659,0,0,12,15
2325,3657,0,0,15,19
2326,3658,0,0,21,25
2327,3658,0,0,21,25
2328,3660,0,0,21,23
2329,3660,0,0,27,31
2330,3658,0,0,21,25
2331,3514,0,0,40,40
2332,3512,0,0,28,31
2333,3512,0,0,27,31
2334,3515,0,0,40,40
2335,3520,0,0,23,27
2336,3520,0,0,23,27
2337,3521,0,0,25,29
2338,3520,0,0,22,26
2339,3522,0,0,32,35
2340,3523,0,0,33,36
2341,3575,0,0,51,55
2342,3566,0,0,21,25
2343,3569,0,0,33,36
2344,3565,0,0,12,16
2345,3561,0,0,32,36
2346,3562,0,0,43,47
2347,3562,0,0,43,47
2348,3587,0,0,41,44
2349,3587,0,0,41,44
2350,3587,0,0,41,44
2351,3678,0,0,19,21
2352,3678,0,0,18,21
2353,3314,0,0,54,57
2354,3314,0,0,54,57
2355,3314,0,0,55,58
2356,3332,0,0,38,41
2357,3337,0,0,48,51
2358,3342,0,0,55,61
2359,3669,0,0,31,35
2360,3671,0,0,41,46
2361,3669,0,0,36,39
2362,3671,0,0,41,43
2363,3671,0,0,41,43
2364,3670,0,0,31,34
2365,3670,0,0,31,34
2366,3669,0,0,31,34
2367,3747,3742,0,35,38
2368,3747,3742,0,35,38
2369,3747,3742,0,35,38
2370,3747,3742,0,35,38
2371,3753,3749,0,0,0
2372,3753,3749,0,0,0
2373,3757,0,0,51,54
2374,3757,0,0,51,54
2375,3757,0,0,51,54
2376,3734,0,0,23,28
2377,3734,0,0,25,29
2378,3734,0,0,26,29
2379,3741,3734,0,23,27
2380,3741,3734,0,25,28
2381,3741,3734,0,26,28
2382,3594,0,0,18,21
2383,3597,0,0,48,51
2384,3597,0,0,48,51
2385,3598,0,0,25,28
2386,3910,0,0,29,31
2387,3601,0,0,50,50
2388,3717,0,0,18,21
2389,3717,0,0,18,20
2390,3716,0,0,18,20
2391,3716,0,0,18,21
2392,3718,0,0,25,27
2393,3709,0,0,47,51
2394,3350,0,0,55,58
2395,3350,0,0,55,58
2396,3350,0,0,52,56
2397,3348,0,0,31,32
2398,3533,0,0,21,21
2399,3527,0,0,18,21
2400,3527,0,0,18,21
2401,3529,0,0,28,31
2402,3530,0,0,28,31
2403,3534,0,0,37,40
2404,3535,0,0,38,41
2405,3359,0,0,41,46
2406,3373,0,0,21,23
2407,4076,0,0,0,0
2408,4077,0,0,0,0
2409,4079,0,0,0,0
2410,4080,0,0,0,0
2411,4081,0,0,0,0
2412,4167,0,0,0,0
2413,4168,0,0,0,0
2414,4169,0,0,0,0
2415,4105,0,0,0,0
2416,4102,0,0,0,0
2417,4104,0,0,0,0
2418,3711,0,0,48,48
2419,0,0,0,0,0
2420,832,0,0,0,0
2421,836,0,0,0,0
2422,0,0,0,0,0
2423,0,0,0,0,0
2424,837,0,0,0,0
2425,838,0,0,0,0
2426,839,0,0,0,0
2427,840,0,0,0,0
2428,841,0,0,0,0
2429,842,0,0,0,0
2430,892,0,0,0,0
2431,893,0,0,0,0
2432,894,0,0,0,0
2433,895,0,0,0,0
2434,896,0,0,0,0
2435,898,0,0,0,0
2436,899,0,0,0,0
2437,900,0,0,0,0
2438,901,0,0,0,0
2439,902,0,0,0,0
2440,903,0,0,0,0
2441,1014,0,0,0,0
2442,1014,0,0,0,0
2443,1014,0,0,0,0
2444,1015,0,0,0,0
2445,1016,0,0,0,0
2446,0,0,0,0,0
2447,0,0,0,0,0
2448,1100,0,0,0,0
2449,1100,0,0,0,0
2450,1100,0,0,0,0
2451,1100,0,0,0,0
2452,1101,0,0,0,0
2453,1102,0,0,0,0
2454,1103,0,0,0,0
2455,1345,0,0,0,0
2456,1346,0,0,0,0
2457,1347,0,0,0,0
2458,0,0,0,0,0
2459,0,0,0,0,0
2460,0,0,0,0,0
2461,1348,0,0,0,0
2462,1349,0,0,0,0
2463,1350,0,0,0,0
2464,1351,0,0,0,0
2465,0,0,0,0,0
2466,0,0,0,0,0
2467,1352,0,0,0,0
2468,1353,0,0,0,0
2469,1354,0,0,0,0
2470,1355,0,0,0,0
2471,1254,0,0,0,0
2472,1256,0,0,0,0
2473,1254,0,0,0,0
2474,1256,0,0,0,0
2475,1258,0,0,0,0
2476,1260,0,0,0,0
2477,1259,0,0,0,0
2478,1356,0,0,0,0
2479,1357,0,0,0,0
2480,1358,0,0,0,0
2481,1359,0,0,0,0
2482,1360,0,0,0,0
2483,1361,0,0,0,0
2484,0,0,0,0,0
2485,0,0,0,0,0
2486,0,0,0,0,0
2487,1362,0,0,0,0
2488,1363,0,0,0,0
2489,1364,0,0,0,0
2490,1365,0,0,0,0
2491,0,0,0,0,0
2492,0,0,0,0,0
2493,1366,0,0,0,0
2494,1367,0,0,0,0
2495,1368,0,0,0,0
2496,1369,0,0,0,0
2497,1370,0,0,0,0
2498,1371,0,0,0,0
2499,1372,0,0,0,0
2500,1373,0,0,0,0
2501,1374,0,0,0,0
2502,1375,0,0,0,0
2503,1376,0,0,0,0
2504,1377,0,0,0,0
2505,1378,0,0,0,0
2506,1379,0,0,0,0
2507,1380,0,0,0,0
2508,1381,0,0,0,0
2509,1382,0,0,0,0
2510,1383,0,0,0,0
2511,1384,0,0,0,0
2512,1385,0,0,0,0
2513,1386,0,0,0,0
2514,1387,0,0,0,0
2515,1388,0,0,0,0
2516,1389,0,0,0,0
2517,1390,0,0,0,0
2518,1391,0,0,0,0
2519,1392,0,0,0,0
2520,1393,0,0,0,0
2521,1394,0,0,0,0
2522,1395,0,0,0,0
2523,1396,0,0,0,0
2524,1397,0,0,0,0
2525,1398,0,0,0,0
2526,1399,0,0,0,0
2527,1400,0,0,0,0
2528,1401,0,0,0,0
2529,1402,0,0,0,0
2530,1403,0,0,0,0
2531,1404,0,0,0,0
2532,1405,0,0,0,0
2533,1406,0,0,0,0
2534,1407,0,0,0,0
2535,1408,0,0,0,0
2536,1409,0,0,0,0
2537,1411,0,0,0,0
2538,1412,0,0,0,0
2539,1413,0,0,0,0
2540,1414,0,0,0,0
2541,1415,0,0,0,0
2542,1416,0,0,0,0
2543,1417,0,0,0,0
2544,1418,0,0,0,0
2545,1419,0,0,0,0
2546,1420,0,0,0,0
2547,1421,0,0,0,0
2548,1422,0,0,0,0
2549,1423,0,0,0,0
2550,1424,0,0,0,0
2551,1425,0,0,0,0
2552,1426,0,0,0,0
2553,1427,0,0,0,0
2554,1428,0,0,0,0
2555,1429,0,0,0,0
2556,1430,0,0,0,0
2557,1431,0,0,0,0
2558,1432,0,0,0,0
2559,1433,0,0,0,0
2560,1434,0,0,0,0
2561,1435,0,0,0,0
2562,1436,0,0,0,0
2563,1690,0,0,0,0
2564,1127,0,0,0,0
2565,1128,0,0,0,0
2566,631,0,0,0,0
2567,600,0,0,0,0
2568,805,0,0,0,0
2569,532,0,0,0,0
2570,548,0,0,0,0
2571,680,0,0,0,0
2572,681,0,0,0,0
2573,558,0,0,0,0
2574,531,0,0,0,0
2575,706,0,0,0,0
2576,554,0,0,0,0
2577,555,0,0,0,0
2578,556,0,0,0,0
2579,673,0,0,0,0
2580,734,0,0,0,0
2581,767,0,0,0,0
2582,601,0,0,0,0
2583,601,0,0,0,0
2584,601,0,0,0,0
2585,493,0,0,0,0
2586,677,0,0,0,0
2587,679,0,0,0,0
2588,557,0,0,0,0
2589,678,0,0,0,0
2590,707,0,0,0,0
2591,768,0,0,0,0
2592,801,0,0,0,0
2593,2201,0,0,0,0
2594,617,0,0,0,0
2595,642,0,0,0,0
2596,530,0,0,0,0
2597,638,0,0,0,0
2598,639,0,0,0,0
2599,755,0,0,0,0
2600,756,0,0,0,0
2601,757,0,0,0,0
2602,806,0,0,0,0
2603,630,0,0,0,0
2604,660,0,0,0,0
2605,661,0,0,0,0
2606,662,0,0,0,0
2607,663,0,0,0,0
2608,665,0,0,0,0
2609,769,0,0,0,0
2610,2487,0,0,0,0
2611,2175,0,0,0,0
2612,2476,0,0,0,0
2613,2146,0,0,0,0
2614,2547,0,0,0,0
2615,2580,0,0,0,0
2616,2183,0,0,0,0
2617,2189,0,0,0,0
2618,2628,0,0,0,0
2619,2202,0,0,0,0
2620,2489,0,0,0,0
2621,2498,0,0,0,0
2622,2508,0,0,0,0
2623,2509,0,0,0,0
2624,2513,0,0,0,0
2625,2517,0,0,0,0
2626,2522,0,0,0,0
2627,2323,0,0,0,0
2628,2526,0,0,0,0
2629,2493,0,0,0,0
2630,2556,0,0,0,0
2631,2553,0,0,0,0
2632,2328,0,0,0,0
2633,2407,0,0,0,0
2634,2455,0,0,0,0
2635,2627,0,0,0,0
2636,2464,0,0,0,0
2637,2460,0,0,0,0
2638,2521,0,0,0,0
2639,2499,0,0,0,0
2640,2572,0,0,0,0
2641,2597,0,0,0,0
2642,2593,0,0,0,0
2643,2154,0,0,0,0
2644,2528,0,0,0,0
2645,2417,0,0,0,0
2646,2436,0,0,0,0
2647,2422,0,0,0,0
2648,2441,0,0,0,0
2649,2249,0,0,0,0
2650,2558,0,0,0,0
2651,2235,0,0,0,0
2652,2239,0,0,0,0
2653,2534,0,0,0,0
2654,440,0,0,0,0
2655,441,0,0,0,0
2656,442,0,0,0,0
2657,2535,0,0,35,35
2658,2535,0,0,33,35
2659,2537,0,0,51,51
2660,2537,0,0,53,55
2661,2537,0,0,58,58
2662,2537,0,0,56,58
2663,2537,0,0,58,58
2664,4050,0,0,51,51
2665,4051,0,0,51,51
2666,2542,0,0,0,0
2667,3834,0,0,35,35
2668,3834,0,0,38,38
2669,3834,0,0,40,40
2670,2543,0,0,43,43
2671,2543,0,0,43,43
2672,3890,0,0,66,68
2673,2485,0,0,48,50
2674,2485,0,0,48,50
2675,2486,0,0,59,60
2676,2171,0,0,27,30
2677,2171,0,0,29,31
2678,2171,0,0,27,30
2679,2171,0,0,26,29
2680,2176,0,0,35,37
2681,2176,0,0,31,33
2682,2176,0,0,35,37
2683,2176,0,0,31,33
2684,2177,0,0,45,47
2685,2177,0,0,45,47
2686,2178,0,0,51,54
2687,2178,0,0,51,54
2688,2179,0,0,0,0
2689,2164,0,0,11,13
2690,2165,0,0,35,37
2691,2165,0,0,35,37
2692,2166,0,0,41,41
2693,2166,0,0,41,44
2694,2165,0,0,42,42
2695,2166,0,0,42,42
2696,2166,0,0,43,45
2697,2167,0,0,53,56
2698,2167,0,0,51,53
2699,2167,0,0,51,53
2700,2167,0,0,53,56
2701,2168,0,0,0,0
2702,2465,0,0,29,29
2703,2466,0,0,36,36
2704,2467,0,0,50,50
2705,4049,0,0,55,55
2706,4049,0,0,55,55
2707,3859,0,0,41,43
2708,2478,0,0,39,39
2709,2479,0,0,45,45
2710,2479,0,0,44,44
2711,2483,0,0,48,48
2712,2482,0,0,38,40
2713,2483,0,0,38,38
2714,2483,0,0,48,48
2715,2483,0,0,48,48
2716,2483,0,0,48,48
2717,2483,0,0,48,48
2718,2483,0,0,47,47
2719,2483,0,0,50,53
2720,2483,0,0,47,47
2721,2483,0,0,44,44
2722,2483,0,0,47,47
2723,4049,0,0,55,55
2724,2474,0,0,44,46
2725,2474,0,0,44,46
2726,2474,0,0,46,46
2727,2474,0,0,44,44
2728,2560,0,0,31,34
2729,2560,0,0,34,36
2730,2560,0,0,34,36
2731,2561,0,0,42,42
2732,2561,0,0,42,42
2733,2561,0,0,42,42
2734,2561,0,0,42,42
2735,2562,0,0,51,51
2736,2562,0,0,51,53
2737,2562,0,0,54,57
2738,2563,0,0,0,0
2739,3865,0,0,7,9
2740,3865,0,0,7,9
2741,2559,0,0,13,15
2742,2559,0,0,13,15
2743,3866,0,0,21,23
2744,3866,0,0,23,23
2745,3866,0,0,25,27
2746,2560,0,0,31,34
2747,2573,0,0,75,75
2748,2564,0,0,34,34
2749,2147,0,0,61,64
2750,2147,0,0,62,65
2751,2143,0,0,33,36
2752,2143,0,0,33,35
2753,2144,0,0,41,42
2754,2145,0,0,53,56
2755,2145,0,0,53,56
2756,2145,0,0,51,53
2757,2145,0,0,53,55
2758,2606,2610,0,43,46
2759,2609,0,0,33,35
2760,2609,0,0,36,39
2761,2609,0,0,37,39
2762,2609,0,0,39,41
2763,2610,0,0,43,46
2764,2610,0,0,43,47
2765,2546,0,0,55,55
2766,2545,0,0,58,61
2767,2579,0,0,52,52
2768,2579,0,0,52,52
2769,2579,0,0,52,52
2770,2579,0,0,52,52
2771,2579,0,0,52,52
2772,2579,0,0,58,58
2773,2579,0,0,52,52
2774,2579,0,0,52,52
2775,4072,0,0,33,36
2776,2600,0,0,38,41
2777,2600,0,0,36,38
2778,2600,0,0,38,41
2779,2600,0,0,36,38
2780,2600,0,0,38,41
2781,2600,0,0,31,34
2782,2601,0,0,0,0
2783,2156,0,0,36,39
2784,2180,0,0,8,9
2785,2182,0,0,30,30
2786,2182,0,0,30,30
2787,2182,0,0,30,30
2788,2182,0,0,30,30
2789,2182,0,0,21,21
2790,2182,0,0,30,30
2791,2182,0,0,24,27
2792,2182,0,0,30,30
2793,2186,0,0,37,37
2794,2186,0,0,43,45
2795,2186,0,0,37,37
2796,2187,0,0,41,41
2797,2187,0,0,42,42
2798,2188,0,0,52,54
2799,2188,0,0,52,54
2800,3856,0,0,45,47
2801,3857,0,0,54,56
2802,3857,0,0,51,53
2803,3857,0,0,54,56
2804,3857,0,0,61,63
2805,2156,0,0,34,37
2806,2156,0,0,36,36
2807,2156,0,0,36,39
2808,2156,0,0,39,41
2809,2156,0,0,36,39
2810,2156,0,0,36,36
2811,2157,0,0,41,43
2812,2157,0,0,42,42
2813,2157,0,0,42,42
2814,2157,0,0,41,43
2815,2157,0,0,41,43
2816,2157,0,0,43,45
2817,2157,0,0,43,45
2818,2194,0,0,40,40
2819,2195,0,0,32,32
2820,2196,0,0,32,32
2821,2192,0,0,35,38
2822,2192,0,0,38,38
2823,2192,0,0,35,38
2824,2192,0,0,35,38
2825,2192,0,0,38,38
2826,2193,0,0,31,31
2827,2199,0,0,51,53
2828,2199,0,0,51,53
2829,2199,0,0,54,56
2830,2200,0,0,51,51
2831,4054,0,0,51,51
2832,2221,0,0,40,40
2833,2222,0,0,40,40
2834,2224,0,0,40,40
2835,2225,0,0,40,40
2836,4074,0,0,42,42
2837,2227,0,0,40,40
2838,2228,0,0,40,40
2839,4075,0,0,42,42
2840,2205,0,0,41,43
2841,2205,0,0,41,43
2842,2205,0,0,41,43
2843,2211,0,0,61,64
2844,2212,0,0,61,64
2845,2209,0,0,65,65
2846,2206,0,0,51,51
2847,2206,0,0,51,51
2848,2206,0,0,51,51
2849,2208,0,0,63,63
2850,2207,0,0,66,66
2851,2207,0,0,63,63
2852,2488,0,0,61,61
2853,2488,0,0,55,55
2854,2488,0,0,58,58
2855,2488,0,0,58,58
2856,2488,0,0,63,64
2857,2494,0,0,25,30
2858,2495,0,0,35,37
2859,2496,0,0,45,47
2860,2496,0,0,48,48
2861,2497,0,0,56,58
2862,2566,0,0,58,58
2863,2566,0,0,58,61
2864,2566,0,0,55,55
2865,2566,0,0,55,55
2866,2502,0,0,55,55
2867,2502,0,0,55,55
2868,2502,0,0,55,55
2869,2502,0,0,55,55
2870,2502,0,0,55,55
2871,2502,0,0,55,55
2872,2502,0,0,53,53
2873,2503,0,0,60,60
2874,2511,0,0,50,50
2875,2512,0,0,57,57
2876,2490,0,0,35,37
2877,2490,0,0,35,37
2878,2491,0,0,41,44
2879,2491,0,0,41,43
2880,2491,0,0,46,49
2881,2491,0,0,41,42
2882,2491,0,0,48,50
2883,2492,0,0,52,54
2884,2492,0,0,52,55
2885,2492,0,0,51,53
2886,2492,0,0,55,57
2887,2492,0,0,52,54
2888,2492,0,0,52,54
2889,2554,0,0,41,43
2890,2554,0,0,44,46
2891,2549,0,0,24,27
2892,2549,0,0,24,27
2893,2550,0,0,37,39
2894,2550,0,0,37,39
2895,2550,0,0,39,39
2896,3844,0,0,41,41
2897,2552,0,0,64,64
2898,2552,0,0,65,65
2899,2552,0,0,63,63
2900,2552,0,0,63,63
2901,2552,0,0,63,63
2902,4020,0,0,41,41
2903,4009,0,0,40,40
2904,4009,0,0,40,40
2905,4009,0,0,40,40
2906,4009,0,0,33,33
2907,4015,0,0,43,43
2908,2395,0,0,60,60
2909,2395,0,0,56,58
2910,2395,0,0,54,54
2911,2395,0,0,53,53
2912,2395,0,0,53,53
2913,2395,0,0,55,55
2914,4015,0,0,42,42
2915,2370,0,0,52,52
2916,4009,0,0,38,38
2917,4009,0,0,38,38
2918,2400,0,0,61,61
2919,2400,0,0,64,64
2920,2400,0,0,61,61
2921,2400,0,0,64,64
2922,3928,0,0,40,40
2923,4010,0,0,43,43
2924,4016,0,0,40,40
2925,3928,0,0,40,40
2926,3928,0,0,40,40
2927,3928,0,0,40,40
2928,4010,0,0,41,41
2929,4010,0,0,43,43
2930,4010,0,0,43,43
2931,4010,0,0,43,43
2932,4010,0,0,41,41
2933,4010,0,0,41,41
2934,2370,0,0,51,53
2935,2370,0,0,50,50
2936,2370,0,0,50,50
2937,2370,0,0,50,50
2938,4017,0,0,53,53
2939,4013,2265,0,24,27
2940,3929,0,0,32,34
2941,4012,0,0,45,46
2942,4012,0,0,45,46
2943,2370,0,0,53,53
2944,4014,0,0,8,10
2945,4014,0,0,8,10
2946,4014,0,0,8,10
2947,4014,0,0,8,10
2948,4013,0,0,21,23
2949,4013,0,0,24,27
2950,4013,0,0,21,21
2951,4013,0,0,24,24
2952,4009,0,0,33,35
2953,4009,0,0,32,34
2954,4009,0,0,31,31
2955,4009,0,0,32,34
2956,4015,0,0,42,45
2957,4015,0,0,42,45
2958,4015,0,0,42,45
2959,4015,0,0,42,45
2960,4015,0,0,41,43
2961,4009,0,0,36,37
2962,3929,0,0,38,38
2963,4010,0,0,47,47
2964,4010,0,0,45,47
2965,2395,0,0,52,54
2966,2395,0,0,52,54
2967,2395,0,0,52,54
2968,2395,0,0,51,54
2969,2395,0,0,52,54
2970,2395,0,0,52,54
2971,4041,0,0,36,36
2972,4040,0,0,36,36
2973,2404,0,0,43,43
2974,2404,0,0,44,44
2975,2404,0,0,44,44
2976,2404,0,0,44,44
2977,2404,0,0,44,44
2978,2404,0,0,44,44
2979,3928,0,0,36,36
2980,2400,0,0,51,53
2981,2400,0,0,51,53
2982,2400,0,0,51,53
2983,2400,0,0,51,53
2984,2400,0,0,53,53
2985,2400,0,0,51,53
2986,2400,0,0,51,53
2987,4020,0,0,41,41
2988,4020,0,0,41,41
2989,4020,0,0,41,41
2990,4020,0,0,41,41
2991,4020,0,0,41,41
2992,2331,0,0,43,43
2993,2331,0,0,41,41
2994,2331,0,0,42,42
2995,2331,0,0,41,41
2996,4009,0,0,36,36
2997,2331,0,0,43,44
2998,2331,0,0,43,44
2999,2331,0,0,43,44
3000,2331,0,0,43,44
3001,2331,0,0,43,44
3002,2331,0,0,43,44
3003,2331,0,0,43,44
3004,2331,0,0,43,44
3005,2331,0,0,43,44
3006,2331,0,0,43,44
3007,2331,0,0,43,44
3008,2331,0,0,43,44
3009,2331,0,0,43,44
3010,2331,0,0,43,44
3011,2331,0,0,44,44
3012,2331,0,0,44,44
3013,2331,0,0,44,44
3014,2447,0,0,40,40
3015,2449,0,0,41,41
3016,2449,0,0,41,41
3017,2448,0,0,41,41
3018,2448,0,0,41,41
3019,2448,0,0,41,41
3020,2448,0,0,43,43
3021,2448,0,0,43,43
3022,2448,0,0,40,40
3023,2448,0,0,42,42
3024,2448,0,0,43,43
3025,2448,0,0,46,48
3026,2448,0,0,43,43
3027,2448,0,0,40,40
3028,2450,0,0,52,52
3029,2450,0,0,58,60
3030,2450,0,0,56,56
3031,2450,0,0,56,56
3032,2450,0,0,57,59
3033,2450,0,0,56,58
3034,3993,0,0,55,55
3035,2450,0,0,52,54
3036,2450,0,0,56,56
3037,2450,0,0,51,54
3038,4052,0,0,53,53
3039,4052,0,0,53,53
3040,2321,0,0,42,42
3041,2321,0,0,42,42
3042,2321,0,0,42,42
3043,2322,0,0,54,55
3044,2322,0,0,54,55
3045,2322,0,0,54,55
3046,2322,0,0,54,55
3047,2322,0,0,54,55
3048,2322,0,0,54,55
3049,2322,0,0,54,55
3050,2322,0,0,54,55
3051,2322,0,0,54,55
3052,2322,0,0,54,55
3053,2322,0,0,51,54
3054,2322,0,0,52,55
3055,2322,0,0,57,59
3056,2322,0,0,51,54
3057,2520,0,0,71,71
3058,2520,0,0,64,64
3059,2626,0,0,55,58
3060,2463,0,0,48,50
3061,3860,0,0,58,60
3062,3860,0,0,58,60
3063,2456,0,0,21,24
3064,3867,0,0,9,11
3065,2457,0,0,33,35
3066,2457,0,0,33,35
3067,2457,0,0,33,35
3068,3878,0,0,42,44
3069,2568,0,0,38,40
3070,2570,0,0,58,61
3071,2595,0,0,43,45
3072,2596,0,0,53,55
3073,2592,2370,2400,51,53
3074,2581,0,0,23,26
3075,2582,0,0,38,40
3076,2582,0,0,30,32
3077,2592,0,0,54,55
3078,2583,0,0,38,40
3079,2584,0,0,38,40
3080,2591,0,0,41,41
3081,2590,0,0,43,43
3082,2586,0,0,41,41
3083,2586,0,0,42,44
3084,2587,0,0,41,41
3085,2587,0,0,42,44
3086,2588,0,0,41,41
3087,2588,0,0,42,44
3088,2150,0,0,17,19
3089,2150,0,0,11,11
3090,2153,0,0,43,43
3091,2153,0,0,45,45
3092,2153,0,0,44,44
3093,2414,0,0,38,38
3094,2410,0,0,44,44
3095,2410,0,0,44,44
3096,2415,0,0,42,42
3097,2415,0,0,46,46
3098,2418,0,0,23,23
3099,2418,0,0,29,29
3100,2411,0,0,58,58
3101,2424,0,0,38,38
3102,2420,0,0,47,47
3103,2438,0,0,40,40
3104,2444,0,0,45,45
3105,2240,0,0,8,10
3106,2240,0,0,8,10
3107,2241,0,0,12,14
3108,2243,0,0,34,36
3109,2243,0,0,35,38
3110,2245,0,0,38,38
3111,2247,0,0,38,38
3112,2244,0,0,38,38
3113,2243,0,0,31,33
3114,3835,0,0,42,42
3115,3835,0,0,42,42
3116,3862,0,0,16,18
3117,3862,0,0,16,18
3118,2557,0,0,51,53
3119,2232,0,0,38,40
3120,2233,0,0,44,46
3121,2236,0,0,38,40
3122,2236,0,0,33,33
3123,2236,0,0,38,40
3124,2236,0,0,31,33
3125,2237,0,0,48,49
3126,2615,0,0,31,33
3127,2615,0,0,39,41
3128,2616,0,0,47,47
3129,2616,0,0,49,51
3130,2616,0,0,47,47
3131,2616,0,0,49,51
3132,2621,0,0,21,23
3133,2532,0,0,52,52
3134,2530,0,0,38,40
3135,2545,0,0,51,53
3136,2545,0,0,51,53
3137,3944,0,0,44,46
3138,3945,0,0,46,48
3139,3946,0,0,47,50
3140,3960,0,0,55,55
3141,3943,0,0,71,71
3142,3943,0,0,65,65
3143,3933,0,0,11,13
3144,3933,0,0,13,14
3145,3934,0,0,31,33
3146,3862,0,0,11,12
3147,3862,0,0,12,13
3148,3862,0,0,11,12
3149,3956,3954,3952,34,36
3150,3956,3954,3952,34,36
3151,3957,3953,3953,41,41
3152,3957,3955,3953,48,50
3153,3979,0,0,8,10
3154,3980,0,0,33,36
3155,3980,0,0,33,36
3156,3980,0,0,33,35
3157,3980,0,0,34,36
3158,3982,0,0,50,52
3159,2177,0,0,49,49
3160,3983,3984,3985,43,45
3161,3931,0,0,25,27
3162,3936,0,0,40,41
3163,3938,0,0,32,34
3164,2523,0,0,0,0
3165,4034,0,0,31,33
3166,2412,0,0,0,0
3167,2427,0,0,0,0
3168,4060,0,0,39,41
3169,4060,0,0,39,41
3170,4060,0,0,39,41
3171,4061,0,0,31,33
3172,4062,0,0,31,33
3173,4063,0,0,31,33
3174,4064,0,0,31,33
3175,2149,2606,2610,41,46
3176,2148,0,0,46,51
3177,2620,0,0,0,0
3178,3857,0,0,65,65
3179,2491,0,0,48,50
3180,3861,0,0,42,44
3181,4071,0,0,57,59
3182,2496,0,0,45,47
3183,2182,0,0,22,25
3184,4049,0,0,55,55
3185,2322,0,0,53,53
3186,2549,0,0,24,27
3187,2591,0,0,41,41
3188,2415,0,0,42,42
3189,4170,0,0,0,0
3190,4171,0,0,0,0
3191,4101,0,0,0,0
3192,4105,0,0,0,0
3193,4105,0,0,0,0
3194,4102,0,0,0,0
3195,4102,0,0,0,0
3196,0,0,0,0,0
3197,1437,0,0,0,0
3198,1438,0,0,0,0
3199,1439,0,0,0,0
3200,1440,0,0,0,0
3201,0,0,0,0,0
3202,1441,0,0,0,0
3203,1443,0,0,0,0
3204,1442,0,0,0,0
3205,0,0,0,0,0
3206,1444,0,0,0,0
3207,1444,0,0,0,0
3208,1445,0,0,0,0
3209,1445,0,0,0,0
3210,1447,0,0,0,0
3211,0,0,0,0,0
3212,1448,0,0,0,0
3213,1449,0,0,0,0
3214,877,0,0,0,0
3215,878,0,0,0,0
3216,1450,0,0,0,0
3217,1451,0,0,0,0
3218,0,0,0,0,0
3219,1452,0,0,0,0
3220,1453,0,0,0,0
3221,1454,0,0,0,0
3222,1455,0,0,0,0
3223,0,0,0,0,0
3224,1456,0,0,0,0
3225,1457,0,0,0,0
3226,1458,0,0,0,0
3227,1459,0,0,0,0
3228,0,0,0,0,0
3229,1460,0,0,0,0
3230,1461,0,0,0,0
3231,1462,0,0,0,0
3232,1463,0,0,0,0
3233,0,0,0,0,0
3234,1464,0,0,0,0
3235,1465,0,0,0,0
3236,1466,0,0,0,0
3237,1467,0,0,0,0
3238,886,0,0,0,0
3239,4069,0,0,0,0
3240,886,0,0,0,0
3241,0,0,0,0,0
3242,1471,0,0,0,0
3243,1468,0,0,0,0
3244,1469,0,0,0,0
3245,1470,0,0,0,0
3246,0,0,0,0,0
3247,1472,0,0,0,0
3248,1473,0,0,0,0
3249,1474,0,0,0,0
3250,0,0,0,0,0
3251,1475,0,0,0,0
3252,1476,0,0,0,0
3253,1477,0,0,0,0
3254,0,0,0,0,0
3255,1478,0,0,0,0
3256,1479,1479,1479,0,0
3257,909,0,0,0,0
3258,1480,0,0,0,0
3259,0,0,0,0,0
3260,1481,0,0,0,0
3261,1482,0,0,0,0
3262,1485,0,0,0,0
3263,1486,0,0,0,0
3264,4070,0,0,0,0
3265,1483,0,0,0,0
3266,1487,0,0,0,0
3267,0,0,0,0,0
3268,1488,1488,1488,0,0
3269,1488,1488,1488,0,0
3270,1489,0,0,0,0
3271,1490,0,0,0,0
3272,0,0,0,0,0
3273,1491,0,0,0,0
3274,1491,0,0,0,0
3275,888,0,0,0,0
3276,1492,0,0,0,0
3277,1493,0,0,0,0
3278,0,0,0,0,0
3279,1496,0,0,0,0
3280,1497,0,0,0,0
3281,1498,0,0,0,0
3282,1499,0,0,0,0
3283,1494,0,0,0,0
3284,1495,0,0,0,0
3285,0,0,0,0,0
3286,1500,0,0,0,0
3287,1501,0,0,0,0
3288,1506,0,0,0,0
3289,1507,0,0,0,0
3290,1502,0,0,0,0
3291,1503,0,0,0,0
3292,1508,0,0,0,0
3293,1509,0,0,0,0
3294,1504,0,0,0,0
3295,1505,0,0,0,0
3296,1510,0,0,0,0
3297,1509,0,0,0,0
3298,0,0,0,0,0
3299,1512,0,0,0,0
3300,1513,0,0,0,0
3301,1514,0,0,0,0
3302,1515,0,0,0,0
3303,0,0,0,0,0
3304,1516,0,0,0,0
3305,1516,0,0,0,0
3306,1517,0,0,0,0
3307,1518,0,0,0,0
3308,0,0,0,0,0
3309,1519,0,0,0,0
3310,1520,0,0,0,0
3311,1521,0,0,0,0
3312,1522,0,0,0,0
3313,0,0,0,0,0
3314,1523,0,0,0,0
3315,1524,0,0,0,0
3316,1525,0,0,0,0
3317,0,0,0,0,0
3318,1526,1526,1526,0,0
3319,1527,0,0,0,0
3320,1527,0,0,0,0
3321,1527,0,0,0,0
3322,1527,0,0,0,0
3323,1528,0,0,0,0
3324,0,0,0,0,0
3325,1529,0,0,0,0
3326,1529,0,0,0,0
3327,889,0,0,0,0
3328,1530,0,0,0,0
3329,1531,0,0,0,0
3330,1532,0,0,0,0
3331,1533,0,0,0,0
3332,0,0,0,0,0
3333,1534,0,0,0,0
3334,1535,0,0,0,0
3335,1536,0,0,0,0
3336,1534,0,0,0,0
3337,1535,0,0,0,0
3338,890,0,0,0,0
3339,0,0,0,0,0
3340,1537,0,0,0,0
3341,1538,0,0,0,0
3342,1539,0,0,0,0
3343,1540,0,0,0,0
3344,1541,0,0,0,0
3345,1542,0,0,0,0
3346,1543,0,0,0,0
3347,0,0,0,0,0
3348,1544,0,0,0,0
3349,1546,1546,0,0,0
3350,1545,0,0,0,0
3351,906,906,0,0,0
3352,1547,0,0,0,0
3353,0,0,0,0,0
3354,1553,0,0,0,0
3355,1555,0,0,0,0
3356,1554,0,0,0,0
3357,0,0,0,0,0
3358,1556,0,0,0,0
3359,1557,0,0,0,0
3360,1558,0,0,0,0
3361,1559,0,0,0,0
3362,0,0,0,0,0
3363,1562,0,0,0,0
3364,1562,0,0,0,0
3365,1562,0,0,0,0
3366,1563,0,0,0,0
3367,0,0,0,0,0
3368,1564,0,0,0,0
3369,1565,0,0,0,0
3370,1566,0,0,0,0
3371,0,0,0,0,0
3372,1567,0,0,0,0
3373,1569,0,0,0,0
3374,1568,0,0,0,0
3375,0,0,0,0,0
3376,1570,0,0,0,0
3377,1571,0,0,0,0
3378,1572,0,0,0,0
3379,0,0,0,0,0
3380,1573,0,0,0,0
3381,1574,0,0,0,0
3382,1574,0,0,0,0
3383,1575,0,0,0,0
3384,0,0,0,0,0
3385,1576,0,0,0,0
3386,1577,0,0,0,0
3387,1578,0,0,0,0
3388,0,0,0,0,0
3389,851,0,0,0,0
3390,852,0,0,0,0
3391,853,0,0,0,0
3392,855,0,0,0,0
3393,854,0,0,0,0
3394,0,0,0,0,0
3395,870,0,0,0,0
3396,871,0,0,0,0
3397,871,0,0,0,0
3398,872,0,0,0,0
3399,875,0,0,0,0
3400,873,874,0,0,0
3401,0,0,0,0,0
3402,912,912,912,0,0
3403,913,0,0,0,0
3404,914,0,0,0,0
3405,915,0,0,0,0
3406,916,0,0,0,0
3407,917,0,0,0,0
3408,918,0,0,0,0
3409,919,0,0,0,0
3410,920,0,0,0,0
3411,0,0,0,0,0
3412,941,0,0,0,0
3413,945,0,0,0,0
3414,942,0,0,0,0
3415,943,0,0,0,0
3416,944,0,0,0,0
3417,0,0,0,0,0
3418,929,0,0,0,0
3419,930,0,0,0,0
3420,931,0,0,0,0
3421,932,0,0,0,0
3422,0,0,0,0,0
3423,1549,0,0,0,0
3424,1551,0,0,0,0
3425,1552,0,0,0,0
3426,0,0,0,0,0
3427,1695,0,0,0,0
3428,0,0,0,0,0
3429,1696,0,0,0,0
3430,3837,0,0,0,0
3431,3838,0,0,0,0
3432,3839,0,0,0,0
3433,3840,0,0,0,0
3434,3841,0,0,0,0
3435,3842,0,0,0,0
3436,3843,0,0,0,0
3437,0,0,0,0,0
3438,1699,0,0,0,0
3439,1700,0,0,0,0
3440,1701,0,0,0,0
3441,1702,0,0,0,0
3442,427,0,0,0,0
3443,425,0,0,0,0
3444,426,0,0,0,0
3445,428,0,0,0,0
3446,424,0,0,0,0
3447,422,0,0,0,0
3448,423,0,0,0,0
3449,429,0,0,0,0
3450,430,0,0,0,0
3451,498,0,0,0,0
3452,509,0,0,0,0
3453,508,0,0,0,0
3454,528,0,0,0,0
3455,529,0,0,0,0
3456,542,0,0,0,0
3457,541,0,0,0,0
3458,3875,0,0,0,0
3459,3875,0,0,0,0
3460,547,0,0,0,0
3461,546,0,0,0,0
3462,545,0,0,0,0
3463,544,0,0,0,0
3464,610,0,0,0,0
3465,609,0,0,0,0
3466,607,0,0,0,0
3467,608,0,0,0,0
3468,613,0,0,0,0
3469,614,0,0,0,0
3470,618,0,0,0,0
3471,619,0,0,0,0
3472,634,0,0,0,0
3473,632,0,0,0,0
3474,633,0,0,0,0
3475,676,0,0,0,0
3476,674,0,0,0,0
3477,675,0,0,0,0
3478,695,0,0,0,0
3479,694,0,0,0,0
3480,693,0,0,0,0
3481,696,0,0,0,0
3482,705,0,0,0,0
3483,704,0,0,0,0
3484,703,0,0,0,0
3485,729,0,0,0,0
3486,730,0,0,0,0
3487,740,0,0,0,0
3488,744,0,0,0,0
3489,747,0,0,0,0
3490,746,0,0,0,0
3491,776,0,0,0,0
3492,796,0,0,0,0
3493,3877,0,0,0,0
3494,798,0,0,0,0
3495,818,0,0,0,0
3496,819,0,0,0,0
3497,822,0,0,0,0
3498,824,0,0,0,0
3499,823,0,0,0,0
3500,826,0,0,0,0
3501,825,0,0,0,0
3502,827,0,0,0,0
3503,820,0,0,0,0
3504,2856,0,0,0,0
3505,2874,0,0,0,0
3506,2940,0,0,0,0
3507,2780,0,0,0,0
3508,2653,0,0,0,0
3509,2734,0,0,0,0
3510,2640,3858,0,0,0
3511,2672,0,0,0,0
3512,4039,0,0,0,0
3513,2673,0,0,0,0
3514,3004,0,0,0,0
3515,2927,0,0,0,0
3516,2706,0,0,0,0
3517,2714,0,0,0,0
3518,2717,0,0,0,0
3519,2720,0,0,0,0
3520,2724,0,0,0,0
3521,2670,0,0,0,0
3522,2675,0,0,0,0
3523,2638,0,0,0,0
3524,2803,0,0,66,71
3525,2804,0,0,61,66
3526,2811,0,0,0,0
3527,2846,0,0,0,0
3528,2680,0,0,0,0
3529,3032,2774,0,0,0
3530,2851,0,0,0,0
3531,2848,0,0,0,0
3532,2852,0,0,0,0
3533,2891,0,0,0,0
3534,2913,0,0,0,0
3535,2917,2915,0,0,0
3536,3012,0,0,0,0
3537,2903,0,0,0,0
3538,2907,0,0,0,0
3539,2909,2908,0,0,0
3540,2922,0,0,0,0
3541,2924,0,0,0,0
3542,2986,0,0,0,0
3543,2970,0,0,0,0
3544,3003,0,0,0,0
3545,2764,0,0,0,0
3546,2999,2988,0,0,0
3547,2755,0,0,0,0
3548,2836,0,0,0,0
3549,2960,0,0,0,0
3550,2693,0,0,0,0
3551,2956,0,0,0,0
3552,3022,0,0,0,0
3553,3026,3021,0,0,0
3554,2887,2886,0,0,0
3555,2882,0,0,0,0
3556,2895,2894,0,0,0
3557,3001,0,0,0,0
3558,2964,2963,0,0,0
3559,3009,0,0,0,0
3560,2773,2770,0,0,0
3561,2944,2946,0,0,0
3562,2703,0,0,0,0
3563,2784,0,0,0,0
3564,2662,0,0,45,45
3565,2632,0,0,43,43
3566,2647,0,0,43,43
3567,2688,0,0,44,44
3568,2649,0,0,59,59
3569,2652,0,0,59,59
3570,2643,2644,0,50,50
3571,2643,2644,0,50,50
3572,4008,0,0,59,59
3573,4008,0,0,59,59
3574,2629,0,0,59,59
3575,2629,0,0,59,59
3576,2629,0,0,59,59
3577,2727,0,0,59,59
3578,2726,0,0,59,59
3579,2725,0,0,59,59
3580,2729,0,0,59,59
3581,2728,0,0,59,59
3582,2730,0,0,59,59
3583,2648,0,0,59,59
3584,2648,0,0,59,59
3585,2648,0,0,59,59
3586,2692,0,0,59,59
3587,2656,0,0,45,45
3588,3887,0,0,59,59
3589,4038,0,0,42,42
3590,4038,0,0,42,44
3591,4038,0,0,42,42
3592,4038,0,0,41,41
3593,4038,0,0,42,42
3594,4038,0,0,43,43
3595,4038,0,0,42,42
3596,3895,0,0,40,40
3597,3895,0,0,40,40
3598,3895,0,0,40,40
3599,3895,0,0,40,40
3600,2715,0,0,47,47
3601,2721,0,0,49,49
3602,2718,0,0,50,50
3603,2632,0,0,42,42
3604,2632,0,0,44,44
3605,2632,0,0,48,48
3606,2632,0,0,41,41
3607,2632,0,0,42,42
3608,2632,0,0,41,41
3609,2632,0,0,42,42
3610,2632,0,0,47,47
3611,2678,0,0,44,44
3612,2678,0,0,44,44
3613,2678,0,0,46,46
3614,2678,0,0,45,45
3615,2678,0,0,44,44
3616,2678,0,0,44,44
3617,2678,0,0,45,45
3618,3888,0,0,47,47
3619,2678,0,0,47,47
3620,2678,0,0,48,48
3621,2789,0,0,43,43
3622,2789,0,0,43,45
3623,2789,0,0,43,45
3624,2789,0,0,44,46
3625,2789,0,0,43,45
3626,2789,0,0,44,44
3627,4044,0,0,49,49
3628,2646,0,0,40,40
3629,2647,0,0,43,43
3630,2647,0,0,43,43
3631,2647,0,0,45,45
3632,2685,0,0,45,45
3633,2655,0,0,34,34
3634,2655,0,0,34,34
3635,4037,0,0,36,36
3636,4037,0,0,36,36
3637,4037,0,0,36,36
3638,4037,0,0,36,36
3639,4037,0,0,34,34
3640,4037,0,0,36,36
3641,2631,0,0,35,35
3642,2631,0,0,35,35
3643,4037,0,0,32,32
3644,4036,0,0,33,33
3645,4036,0,0,33,33
3646,4037,0,0,31,31
3647,2656,0,0,44,44
3648,4036,0,0,34,34
3649,4036,0,0,32,32
3650,4036,0,0,35,35
3651,4036,0,0,33,33
3652,4036,0,0,34,34
3653,4036,0,0,38,38
3654,4036,0,0,32,32
3655,4036,0,0,34,34
3656,4036,0,0,35,35
3657,4036,0,0,36,36
3658,4036,0,0,38,38
3659,4036,0,0,39,39
3660,4036,0,0,40,40
3661,4036,0,0,32,32
3662,4036,0,0,33,33
3663,4036,0,0,35,35
3664,4036,0,0,38,38
3665,3895,0,0,34,34
3666,3895,0,0,32,34
3667,3895,0,0,34,34
3668,3895,0,0,34,34
3669,3895,0,0,40,40
3670,3895,0,0,40,40
3671,4007,0,0,33,33
3672,4007,0,0,33,33
3673,4007,0,0,35,35
3674,2715,0,0,44,44
3675,2660,0,0,41,41
3676,2660,0,0,43,43
3677,2631,0,0,32,32
3678,2631,0,0,36,36
3679,2631,0,0,31,31
3680,2631,0,0,32,32
3681,2631,0,0,33,33
3682,2631,0,0,35,35
3683,2631,0,0,40,40
3684,2631,0,0,32,32
3685,2631,0,0,33,33
3686,2631,0,0,34,34
3687,2632,0,0,41,41
3688,2632,0,0,42,42
3689,2632,0,0,41,41
3690,2635,0,0,33,33
3691,2635,0,0,32,32
3692,2789,0,0,41,41
3693,2687,0,0,35,35
3694,2766,0,0,31,31
3695,2766,0,0,31,31
3696,2766,0,0,31,31
3697,2808,0,0,34,34
3698,2808,0,0,34,34
3699,2808,0,0,34,34
3700,3010,0,0,32,32
3701,3010,0,0,32,32
3702,2974,0,0,33,33
3703,2974,0,0,33,33
3704,2974,0,0,33,33
3705,2834,0,0,35,35
3706,2834,0,0,35,35
3707,2834,0,0,35,35
3708,2835,0,0,41,41
3709,3000,0,0,41,41
3710,3000,0,0,41,41
3711,3000,0,0,41,41
3712,2715,0,0,41,41
3713,4045,0,0,41,41
3714,2731,0,0,38,38
3715,2731,0,0,39,39
3716,2731,0,0,40,40
3717,2731,0,0,38,38
3718,2715,0,0,42,42
3719,2715,0,0,42,42
3720,2715,0,0,42,42
3721,2721,0,0,42,42
3722,4044,0,0,41,41
3723,2961,0,0,38,40
3724,2961,0,0,39,39
3725,2961,0,0,38,40
3726,2834,0,0,34,34
3727,2715,0,0,47,47
3728,2809,0,0,43,43
3729,2809,0,0,42,44
3730,2809,0,0,43,45
3731,2809,0,0,44,46
3732,2809,0,0,43,43
3733,2809,0,0,43,43
3734,2920,0,0,44,44
3735,2920,0,0,45,45
3736,2920,0,0,46,46
3737,2920,0,0,44,44
3738,2920,0,0,45,45
3739,2972,0,0,44,46
3740,2972,0,0,45,47
3741,2972,0,0,45,45
3742,2817,0,0,44,44
3743,2817,0,0,46,46
3744,2823,0,0,43,43
3745,2823,0,0,45,45
3746,2948,0,0,42,42
3747,2948,0,0,42,42
3748,2948,0,0,42,42
3749,2948,0,0,42,42
3750,2894,0,0,45,45
3751,2652,0,0,55,55
3752,2810,0,0,55,55
3753,2810,0,0,54,56
3754,2845,0,0,54,56
3755,2861,0,0,56,56
3756,2861,0,0,56,56
3757,2861,0,0,56,56
3758,2861,0,0,56,56
3759,2648,0,0,55,55
3760,2783,0,0,55,55
3761,3869,0,0,60,60
3762,2719,0,0,60,60
3763,2802,0,0,57,59
3764,2802,0,0,58,58
3765,2923,0,0,59,59
3766,2923,0,0,59,59
3767,2648,0,0,57,57
3768,2886,0,0,58,58
3769,2996,0,0,57,59
3770,2996,0,0,57,59
3771,2649,0,0,58,58
3772,2652,0,0,58,58
3773,3918,0,0,60,60
3774,2716,0,0,59,59
3775,2716,0,0,59,59
3776,3869,0,0,59,59
3777,3869,0,0,59,59
3778,3869,0,0,59,59
3779,2810,0,0,58,58
3780,3919,0,0,59,59
3781,3917,0,0,58,58
3782,3917,0,0,58,58
3783,2855,0,0,60,60
3784,2854,0,0,66,66
3785,3025,0,0,64,64
3786,3008,0,0,62,64
3787,3872,0,0,66,69
3788,4038,0,0,48,48
3789,4038,0,0,48,48
3790,2649,0,0,52,52
3791,2649,0,0,53,53
3792,2649,0,0,53,53
3793,2649,0,0,51,51
3794,2649,0,0,53,53
3795,2649,0,0,53,53
3796,2649,0,0,52,52
3797,2649,0,0,53,53
3798,2649,0,0,52,52
3799,3887,0,0,54,54
3800,3995,0,0,53,53
3801,4038,0,0,50,50
3802,4038,0,0,50,50
3803,3886,0,0,51,51
3804,2669,0,0,52,52
3805,2669,0,0,53,53
3806,2679,0,0,52,52
3807,3889,0,0,51,51
3808,3889,0,0,52,52
3809,2648,0,0,51,51
3810,2699,0,0,52,52
3811,3995,0,0,51,51
3812,3995,0,0,51,51
3813,3882,0,0,53,53
3814,3882,0,0,51,51
3815,2649,0,0,52,52
3816,3887,0,0,53,53
3817,3882,0,0,53,53
3818,3868,0,0,52,52
3819,2629,0,0,51,51
3820,2629,0,0,51,51
3821,2629,0,0,51,51
3822,2648,0,0,51,51
3823,2689,0,0,51,51
3824,2696,0,0,51,51
3825,2875,0,0,59,61
3826,2984,0,0,56,59
3827,2689,0,0,60,60
3828,2692,0,0,60,60
3829,2696,0,0,60,60
3830,2926,0,0,54,54
3831,2926,0,0,54,54
3832,2841,0,0,30,30
3833,3031,0,0,51,51
3834,3031,0,0,55,55
3835,3031,0,0,55,55
3836,3031,0,0,57,59
3837,3031,0,0,55,55
3838,2870,0,0,30,30
3839,2871,0,0,30,30
3840,2872,0,0,30,30
3841,2873,0,0,30,30
3842,2966,0,0,45,47
3843,2966,0,0,47,50
3844,2966,0,0,50,50
3845,2966,0,0,42,45
3846,2966,0,0,45,47
3847,2966,0,0,50,50
3848,2966,0,0,47,49
3849,2966,0,0,49,51
3850,2969,0,0,54,56
3851,2969,0,0,55,58
3852,2969,0,0,58,61
3853,2997,0,0,31,34
3854,2998,0,0,53,53
3855,2998,0,0,53,53
3856,2829,0,0,51,51
3857,2829,0,0,51,51
3858,2829,0,0,51,51
3859,2829,0,0,51,51
3860,2943,2945,0,59,61
3861,2943,2945,0,62,65
3862,2888,0,0,36,38
3863,2888,0,0,36,38
3864,2889,0,0,42,45
3865,2889,0,0,44,47
3866,2889,0,0,41,45
3867,2889,0,0,43,47
3868,2889,0,0,41,41
3869,2982,0,0,43,45
3870,2982,0,0,44,46
3871,2983,0,0,44,46
3872,2983,0,0,43,45
3873,2982,0,0,43,45
3874,2982,0,0,41,43
3875,2983,0,0,42,44
3876,2983,0,0,41,43
3877,2881,0,0,55,58
3878,2881,0,0,55,58
3879,2925,0,0,45,45
3880,2925,0,0,46,46
3881,2723,0,0,60,60
3882,2723,0,0,60,60
3883,2723,0,0,60,60
3884,2916,0,0,41,44
3885,2916,0,0,44,44
3886,2916,0,0,42,44
3887,2916,0,0,44,44
3888,2916,0,0,41,43
3889,2916,0,0,44,44
3890,3011,0,0,42,45
3891,3011,0,0,42,45
3892,3011,0,0,41,41
3893,3011,0,0,42,45
3894,3011,0,0,41,41
3895,3011,0,0,43,43
3896,2923,0,0,51,54
3897,2982,0,0,49,51
3898,2983,0,0,49,51
3899,2984,0,0,55,55
3900,2984,0,0,55,57
3901,2985,0,0,55,57
3902,2985,0,0,55,55
3903,2935,0,0,36,38
3904,2936,0,0,37,37
3905,2935,0,0,38,40
3906,2935,0,0,40,40
3907,2935,0,0,36,38
3908,2936,0,0,35,35
3909,2936,0,0,39,39
3910,2819,0,0,38,38
3911,2817,0,0,41,44
3912,2817,0,0,48,51
3913,2820,0,0,48,48
3914,2822,0,0,34,36
3915,2828,0,0,38,40
3916,2828,0,0,37,40
3917,2828,0,0,38,40
3918,2828,0,0,39,41
3919,2862,0,0,81,84
3920,2862,0,0,81,84
3921,2862,0,0,81,84
3922,2862,0,0,81,84
3923,2862,0,0,81,84
3924,2686,0,0,60,60
3925,2692,0,0,60,60
3926,3025,0,0,51,54
3927,3025,0,0,51,54
3928,3025,0,0,51,54
3929,2701,0,0,46,46
3930,2896,0,0,51,51
3931,2896,0,0,51,51
3932,2896,0,0,51,51
3933,2932,0,0,30,30
3934,2932,0,0,30,30
3935,3006,0,0,40,40
3936,2701,0,0,45,45
3937,3018,0,0,27,27
3938,3018,0,0,26,26
3939,3018,0,0,25,25
3940,3018,0,0,30,30
3941,3018,0,0,29,29
3942,3018,0,0,28,28
3943,3013,0,0,20,20
3944,3013,0,0,19,19
3945,3013,0,0,18,18
3946,2658,0,0,51,51
3947,2733,0,0,53,55
3948,2656,0,0,43,43
3949,2732,0,0,49,51
3950,2732,0,0,49,51
3951,2642,0,0,43,43
3952,2631,0,0,42,42
3953,2788,0,0,40,40
3954,2857,0,0,37,37
3955,2681,0,0,42,42
3956,2911,0,0,34,36
3957,2911,0,0,36,38
3958,2911,0,0,34,36
3959,2911,0,0,36,38
3960,2911,0,0,34,36
3961,2911,0,0,36,38
3962,3902,0,0,39,39
3963,3902,0,0,38,38
3964,3902,0,0,38,38
3965,2753,0,0,32,34
3966,2753,0,0,35,37
3967,2949,2950,2951,48,48
3968,2952,2953,2954,49,49
3969,3018,0,0,29,31
3970,3018,0,0,29,31
3971,3018,0,0,29,31
3972,3007,0,0,42,42
3973,3007,0,0,42,44
3974,2700,0,0,37,37
3975,2641,0,0,64,64
3976,2639,0,0,63,63
3977,2661,0,0,63,63
3978,2699,0,0,62,62
3979,4007,0,0,40,40
3980,2636,0,0,43,43
3981,4007,0,0,40,40
3982,2636,0,0,43,43
3983,4038,0,0,43,43
3984,4038,0,0,43,43
3985,2691,0,0,41,41
3986,2775,0,0,40,40
3987,2778,0,0,34,34
3988,3021,3024,0,0,0
3989,2775,0,0,33,33
3990,2654,0,0,30,30
3991,2654,0,0,30,30
3992,2655,0,0,34,34
3993,2656,0,0,42,42
3994,2656,0,0,42,42
3995,2732,0,0,46,48
3996,4036,0,0,37,37
3997,4007,0,0,40,40
3998,4007,0,0,40,40
3999,4007,0,0,40,40
4000,4037,0,0,35,35
4001,2665,0,0,42,42
4002,2664,0,0,40,40
4003,2664,0,0,43,43
4004,2665,0,0,41,41
4005,2665,0,0,41,41
4006,2631,0,0,35,35
4007,2631,0,0,35,35
4008,2632,0,0,45,45
4009,2632,0,0,45,45
4010,2632,0,0,42,42
4011,2632,0,0,43,43
4012,2632,0,0,45,45
4013,2635,0,0,36,36
4014,2635,0,0,36,36
4015,2636,0,0,46,46
4016,2794,2788,0,34,36
4017,2794,2788,0,34,36
4018,2681,0,0,47,47
4019,2681,0,0,50,50
4020,2739,0,0,40,40
4021,2739,0,0,35,35
4022,2739,0,0,36,36
4023,2739,0,0,38,40
4024,2739,0,0,35,35
4025,2739,0,0,35,37
4026,2919,0,0,33,33
4027,2919,0,0,35,35
4028,2919,0,0,32,32
4029,2965,0,0,29,29
4030,2965,0,0,29,31
4031,2967,0,0,41,41
4032,2967,0,0,46,46
4033,2938,0,0,42,44
4034,2938,2939,2939,0,0
4035,2938,2939,2939,0,0
4036,2939,0,0,41,41
4037,2698,0,0,41,41
4038,2753,0,0,35,35
4039,2815,0,0,29,31
4040,2815,0,0,29,31
4041,2818,0,0,28,28
4042,2815,0,0,30,30
4043,2816,0,0,31,33
4044,2816,0,0,31,34
4045,2823,0,0,41,44
4046,2823,0,0,41,44
4047,2827,0,0,28,31
4048,2827,0,0,28,31
4049,2862,0,0,71,74
4050,2862,0,0,71,74
4051,2853,0,0,49,51
4052,2958,0,0,39,39
4053,2958,0,0,39,41
4054,2958,0,0,39,41
4055,2647,0,0,41,41
4056,2647,0,0,41,41
4057,2647,0,0,42,42
4058,2647,0,0,42,42
4059,2685,0,0,43,43
4060,2684,0,0,37,37
4061,2694,0,0,37,37
4062,2978,2979,0,0,0
4063,2992,0,0,36,36
4064,2993,0,0,36,36
4065,2994,0,0,42,44
4066,2994,0,0,41,44
4067,2994,0,0,41,44
4068,2995,0,0,41,41
4069,2995,0,0,41,41
4070,2995,0,0,41,41
4071,3006,0,0,35,35
4072,3006,0,0,35,35
4073,2767,0,0,31,31
4074,2767,0,0,31,31
4075,2771,0,0,56,58
4076,2771,0,0,56,58
4077,2700,0,0,39,39
4078,2701,0,0,41,41
4079,2775,0,0,33,33
4080,2776,0,0,42,42
4081,4038,0,0,43,43
4082,2647,0,0,42,42
4083,4007,0,0,38,38
4084,4007,0,0,39,39
4085,3895,0,0,34,34
4086,4007,0,0,33,33
4087,4007,0,0,33,33
4088,3895,0,0,33,33
4089,3895,0,0,33,33
4090,4007,0,0,34,34
4091,2656,0,0,44,44
4092,2656,0,0,44,44
4093,2656,0,0,45,45
4094,2656,0,0,42,42
4095,2733,0,0,53,56
4096,2733,0,0,53,56
4097,4007,0,0,35,35
4098,2722,0,0,45,45
4099,4037,0,0,33,33
4100,4037,0,0,35,35
4101,4037,0,0,33,33
4102,4037,0,0,35,35
4103,4037,0,0,35,35
4104,4037,0,0,33,33
4105,2668,0,0,44,44
4106,2789,0,0,43,45
4107,2789,0,0,42,45
4108,2843,0,0,42,44
4109,2843,0,0,43,45
4110,2843,0,0,41,44
4111,2844,0,0,45,47
4112,2681,0,0,50,50
4113,2742,0,0,41,41
4114,2742,0,0,41,43
4115,2914,0,0,20,20
4116,2914,0,0,20,20
4117,2914,0,0,20,20
4118,3028,0,0,20,20
4119,3028,0,0,20,20
4120,3029,0,0,20,20
4121,3873,0,0,45,45
4122,3873,0,0,46,46
4123,3874,0,0,43,43
4124,3874,0,0,43,43
4125,3874,0,0,43,43
4126,3874,0,0,42,44
4127,2921,0,0,32,32
4128,2821,0,0,21,23
4129,2816,0,0,39,39
4130,2816,0,0,39,39
4131,2819,0,0,40,40
4132,2817,0,0,44,44
4133,2817,0,0,41,41
4134,2820,0,0,42,44
4135,2820,0,0,43,43
4136,2691,0,0,45,45
4137,2694,0,0,40,40
4138,2947,0,0,38,38
4139,2947,0,0,38,40
4140,2947,0,0,38,40
4141,2948,0,0,41,41
4142,2948,0,0,42,42
4143,2948,0,0,41,43
4144,2948,0,0,41,43
4145,2948,0,0,43,43
4146,3015,3016,3017,17,19
4147,2885,0,0,43,45
4148,2885,0,0,45,47
4149,2885,0,0,48,48
4150,2963,0,0,41,43
4151,2963,0,0,41,43
4152,3005,0,0,11,16
4153,2768,0,0,40,40
4154,2770,0,0,41,41
4155,2769,0,0,41,41
4156,2769,0,0,43,43
4157,2782,0,0,41,41
4158,2782,0,0,44,44
4159,2782,0,0,43,43
4160,2634,0,0,19,19
4161,2794,2788,0,34,34
4162,2794,2788,0,34,34
4163,2799,0,0,22,24
4164,2799,0,0,22,25
4165,2841,0,0,22,24
4166,2841,0,0,25,27
4167,2841,0,0,22,24
4168,2841,0,0,24,26
4169,2842,0,0,31,31
4170,2842,0,0,31,33
4171,2682,0,0,55,55
4172,2888,0,0,35,37
4173,2888,0,0,37,39
4174,2888,0,0,34,34
4175,2888,0,0,35,35
4176,2888,0,0,37,37
4177,2965,0,0,21,21
4178,2930,2931,0,25,27
4179,2930,2931,2931,27,29
4180,2930,2931,0,26,29
4181,2816,0,0,35,35
4182,2827,0,0,29,31
4183,2827,0,0,21,23
4184,2827,0,0,24,26
4185,2827,0,0,28,30
4186,2827,0,0,29,31
4187,2827,0,0,21,24
4188,2827,0,0,29,31
4189,2827,0,0,23,26
4190,2827,0,0,23,26
4191,2827,0,0,29,31
4192,2862,0,0,59,59
4193,2853,0,0,41,43
4194,2957,0,0,22,22
4195,2957,0,0,22,25
4196,2957,0,0,21,21
4197,2957,0,0,23,23
4198,2957,0,0,27,27
4199,2957,0,0,21,21
4200,2957,0,0,22,25
4201,2957,0,0,25,28
4202,3013,0,0,19,19
4203,3014,0,0,19,19
4204,3015,0,0,17,17
4205,3016,0,0,16,16
4206,3018,0,0,25,27
4207,2992,0,0,33,35
4208,2992,0,0,31,33
4209,2993,0,0,32,32
4210,2993,0,0,33,33
4211,2993,0,0,31,31
4212,2700,0,0,34,34
4213,2700,0,0,34,34
4214,2774,0,0,30,30
4215,2774,0,0,28,28
4216,2775,0,0,35,35
4217,2789,0,0,47,49
4218,2843,0,0,43,43
4219,2843,0,0,42,44
4220,2843,0,0,41,41
4221,2843,0,0,43,43
4222,2760,0,0,25,27
4223,2817,0,0,43,43
4224,2817,0,0,43,43
4225,2817,0,0,45,47
4226,2817,0,0,42,42
4227,2859,0,0,48,50
4228,2859,0,0,48,48
4229,3018,0,0,25,28
4230,3018,0,0,25,28
4231,3018,0,0,25,28
4232,3018,0,0,25,28
4233,2770,0,0,43,45
4234,2770,0,0,43,43
4235,2654,0,0,30,30
4236,2654,0,0,30,30
4237,2743,3996,0,10,10
4238,2743,3996,0,9,11
4239,2748,4021,0,7,9
4240,2748,4021,0,9,11
4241,2744,3997,0,11,13
4242,2744,3997,0,13,15
4243,2839,0,0,16,18
4244,2837,0,0,10,10
4245,2839,0,0,13,15
4246,2839,0,0,15,17
4247,2840,0,0,11,13
4248,2840,0,0,13,16
4249,2840,0,0,16,19
4250,2838,0,0,9,11
4251,2840,0,0,11,13
4252,2840,0,0,12,16
4253,2914,0,0,19,21
4254,2914,0,0,19,21
4255,2914,0,0,20,20
4256,2825,0,0,9,9
4257,2825,0,0,8,10
4258,2826,0,0,11,11
4259,2826,0,0,11,13
4260,2826,0,0,12,14
4261,2987,0,0,9,9
4262,2987,0,0,10,10
4263,2988,0,0,16,19
4264,2989,0,0,17,17
4265,2698,0,0,50,50
4266,2698,0,0,50,50
4267,2698,0,0,50,50
4268,2698,0,0,50,50
4269,2698,0,0,50,50
4270,2698,0,0,50,50
4271,2650,0,0,51,51
4272,2651,0,0,51,51
4273,2682,0,0,92,92
4274,2649,0,0,51,51
4275,2649,0,0,53,53
4276,2649,0,0,51,51
4277,2649,0,0,52,52
4278,2652,0,0,53,53
4279,2652,0,0,54,54
4280,2732,0,0,43,43
4281,2732,0,0,43,43
4282,4008,0,0,52,52
4283,4008,0,0,52,52
4284,2663,0,0,57,57
4285,2665,0,0,50,50
4286,2668,0,0,45,45
4287,2661,0,0,51,51
4288,2632,0,0,43,43
4289,2682,0,0,53,53
4290,2849,0,0,42,45
4291,2906,0,0,52,54
4292,2758,0,0,46,46
4293,2762,0,0,45,45
4294,2762,0,0,44,46
4295,2812,0,0,45,45
4296,2812,0,0,44,46
4297,2853,0,0,47,49
4298,2853,0,0,49,49
4299,2647,0,0,43,43
4300,2885,0,0,50,50
4301,2886,0,0,52,52
4302,2886,0,0,55,55
4303,2886,0,0,57,57
4304,2992,0,0,38,38
4305,2993,0,0,38,38
4306,2963,0,0,43,45
4307,2963,0,0,43,45
4308,3007,0,0,44,44
4309,3007,0,0,46,46
4310,3007,0,0,47,47
4311,3007,0,0,45,47
4312,3007,0,0,43,45
4313,3007,0,0,47,49
4314,2782,0,0,42,42
4315,2782,0,0,47,47
4316,2782,0,0,48,48
4317,2782,0,0,49,49
4318,2782,0,0,50,50
4319,2932,0,0,24,24
4320,2898,0,0,41,41
4321,2901,0,0,39,39
4322,2902,0,0,39,39
4323,2656,0,0,44,44
4324,2656,0,0,42,42
4325,2656,0,0,44,44
4326,2732,0,0,41,41
4327,2732,0,0,42,42
4328,2732,0,0,41,41
4329,2788,0,0,38,40
4330,2800,0,0,36,38
4331,2800,0,0,36,39
4332,2789,0,0,41,41
4333,2799,0,0,22,24
4334,2799,0,0,22,25
4335,2794,0,0,39,39
4336,2681,0,0,50,50
4337,2737,0,0,25,25
4338,2737,0,0,25,27
4339,2737,0,0,25,27
4340,2897,0,0,38,38
4341,2897,0,0,39,39
4342,2897,0,0,40,40
4343,2897,0,0,39,39
4344,2897,0,0,40,40
4345,2897,0,0,38,38
4346,2897,0,0,39,39
4347,2897,0,0,38,38
4348,2897,0,0,39,39
4349,2897,0,0,40,40
4350,2897,0,0,38,38
4351,2897,0,0,39,39
4352,2898,0,0,41,41
4353,2900,0,0,37,37
4354,2900,0,0,37,37
4355,2900,0,0,36,36
4356,2900,0,0,37,37
4357,2900,0,0,36,36
4358,2900,0,0,37,37
4359,2900,0,0,37,37
4360,2900,0,0,36,36
4361,2900,0,0,37,37
4362,2932,2933,2933,0,0
4363,2932,2933,2933,0,0
4364,2933,0,0,22,22
4365,2932,2933,2933,0,0
4366,2816,0,0,39,41
4367,2816,0,0,40,40
4368,2819,0,0,39,41
4369,2819,0,0,40,40
4370,2853,0,0,43,45
4371,2957,0,0,30,30
4372,2957,0,0,30,30
4373,2957,0,0,30,30
4374,2957,0,0,30,30
4375,2645,0,0,39,39
4376,2647,0,0,41,41
4377,2691,0,0,43,43
4378,3018,0,0,25,25
4379,3018,0,0,25,25
4380,3018,0,0,25,25
4381,3021,3024,0,0,0
4382,2884,0,0,40,40
4383,2990,0,0,23,25
4384,2991,0,0,24,24
4385,2991,0,0,23,25
4386,2700,0,0,40,40
4387,2775,0,0,38,38
4388,2775,0,0,37,37
4389,2794,2788,0,37,39
4390,2808,0,0,34,34
4391,4085,0,0,0,0
4392,4165,0,0,0,0
4393,4105,0,0,0,0
4394,4102,0,0,0,0
4395,4108,0,0,0,0
4396,2882,0,0,0,0
4397,4165,0,0,25,25
4398,0,0,0,0,0
4399,0,0,0,0,0
4400,0,0,0,0,0
4401,0,0,0,0,0
4402,0,0,0,0,0
4403,0,0,0,0,0
4404,0,0,0,0,0
4405,0,0,0,0,0
4406,0,0,0,0,0
4407,0,0,0,0,0
4408,0,0,0,0,0
4409,0,0,0,0,0
4410,0,0,0,0,0
4411,0,0,0,0,0
4412,0,0,0,0,0
4413,0,0,0,0,0
4414,0,0,0,0,0
4415,0,0,0,0,0
4416,0,0,0,0,0
4417,0,0,0,0,0
4418,0,0,0,0,0
4419,0,0,0,0,0
4420,0,0,0,0,0
4421,0,0,0,0,0
4422,0,0,0,0,0
4423,0,0,0,0,0
4424,0,0,0,0,0
4425,0,0,0,0,0
4426,0,0,0,0,0
4427,0,0,0,0,0
4428,0,0,0,0,0
4429,0,0,0,0,0
4430,0,0,0,0,0
4431,0,0,0,0,0
4432,0,0,0,0,0
4433,0,0,0,0,0
4434,0,0,0,0,0
4435,0,0,0,0,0
4436,0,0,0,0,0
4437,0,0,0,0,0
4438,0,0,0,0,0
4439,0,0,0,0,0
4440,0,0,0,0,0
4441,0,0,0,0,0
4442,0,0,0,0,0
4443,849,0,0,0,0
4444,850,0,0,0,0
4445,856,0,0,0,0
4446,857,0,0,0,0
4447,858,0,0,0,0
4448,882,0,0,0,0
4449,881,0,0,0,0
4450,966,0,0,0,0
4451,967,0,0,0,0
4452,967,0,0,0,0
4453,968,0,0,0,0
4454,1052,0,0,0,0
4455,1051,0,0,0,0
4456,1053,0,0,0,0
4457,1053,0,0,0,0
4458,1054,0,0,0,0
4459,1064,0,0,0,0
4460,1063,0,0,0,0
4461,1065,0,0,0,0
4462,1066,0,0,0,0
4463,1104,0,0,0,0
4464,1105,0,0,0,0
4465,1106,0,0,0,0
4466,1107,0,0,0,0
4467,1108,0,0,0,0
4468,1109,0,0,0,0
4469,1110,0,0,0,0
4470,1111,0,0,0,0
4471,1112,0,0,0,0
4472,1113,0,0,0,0
4473,1114,0,0,0,0
4474,1115,0,0,0,0
4475,1116,0,0,0,0
4476,1117,0,0,0,0
4477,1118,0,0,0,0
4478,1119,0,0,0,0
4479,1120,0,0,0,0
4480,1121,0,0,0,0
4481,1122,0,0,0,0
4482,1123,0,0,0,0
4483,1579,0,0,0,0
4484,1581,0,0,0,0
4485,1580,0,0,0,0
4486,1582,0,0,0,0
4487,1583,0,0,0,0
4488,1587,0,0,0,0
4489,1584,0,0,0,0
4490,1585,0,0,0,0
4491,1588,0,0,0,0
4492,1588,0,0,0,0
4493,1586,0,0,0,0
4494,1589,0,0,0,0
4495,1590,0,0,0,0
4496,1592,0,0,0,0
4497,879,0,0,0,0
4498,1591,0,0,0,0
4499,1593,0,0,0,0
4500,1594,0,0,0,0
4501,884,0,0,0,0
4502,885,0,0,0,0
4503,1595,0,0,0,0
4504,1596,0,0,0,0
4505,1597,0,0,0,0
4506,1599,0,0,0,0
4507,1596,0,0,0,0
4508,1598,0,0,0,0
4509,1600,0,0,0,0
4510,1601,0,0,0,0
4511,1602,0,0,0,0
4512,1603,0,0,0,0
4513,1604,0,0,0,0
4514,1605,0,0,0,0
4515,1606,0,0,0,0
4516,1607,0,0,0,0
4517,1608,0,0,0,0
4518,1608,0,0,0,0
4519,1609,0,0,0,0
4520,1610,0,0,0,0
4521,1611,0,0,0,0
4522,1612,0,0,0,0
4523,1613,0,0,0,0
4524,1614,0,0,0,0
4525,1615,0,0,0,0
4526,1616,0,0,0,0
4527,1617,0,0,0,0
4528,1618,0,0,0,0
4529,1619,0,0,0,0
4530,1620,0,0,0,0
4531,1621,0,0,0,0
4532,1622,0,0,0,0
4533,1623,0,0,0,0
4534,1623,0,0,0,0
4535,1624,0,0,0,0
4536,1625,0,0,0,0
4537,1626,0,0,0,0
4538,1627,0,0,0,0
4539,1628,0,0,0,0
4540,1629,0,0,0,0
4541,1630,0,0,0,0
4542,1631,0,0,0,0
4543,1632,0,0,0,0
4544,1633,0,0,0,0
4545,1634,0,0,0,0
4546,1637,0,0,0,0
4547,1635,0,0,0,0
4548,1636,0,0,0,0
4549,1638,0,0,0,0
4550,1639,0,0,0,0
4551,1640,0,0,0,0
4552,1641,0,0,0,0
4553,1642,0,0,0,0
4554,1643,0,0,0,0
4555,1644,0,0,0,0
4556,1645,0,0,0,0
4557,1646,1647,1648,0,0
4558,1649,0,0,0,0
4559,1651,1650,1650,0,0
4560,1652,0,0,0,0
4561,1653,1654,1655,0,0
4562,1656,0,0,0,0
4563,1657,0,0,0,0
4564,1658,0,0,0,0
4565,1659,0,0,0,0
4566,1660,0,0,0,0
4567,1661,0,0,0,0
4568,1662,0,0,0,0
4569,1663,0,0,0,0
4570,1664,0,0,0,0
4571,1665,0,0,0,0
4572,1666,0,0,0,0
4573,1667,0,0,0,0
4574,1668,0,0,0,0
4575,1669,0,0,0,0
4576,1671,0,0,0,0
4577,1670,0,0,0,0
4578,1672,0,0,0,0
4579,908,0,0,0,0
4580,1673,0,0,0,0
4581,1693,0,0,0,0
4582,1694,0,0,0,0
4583,1129,0,0,0,0
4584,1125,0,0,0,0
4585,1126,0,0,0,0
4586,460,0,0,0,0
4587,461,0,0,0,0
4588,469,0,0,48,48
4589,470,0,0,0,0
4590,471,0,0,0,0
4591,462,0,0,0,0
4592,463,0,0,0,0
4593,464,0,0,0,0
4594,465,0,0,0,0
4595,466,0,0,0,0
4596,467,0,0,0,0
4597,468,0,0,0,0
4598,472,0,0,0,0
4599,473,0,0,0,0
4600,474,0,0,0,0
4601,475,0,0,0,0
4602,4093,0,0,0,0
4603,4094,0,0,0,0
4604,4095,0,0,0,0
4605,4096,0,0,0,0
4606,4097,0,0,0,0
4607,4098,0,0,0,0
4608,4099,0,0,0,0
4609,4114,0,0,52,52
4610,4117,0,0,53,53
4611,4119,0,0,57,57
4612,4121,0,0,56,56
4613,4123,0,0,55,55
4614,4125,0,0,54,54
4615,4127,0,0,56,56
4616,4129,0,0,59,59
4617,4131,0,0,58,58
4618,4133,0,0,58,58
4619,4135,0,0,57,57
4620,4137,0,0,55,55
4621,4139,0,0,52,52
4622,4141,0,0,53,53
4623,4143,0,0,54,54
4624,4109,0,0,50,51
4625,4109,0,0,50,51
4626,4109,0,0,50,51
4627,4110,0,0,50,51
4628,4111,0,0,50,51
4629,4112,0,0,50,51
4630,4109,0,0,56,57
4631,4109,0,0,56,57
4632,4115,0,0,51,52
4633,4115,0,0,51,52
4634,4115,0,0,52,53
4635,4118,0,0,52,53
4636,4118,0,0,52,53
4637,4118,0,0,56,57
4638,4118,0,0,55,56
4639,4118,0,0,55,56
4640,4144,0,0,55,55
4641,4145,0,0,55,55
4642,4146,0,0,55,55
4643,4118,0,0,0,0
4644,4118,0,0,0,0
4645,4118,0,0,0,0
4646,4118,0,0,0,0
4647,4118,0,0,0,0
4648,4120,0,0,52,53
4649,4120,0,0,52,53
4650,4120,0,0,55,56
4651,4120,0,0,55,56
4652,4120,0,0,55,56
4653,4120,0,0,55,56
4654,4120,0,0,56,57
4655,4122,0,0,52,53
4656,4122,0,0,52,53
4657,4122,0,0,52,53
4658,4122,0,0,51,52
4659,4122,0,0,51,52
4660,4122,0,0,51,52
4661,4122,0,0,53,54
4662,4122,0,0,53,54
4663,4122,0,0,53,54
4664,4122,0,0,55,56
4665,4122,0,0,55,56
4666,4122,0,0,52,53
4667,4122,0,0,52,53
4668,4122,0,0,54,55
4669,4124,0,0,52,53
4670,4124,0,0,52,53
4671,4124,0,0,54,55
4672,4124,0,0,54,55
4673,4124,0,0,54,55
4674,4124,0,0,54,55
4675,4124,0,0,0,0
4676,4124,0,0,0,0
4677,4124,0,0,0,0
4678,4124,0,0,0,0
4679,4124,0,0,0,0
4680,4124,0,0,0,0
4681,4126,0,0,57,58
4682,4126,0,0,57,58
4683,4126,0,0,0,0
4684,4126,0,0,0,0
4685,4126,0,0,0,0
4686,4126,0,0,0,0
4687,4126,0,0,0,0
4688,4126,0,0,0,0
4689,4147,0,0,55,55
4690,4128,0,0,55,56
4691,4128,0,0,56,57
4692,4130,0,0,53,54
4693,4130,0,0,53,54
4694,4130,0,0,53,54
4695,4130,0,0,53,54
4696,4130,0,0,52,53
4697,4130,0,0,52,53
4698,4130,0,0,52,53
4699,4130,0,0,52,53
4700,4130,0,0,57,58
4701,4130,0,0,57,58
4702,4130,0,0,57,58
4703,4130,0,0,57,58
4704,4132,0,0,53,54
4705,4132,0,0,53,54
4706,4132,0,0,56,57
4707,4132,0,0,57,58
4708,4134,0,0,53,54
4709,4134,0,0,55,56
4710,4134,0,0,55,56
4711,4136,0,0,53,54
4712,4136,0,0,53,54
4713,4136,0,0,56,57
4714,4136,0,0,56,57
4715,4136,0,0,56,57
4716,4136,0,0,56,57
4717,4136,0,0,56,57
4718,4138,0,0,50,51
4719,4138,0,0,50,51
4720,4138,0,0,50,51
4721,4138,0,0,50,51
4722,4138,0,0,50,51
4723,4138,0,0,50,51
4724,4138,0,0,50,51
4725,4138,0,0,50,51
4726,4138,0,0,50,51
4727,4138,0,0,54,55
4728,4138,0,0,54,55
4729,4140,0,0,52,53
4730,4140,0,0,52,53
4731,4140,0,0,52,53
4732,4142,0,0,52,53
4733,4142,0,0,52,53
4734,4138,0,0,50,51
4735,4109,0,0,50,51
4736,4115,0,0,51,52
4737,4124,0,0,54,54
4738,4124,0,0,54,54
4739,4100,0,0,0,0
4740,382,0,0,0,0
4741,384,0,0,0,0
4742,402,408,0,0,0
4743,405,411,0,0,0
4744,408,0,0,0,0
4745,411,0,0,0,0
4746,397,0,0,0,0
4747,389,0,0,0,0
4748,392,0,0,0,0
4749,0,0,0,0,0
4750,420,0,0,0,0
4751,421,0,0,0,0
4752,418,0,0,23,23
4753,418,0,0,23,23
4754,419,0,0,24,24
4755,415,0,0,28,28
4756,385,0,0,28,28
4757,415,0,0,28,28
4758,415,0,0,28,28
4759,415,0,0,28,28
4760,415,0,0,28,28
4761,415,0,0,28,28
4762,413,0,0,25,25
4763,413,0,0,25,25
4764,413,0,0,25,25
4765,413,0,0,25,25
4766,413,0,0,25,25
4767,383,0,0,26,26
4768,415,0,0,28,28
4769,383,0,0,26,26
4770,401,0,0,29,29
4771,401,0,0,29,29
4772,401,0,0,29,29
4773,401,0,0,29,29
4774,390,0,0,40,40
4775,415,0,0,28,28
4776,416,0,0,28,28
4777,415,0,0,28,28
4778,416,0,0,28,28
4779,416,0,0,28,28
4780,415,0,0,28,28
4781,415,0,0,28,28
4782,415,0,0,28,28
4783,417,0,0,30,30
4784,413,0,0,25,25
4785,413,0,0,25,25
4786,413,0,0,25,25
4787,413,0,0,25,25
4788,413,0,0,25,25
4789,413,0,0,25,25
4790,403,0,0,30,30
4791,404,0,0,30,30
4792,404,0,0,30,30
4793,404,0,0,30,30
4794,403,0,0,30,30
4795,403,0,0,30,30
4796,406,0,0,30,30
4797,406,0,0,30,30
4798,406,0,0,30,30
4799,406,0,0,30,30
4800,406,0,0,30,30
4801,409,0,0,30,30
4802,409,0,0,30,30
4803,412,0,0,30,30
4804,412,0,0,30,30
4805,383,0,0,26,26
4806,383,0,0,26,26
4807,383,0,0,26,26
4808,383,0,0,26,26
4809,383,0,0,26,26
4810,2674,0,0,81,81
4811,385,0,0,28,28
4812,385,0,0,28,28
4813,385,0,0,28,28
4814,385,0,0,28,28
4815,398,0,0,27,27
4816,398,0,0,27,27
4817,398,0,0,27,27
4818,398,0,0,27,27
4819,4087,0,0,0,0
4820,4088,0,0,0,0
4821,4089,0,0,0,0
4822,4090,0,0,0,0
4823,4091,0,0,0,0
4824,4092,0,0,0,0
4825,4103,0,0,0,0
4826,4103,0,0,0,0
4827,4103,0,0,0,0
4828,4103,0,0,0,0
